
🔌 Received SIGINT. Shutting down gracefully...
✅ HTTP Server closed
✅ MongoDB connection closed
[dotenv@17.2.3] injecting env (4) from .env -- tip: 🔐 prevent building .env in docker: https://dotenvx.com/prebuild
📋 Loading bookings routes...
  ✓ Registered: POST /multi-day
  ✓ Registered: POST /
📦 Routes loaded:
  - adminRoutes: OK (10 routes)
  - authRoutes: OK
  - bookingRoutes: OK

🔌 Registering routes...
  ✓ Registering /api/admin/stats...
  ✓ Registering /api/admin...
✅ All routes registered


╔═══════════════════════════════════════╗
║  🚀 Server Started Successfully!      ║
╠═══════════════════════════════════════╣
║  Port: 5000                           ║
║  Host: 0.0.0.0 (Public Access)        ║
║  Time: 4/27/2026, 12:53:07 PM     ║
║  JSON Limit: 10MB (Images Supported)  ║
╚═══════════════════════════════════════╝
  
✅ MongoDB Connected Successfully
[1:00:22 PM] 📝 GET /api/health
[1:00:33 PM] 📝 HEAD /api/auth/login
[1:01:59 PM] 📝 POST /api/auth/login
✅ Validation passed for: /login
[1:02:08 PM] 📝 POST /api/auth/login
✅ Validation passed for: /login

🔌 Received SIGINT. Shutting down gracefully...
✅ HTTP Server closed
✅ MongoDB connection closed
[dotenv@17.2.3] injecting env (4) from .env -- tip: 🔑 add access controls to secrets: https://dotenvx.com/ops
📋 Loading bookings routes...
  ✓ Registered: POST /multi-day
  ✓ Registered: POST /
📦 Routes loaded:
  - adminRoutes: OK (10 routes)
  - authRoutes: OK
  - bookingRoutes: OK

🔌 Registering routes...
  ✓ Registering /api/admin/stats...
  ✓ Registering /api/admin...
✅ All routes registered


╔═══════════════════════════════════════╗
║  🚀 Server Started Successfully!      ║
╠═══════════════════════════════════════╣
║  Port: 5000                           ║
║  Host: 0.0.0.0 (Public Access)        ║
║  Time: 4/27/2026, 1:03:42 PM     ║
║  JSON Limit: 10MB (Images Supported)  ║
╚═══════════════════════════════════════╝
  
✅ MongoDB Connected Successfully
[1:04:25 PM] 📝 POST /api/auth/login
✅ Validation passed for: /login
[1:07:22 PM] 📝 POST /api/auth/login
✅ Validation passed for: /login
[1:07:35 PM] 📝 GET /api/health
[1:08:46 PM] 📝 POST /api/auth/register
✅ Validation passed for: /register
[1:08:56 PM] 📝 POST /api/auth/login
✅ Validation passed for: /login
[1:09:44 PM] 📝 POST /api/auth/login
✅ Validation passed for: /login
[1:09:54 PM] 📝 POST /api/auth/login
✅ Validation passed for: /login
[1:10:02 PM] 📝 POST /api/auth/login
✅ Validation passed for: /login
[1:10:06 PM] 📝 POST /api/auth/login
✅ Validation passed for: /login
[1:10:06 PM] 📝 GET /api/rooms
[1:42:38 PM] 📝 GET /api/rooms/69490a065e1a04f70b859ca9
✅ Validation passed for: /69490a065e1a04f70b859ca9
[1:42:38 PM] 📝 GET /api/bookings
   Query: [Object: null prototype] { roomId: '69490a065e1a04f70b859ca9' }
🔍 [DEBUG] Bookings route: GET /
[1:42:40 PM] 📝 GET /api/rooms
[1:42:43 PM] 📝 GET /api/rooms
[1:42:47 PM] 📝 GET /api/bookings/my-bookings
🔍 [DEBUG] Bookings route: GET /my-bookings
[1:42:50 PM] 📝 GET /api/bookings
🔍 [DEBUG] Bookings route: GET /
[1:42:54 PM] 📝 GET /api/admin/dashboard/statistics
[1:42:56 PM] 📝 GET /api/admin/stats/department-usage
[1:42:56 PM] 📝 GET /api/admin/stats/popular-rooms
[1:42:56 PM] 📝 GET /api/admin/stats/monthly-stats
[1:42:56 PM] 📝 GET /api/admin/stats/bookings-trend
   Query: [Object: null prototype] { days: '7' }
[1:42:57 PM] 📝 GET /api/rooms
[1:43:00 PM] 📝 GET /api/admin/bookings
[1:43:22 PM] 📝 GET /api/admin/users
[1:43:42 PM] 📝 GET /api/rooms
[1:43:47 PM] 📝 GET /api/bookings
🔍 [DEBUG] Bookings route: GET /
[1:43:55 PM] 📝 GET /api/rooms
[1:39:08 AM] 📝 POST /api/auth/login
✅ Validation passed for: /login
[1:39:08 AM] 📝 GET /api/rooms
[1:39:19 AM] 📝 GET /api/auth/me
[1:39:19 AM] 📝 GET /api/bookings
🔍 [DEBUG] Bookings route: GET /
[1:39:27 AM] 📝 POST /api/auth/login
✅ Validation passed for: /login
[1:39:49 AM] 📝 POST /api/auth/login
✅ Validation passed for: /login
[1:39:49 AM] 📝 GET /api/rooms
[1:39:58 AM] 📝 GET /api/bookings
🔍 [DEBUG] Bookings route: GET /
[1:40:32 AM] 📝 GET /api/bookings/my-bookings
🔍 [DEBUG] Bookings route: GET /my-bookings
[1:40:34 AM] 📝 GET /api/admin/dashboard/statistics
[1:40:37 AM] 📝 GET /api/rooms
[1:40:38 AM] 📝 GET /api/admin/bookings
[1:41:22 AM] 📝 GET /api/admin/users
[1:41:53 AM] 📝 GET /api/rooms
[3:04:08 AM] 📝 GET /api/bookings/my-bookings
🔍 [DEBUG] Bookings route: GET /my-bookings
[3:04:13 AM] 📝 GET /api/rooms
[3:04:42 AM] 📝 GET /api/bookings
   Query: [Object: null prototype] {
  roomId: '696f36019adeec8a6063cb8c',
  date: '2026-04-29'
}
🔍 [DEBUG] Bookings route: GET /
[3:08:14 AM] 📝 POST /api/bookings
🔍 [DEBUG] Bookings route: POST /
✅ Validation passed for: /
📥 Received booking data: {
  roomId: '696f36019adeec8a6063cb8c',
  fullName: 'สุรพล ยิ้มยัง',
  department: 'กองยุทธศาสตร์ฯ',
  startDate: undefined,
  endDate: undefined,
  bookingDate: '2026-04-29',
  startTime: '08:30',
  endTime: '12:00',
  purpose: 'ชี้แจงนโยบายและแนวทางการจัดการศึกษาระหว่างผู้บริหารและคณะครูโรงเรียนในสังกัดเทศบาลนครนครสวรรค์ (ไม่ได้จองในระบบ)',
  hasImage: false
}
[3:08:15 AM] 📝 GET /api/bookings/my-bookings
🔍 [DEBUG] Bookings route: GET /my-bookings
[3:08:25 AM] 📝 GET /api/bookings/69f0249e731479cbb464a404
🔍 [DEBUG] Bookings route: GET /69f0249e731479cbb464a404
[3:08:25 AM] 📝 GET /api/rooms
[3:08:25 AM] 📝 GET /api/bookings
   Query: [Object: null prototype] {
  roomId: '696f36019adeec8a6063cb8c',
  date: '2026-04-29'
}
🔍 [DEBUG] Bookings route: GET /
[3:08:53 AM] 📝 PUT /api/bookings/69f0249e731479cbb464a404
🔍 [DEBUG] Bookings route: PUT /69f0249e731479cbb464a404
[3:08:55 AM] 📝 GET /api/bookings/my-bookings
🔍 [DEBUG] Bookings route: GET /my-bookings
[3:08:56 AM] 📝 GET /api/rooms
[3:08:59 AM] 📝 GET /api/admin/dashboard/statistics
[3:09:10 AM] 📝 GET /api/rooms
[8:00:41 AM] 📝 GET /api/auth/me
[8:01:50 AM] 📝 GET /api/auth/me
[1:21:27 AM] 📝 GET /api/auth/me
[1:21:27 AM] 📝 GET /api/rooms
[1:32:15 AM] 📝 GET /api/
[1:36:59 AM] 📝 POST /api/auth/login
✅ Validation passed for: /login
[1:36:59 AM] 📝 GET /api/rooms
[1:37:05 AM] 📝 GET /api/rooms/696f36019adeec8a6063cb8c
✅ Validation passed for: /696f36019adeec8a6063cb8c
[1:37:05 AM] 📝 GET /api/bookings
   Query: [Object: null prototype] { roomId: '696f36019adeec8a6063cb8c' }
🔍 [DEBUG] Bookings route: GET /
[1:37:27 AM] 📝 GET /api/bookings/my-bookings
🔍 [DEBUG] Bookings route: GET /my-bookings
[5:44:54 AM] 📝 GET /api/auth/me
[7:33:43 AM] 📝 POST /api/auth/login
✅ Validation passed for: /login
[7:33:43 AM] 📝 GET /api/rooms
[7:34:57 AM] 📝 POST /api/auth/login
✅ Validation passed for: /login
[7:34:57 AM] 📝 GET /api/rooms
[7:35:00 AM] 📝 GET /api/bookings
🔍 [DEBUG] Bookings route: GET /
[7:35:05 AM] 📝 GET /api/bookings/my-bookings
🔍 [DEBUG] Bookings route: GET /my-bookings
[7:35:11 AM] 📝 GET /api/rooms
[7:35:43 AM] 📝 GET /api/bookings
   Query: [Object: null prototype] {
  roomId: '69609bbbaa301e5a9d0e57c0',
  date: '2026-05-09'
}
🔍 [DEBUG] Bookings route: GET /
[7:35:43 AM] 📝 GET /api/bookings
   Query: [Object: null prototype] {
  roomId: '69609bbbaa301e5a9d0e57c0',
  date: '2026-05-10'
}
🔍 [DEBUG] Bookings route: GET /
[7:36:07 AM] 📝 POST /api/bookings/multi-day
🔍 [DEBUG] Bookings route: POST /multi-day
❌ Validation errors: [
  {
    type: 'field',
    value: '16:30',
    msg: 'เวลาสิ้นสุดต้องมากกว่าเวลาเริ่มต้น',
    path: 'endTime',
    location: 'body'
  }
]
📦 Request body: {
  roomId: '69609bbbaa301e5a9d0e57c0',
  fullName: 'สุรพล ยิ้มยัง',
  department: 'กองยุทธศาสตร์ฯ',
  startDate: '2026-05-09',
  endDate: '2026-05-10',
  startTime: '8:30',
  endTime: '16:30',
  purpose: 'ผอ.ร.ร. ท.8'
}
[7:36:16 AM] 📝 POST /api/bookings/multi-day
🔍 [DEBUG] Bookings route: POST /multi-day
❌ Validation errors: [
  {
    type: 'field',
    value: '16:30',
    msg: 'เวลาสิ้นสุดต้องมากกว่าเวลาเริ่มต้น',
    path: 'endTime',
    location: 'body'
  }
]
📦 Request body: {
  roomId: '69609bbbaa301e5a9d0e57c0',
  fullName: 'สุรพล ยิ้มยัง',
  department: 'กองยุทธศาสตร์ฯ',
  startDate: '2026-05-09',
  endDate: '2026-05-10',
  startTime: '8:30',
  endTime: '16:30',
  purpose: 'ผอ.ร.ร. ท.8'
}
[7:36:57 AM] 📝 GET /api/bookings/my-bookings
🔍 [DEBUG] Bookings route: GET /my-bookings
[7:36:59 AM] 📝 GET /api/rooms
[7:37:11 AM] 📝 GET /api/bookings
   Query: [Object: null prototype] {
  roomId: '69609bbbaa301e5a9d0e57c0',
  date: '2026-05-09'
}
🔍 [DEBUG] Bookings route: GET /
[7:37:54 AM] 📝 POST /api/bookings
🔍 [DEBUG] Bookings route: POST /
❌ Validation errors: [
  {
    type: 'field',
    value: '16:30',
    msg: 'เวลาสิ้นสุดต้องมากกว่าเวลาเริ่มต้น',
    path: 'endTime',
    location: 'body'
  }
]
📦 Request body: {
  roomId: '69609bbbaa301e5a9d0e57c0',
  fullName: 'สุรพล ยิ้มยัง',
  department: 'กองยุทธศาสตร์ฯ',
  bookingDate: '2026-05-09',
  startTime: '8:30',
  endTime: '16:30',
  purpose: 'ผอ.ร.ร.ท.8'
}
[7:38:42 AM] 📝 POST /api/bookings
🔍 [DEBUG] Bookings route: POST /
❌ Validation errors: [
  {
    type: 'field',
    value: '16:30',
    msg: 'เวลาสิ้นสุดต้องมากกว่าเวลาเริ่มต้น',
    path: 'endTime',
    location: 'body'
  }
]
📦 Request body: {
  roomId: '69609bbbaa301e5a9d0e57c0',
  fullName: 'สุรพล ยิ้มยัง',
  department: 'กองยุทธศาสตร์ฯ',
  bookingDate: '2026-05-09',
  startTime: '8:30',
  endTime: '16:30',
  purpose: 'ผอ.ร.ร.ท.8'
}
[7:39:24 AM] 📝 POST /api/bookings
🔍 [DEBUG] Bookings route: POST /
❌ Validation errors: [
  {
    type: 'field',
    value: '16:30',
    msg: 'เวลาสิ้นสุดต้องมากกว่าเวลาเริ่มต้น',
    path: 'endTime',
    location: 'body'
  }
]
📦 Request body: {
  roomId: '69609bbbaa301e5a9d0e57c0',
  fullName: 'สุรพล ยิ้มยัง',
  department: 'กองยุทธศาสตร์ฯ',
  bookingDate: '2026-05-09',
  startTime: '8:30',
  endTime: '16:30',
  purpose: 'ผอ.ร.ร.ท.8'
}
[7:39:44 AM] 📝 GET /api/bookings
🔍 [DEBUG] Bookings route: GET /
[7:39:45 AM] 📝 GET /api/bookings/my-bookings
🔍 [DEBUG] Bookings route: GET /my-bookings
[7:39:47 AM] 📝 GET /api/rooms
[7:40:07 AM] 📝 GET /api/bookings
   Query: [Object: null prototype] {
  roomId: '69490a065e1a04f70b859ca9',
  date: '2026-04-30'
}
🔍 [DEBUG] Bookings route: GET /
[7:40:36 AM] 📝 POST /api/bookings
🔍 [DEBUG] Bookings route: POST /
✅ Validation passed for: /
📥 Received booking data: {
  roomId: '69490a065e1a04f70b859ca9',
  fullName: 'สุรพล ยิ้มยัง',
  department: 'กองยุทธศาสตร์ฯ',
  startDate: undefined,
  endDate: undefined,
  bookingDate: '2026-04-30',
  startTime: '13:00',
  endTime: '16:00',
  purpose: 'ประชุมเพื่อหาแนวทางช่วยเหลือผู้ประสบอัคคีภัย',
  hasImage: false
}
[7:40:38 AM] 📝 GET /api/bookings/my-bookings
🔍 [DEBUG] Bookings route: GET /my-bookings
[7:40:57 AM] 📝 GET /api/rooms
[7:41:55 AM] 📝 GET /api/bookings
   Query: [Object: null prototype] {
  roomId: '69609bbbaa301e5a9d0e57c0',
  date: '2026-05-09'
}
🔍 [DEBUG] Bookings route: GET /
[7:41:59 AM] 📝 POST /api/bookings
🔍 [DEBUG] Bookings route: POST /
✅ Validation passed for: /
📥 Received booking data: {
  roomId: '69609bbbaa301e5a9d0e57c0',
  fullName: 'สุรพล ยิ้มยัง',
  department: 'กองยุทธศาสตร์ฯ',
  startDate: undefined,
  endDate: undefined,
  bookingDate: '2026-05-09',
  startTime: '08:30',
  endTime: '16:30',
  purpose: 'ผอ.ร.ร.ท.8',
  hasImage: false
}
[7:42:01 AM] 📝 GET /api/bookings/my-bookings
🔍 [DEBUG] Bookings route: GET /my-bookings
[7:42:12 AM] 📝 GET /api/rooms
[7:42:23 AM] 📝 GET /api/bookings
   Query: [Object: null prototype] {
  roomId: '69609bbbaa301e5a9d0e57c0',
  date: '2026-05-10'
}
🔍 [DEBUG] Bookings route: GET /
[7:42:27 AM] 📝 POST /api/bookings
🔍 [DEBUG] Bookings route: POST /
❌ Validation errors: [
  {
    type: 'field',
    value: '16:30',
    msg: 'เวลาสิ้นสุดต้องมากกว่าเวลาเริ่มต้น',
    path: 'endTime',
    location: 'body'
  }
]
📦 Request body: {
  roomId: '69609bbbaa301e5a9d0e57c0',
  fullName: 'สุรพล ยิ้มยัง',
  department: 'กองยุทธศาสตร์ฯ',
  bookingDate: '2026-05-10',
  startTime: '8:30',
  endTime: '16:30',
  purpose: 'ผอ.ร.ร.ท.8'
}
[7:42:41 AM] 📝 GET /api/rooms
[7:42:42 AM] 📝 GET /api/bookings/my-bookings
🔍 [DEBUG] Bookings route: GET /my-bookings
[7:42:44 AM] 📝 GET /api/rooms
[7:42:56 AM] 📝 GET /api/bookings
   Query: [Object: null prototype] {
  roomId: '69609bbbaa301e5a9d0e57c0',
  date: '2026-05-10'
}
🔍 [DEBUG] Bookings route: GET /
[7:42:58 AM] 📝 POST /api/bookings
🔍 [DEBUG] Bookings route: POST /
❌ Validation errors: [
  {
    type: 'field',
    value: '16:30',
    msg: 'เวลาสิ้นสุดต้องมากกว่าเวลาเริ่มต้น',
    path: 'endTime',
    location: 'body'
  }
]
📦 Request body: {
  roomId: '69609bbbaa301e5a9d0e57c0',
  fullName: 'สุรพล ยิ้มยัง',
  department: 'กองยุทธศาสตร์ฯ',
  bookingDate: '2026-05-10',
  startTime: '8:30',
  endTime: '16:30',
  purpose: 'ผอ.ร.ร.ท.8'
}
[1:51:46 AM] 📝 GET /api/bookings
🔍 [DEBUG] Bookings route: GET /
[1:45:10 AM] 📝 GET /api/auth/me
[5:05:11 AM] 📝 POST /api/auth/login
✅ Validation passed for: /login
[5:05:11 AM] 📝 GET /api/rooms
[5:05:13 AM] 📝 GET /api/bookings
🔍 [DEBUG] Bookings route: GET /
[5:05:15 AM] 📝 GET /api/bookings/my-bookings
🔍 [DEBUG] Bookings route: GET /my-bookings
[5:05:18 AM] 📝 GET /api/rooms
[5:05:47 AM] 📝 GET /api/bookings
   Query: [Object: null prototype] {
  roomId: '69490a065e1a04f70b859ca9',
  date: '2026-05-06'
}
🔍 [DEBUG] Bookings route: GET /
[5:08:08 AM] 📝 POST /api/bookings
🔍 [DEBUG] Bookings route: POST /
❌ Validation errors: [
  {
    type: 'field',
    value: '16:30',
    msg: 'เวลาสิ้นสุดต้องมากกว่าเวลาเริ่มต้น',
    path: 'endTime',
    location: 'body'
  }
]
📦 Request body: {
  roomId: '69490a065e1a04f70b859ca9',
  fullName: 'สุรพล ยิ้มยัง',
  department: 'กองยุทธศาสตร์ฯ',
  bookingDate: '2026-05-06',
  startTime: '8:30',
  endTime: '16:30',
  purpose: 'โครงการพัฒนาศักยภาพเพื่อการฟื้นฟูท้องถิ่นอย่างยั่งยืน (ไม่ได้จองในระบบ)'
}
[5:08:18 AM] 📝 POST /api/bookings
🔍 [DEBUG] Bookings route: POST /
❌ Validation errors: [
  {
    type: 'field',
    value: '16:30',
    msg: 'เวลาสิ้นสุดต้องมากกว่าเวลาเริ่มต้น',
    path: 'endTime',
    location: 'body'
  }
]
📦 Request body: {
  roomId: '69490a065e1a04f70b859ca9',
  fullName: 'สุรพล ยิ้มยัง',
  department: 'กองยุทธศาสตร์ฯ',
  bookingDate: '2026-05-06',
  startTime: '8:30',
  endTime: '16:30',
  purpose: 'โครงการพัฒนาศักยภาพเพื่อการฟื้นฟูท้องถิ่นอย่างยั่งยืน (ไม่ได้จองในระบบ)'
}
[5:08:32 AM] 📝 GET /api/rooms
[5:08:33 AM] 📝 GET /api/bookings/my-bookings
🔍 [DEBUG] Bookings route: GET /my-bookings
[5:08:33 AM] 📝 GET /api/rooms
[5:08:46 AM] 📝 GET /api/bookings
   Query: [Object: null prototype] {
  roomId: '69490a065e1a04f70b859ca9',
  date: '2026-05-06'
}
🔍 [DEBUG] Bookings route: GET /
[5:08:48 AM] 📝 POST /api/bookings
🔍 [DEBUG] Bookings route: POST /
❌ Validation errors: [
  {
    type: 'field',
    value: '16:30',
    msg: 'เวลาสิ้นสุดต้องมากกว่าเวลาเริ่มต้น',
    path: 'endTime',
    location: 'body'
  }
]
📦 Request body: {
  roomId: '69490a065e1a04f70b859ca9',
  fullName: 'สุรพล ยิ้มยัง',
  department: 'กองยุทธศาสตร์ฯ',
  bookingDate: '2026-05-06',
  startTime: '8:30',
  endTime: '16:30',
  purpose: 'โครงการพัฒนาศักยภาพเพื่อการฟื้นฟูท้องถิ่นอย่างยั่งยืน (ไม่ได้จองในระบบ)'
}
[7:45:02 AM] 📝 GET /api/rooms
[7:45:04 AM] 📝 GET /api/bookings
🔍 [DEBUG] Bookings route: GET /
[7:45:28 AM] 📝 GET /api/bookings/my-bookings
🔍 [DEBUG] Bookings route: GET /my-bookings
[7:45:30 AM] 📝 GET /api/rooms
[7:45:48 AM] 📝 GET /api/bookings
   Query: [Object: null prototype] {
  roomId: '69490a065e1a04f70b859ca9',
  date: '2026-05-06'
}
🔍 [DEBUG] Bookings route: GET /
[7:45:59 AM] 📝 POST /api/bookings
🔍 [DEBUG] Bookings route: POST /
✅ Validation passed for: /
📥 Received booking data: {
  roomId: '69490a065e1a04f70b859ca9',
  fullName: 'สุรพล ยิ้มยัง',
  department: 'กองยุทธศาสตร์ฯ',
  startDate: undefined,
  endDate: undefined,
  bookingDate: '2026-05-06',
  startTime: '08:30',
  endTime: '16:30',
  purpose: 'โครงการพัฒนาศักยภาพเพื่อการฟื้นฟูท้องถิ่นอย่างยั่งยืน (ไม่ได้จองในระบบ)',
  hasImage: false
}
[7:46:00 AM] 📝 GET /api/bookings/my-bookings
🔍 [DEBUG] Bookings route: GET /my-bookings
[7:46:36 AM] 📝 GET /api/rooms
[1:25:32 AM] 📝 GET /api/auth/me
[4:58:00 AM] 📝 POST /api/auth/login
✅ Validation passed for: /login
[4:58:00 AM] 📝 GET /api/rooms
[4:58:02 AM] 📝 GET /api/bookings/my-bookings
🔍 [DEBUG] Bookings route: GET /my-bookings
[4:58:04 AM] 📝 GET /api/rooms
[4:58:54 AM] 📝 GET /api/bookings
   Query: [Object: null prototype] {
  roomId: '69609bbbaa301e5a9d0e57c0',
  date: '2026-05-15'
}
🔍 [DEBUG] Bookings route: GET /
[5:00:19 AM] 📝 POST /api/bookings
🔍 [DEBUG] Bookings route: POST /
✅ Validation passed for: /
📥 Received booking data: {
  roomId: '69609bbbaa301e5a9d0e57c0',
  fullName: 'สุรพล ยิ้มยัง',
  department: 'กองยุทธศาสตร์ฯ',
  startDate: undefined,
  endDate: undefined,
  bookingDate: '2026-05-15',
  startTime: '09:00',
  endTime: '16:30',
  purpose: 'โครงการยกระดับการประเมินคุณธรรมและความโปร่งใสในการดำเนินงานขององค์กรปกครองส่วนท้องถิ่นในเขตจังหวัดนครสวรรค์ (ITA) (ไม่ได้จองในระบบ)',
  hasImage: false
}
[5:00:20 AM] 📝 GET /api/bookings/my-bookings
🔍 [DEBUG] Bookings route: GET /my-bookings
[5:00:22 AM] 📝 GET /api/rooms
[5:00:38 AM] 📝 GET /api/bookings
   Query: [Object: null prototype] {
  roomId: '69609bbbaa301e5a9d0e57c0',
  date: '2026-06-12'
}
🔍 [DEBUG] Bookings route: GET /
[5:00:40 AM] 📝 POST /api/bookings
🔍 [DEBUG] Bookings route: POST /
❌ Validation errors: [
  {
    type: 'field',
    value: '16:30',
    msg: 'เวลาสิ้นสุดต้องมากกว่าเวลาเริ่มต้น',
    path: 'endTime',
    location: 'body'
  }
]
📦 Request body: {
  roomId: '69609bbbaa301e5a9d0e57c0',
  fullName: 'สุรพล ยิ้มยัง',
  department: 'กองยุทธศาสตร์ฯ',
  bookingDate: '2026-06-12',
  startTime: '9:00',
  endTime: '16:30',
  purpose: 'โครงการยกระดับการประเมินคุณธรรมและความโปร่งใสในการดำเนินงานขององค์กรปกครองส่วนท้องถิ่นในเขตจังหวัดนครสวรรค์ (ITA) (ไม่ได้จองในระบบ)'
}
[5:00:47 AM] 📝 POST /api/bookings
🔍 [DEBUG] Bookings route: POST /
❌ Validation errors: [
  {
    type: 'field',
    value: '16:30',
    msg: 'เวลาสิ้นสุดต้องมากกว่าเวลาเริ่มต้น',
    path: 'endTime',
    location: 'body'
  }
]
📦 Request body: {
  roomId: '69609bbbaa301e5a9d0e57c0',
  fullName: 'สุรพล ยิ้มยัง',
  department: 'กองยุทธศาสตร์ฯ',
  bookingDate: '2026-06-12',
  startTime: '9:00',
  endTime: '16:30',
  purpose: 'โครงการยกระดับการประเมินคุณธรรมและความโปร่งใสในการดำเนินงานขององค์กรปกครองส่วนท้องถิ่นในเขตจังหวัดนครสวรรค์ (ITA) (ไม่ได้จองในระบบ)'
}
[5:01:32 AM] 📝 GET /api/rooms
[5:01:32 AM] 📝 GET /api/bookings/my-bookings
🔍 [DEBUG] Bookings route: GET /my-bookings
[5:04:13 AM] 📝 DELETE /api/bookings/69f1b647731479cbb464a454
🔍 [DEBUG] Bookings route: DELETE /69f1b647731479cbb464a454
[5:05:44 AM] 📝 GET /api/rooms
[5:05:45 AM] 📝 GET /api/bookings
🔍 [DEBUG] Bookings route: GET /
[5:05:53 AM] 📝 GET /api/admin/dashboard/statistics
[5:05:55 AM] 📝 GET /api/admin/stats/bookings-trend
   Query: [Object: null prototype] { days: '7' }
[5:05:55 AM] 📝 GET /api/admin/stats/popular-rooms
[5:05:55 AM] 📝 GET /api/admin/stats/monthly-stats
[5:05:55 AM] 📝 GET /api/admin/stats/department-usage
[5:05:58 AM] 📝 GET /api/rooms
[5:06:10 AM] 📝 GET /api/rooms
[5:06:13 AM] 📝 GET /api/admin/bookings
[5:06:22 AM] 📝 PUT /api/admin/bookings/69fd6de3731479cbb464a48e/status
[5:06:23 AM] 📝 GET /api/admin/bookings
[5:06:37 AM] 📝 PUT /api/admin/bookings/69f1b5f4731479cbb464a44a/status
[5:06:38 AM] 📝 GET /api/admin/bookings
[5:06:43 AM] 📝 PUT /api/admin/bookings/69f0249e731479cbb464a404/status
[5:06:44 AM] 📝 GET /api/admin/bookings
[5:06:58 AM] 📝 PUT /api/admin/bookings/69f9a037731479cbb464a47f/status
[5:06:59 AM] 📝 GET /api/admin/bookings
[5:07:04 AM] 📝 GET /api/bookings/my-bookings
🔍 [DEBUG] Bookings route: GET /my-bookings
[6:33:13 AM] 📝 GET /api/departments
[6:33:40 AM] 📝 POST /api/auth/register
✅ Validation passed for: /register
[6:33:50 AM] 📝 POST /api/auth/login
✅ Validation passed for: /login
[6:33:50 AM] 📝 GET /api/rooms
[6:33:56 AM] 📝 GET /api/bookings
🔍 [DEBUG] Bookings route: GET /
[6:34:03 AM] 📝 GET /api/bookings/my-bookings
🔍 [DEBUG] Bookings route: GET /my-bookings
[6:34:07 AM] 📝 GET /api/rooms
[6:34:33 AM] 📝 GET /api/bookings
   Query: [Object: null prototype] {
  roomId: '69609bbbaa301e5a9d0e57c0',
  date: '2026-05-11'
}
🔍 [DEBUG] Bookings route: GET /
[6:35:28 AM] 📝 POST /api/bookings
🔍 [DEBUG] Bookings route: POST /
✅ Validation passed for: /
📥 Received booking data: {
  roomId: '69609bbbaa301e5a9d0e57c0',
  fullName: 'ปฐมพงษ์ หล้ามหศักดิ์',
  department: 'กองยุทธศาสตร์ฯ',
  startDate: undefined,
  endDate: undefined,
  bookingDate: '2026-05-11',
  startTime: '09:30',
  endTime: '15:00',
  purpose: 'นำเสนอระบบบริการอิเล็กทรอนิกส์',
  hasImage: false
}
[6:35:30 AM] 📝 GET /api/bookings/my-bookings
🔍 [DEBUG] Bookings route: GET /my-bookings
[6:36:27 AM] 📝 GET /api/rooms
[6:36:27 AM] 📝 GET /api/bookings/69fd8430731479cbb464a4f5
🔍 [DEBUG] Bookings route: GET /69fd8430731479cbb464a4f5
[6:36:27 AM] 📝 GET /api/bookings
   Query: [Object: null prototype] {
  roomId: '69609bbbaa301e5a9d0e57c0',
  date: '2026-05-11'
}
🔍 [DEBUG] Bookings route: GET /
[6:36:48 AM] 📝 PUT /api/bookings/69fd8430731479cbb464a4f5
🔍 [DEBUG] Bookings route: PUT /69fd8430731479cbb464a4f5
[6:36:49 AM] 📝 GET /api/bookings/my-bookings
🔍 [DEBUG] Bookings route: GET /my-bookings
[6:42:22 AM] 📝 GET /api/bookings
🔍 [DEBUG] Bookings route: GET /
[6:42:42 AM] 📝 GET /api/admin/dashboard/statistics
[6:42:46 AM] 📝 GET /api/rooms
[6:42:47 AM] 📝 GET /api/admin/bookings
[6:43:08 AM] 📝 PUT /api/admin/bookings/69fd8430731479cbb464a4f5/status
[6:43:10 AM] 📝 GET /api/admin/bookings
[11:22:33 AM] 📝 GET /api/bookings
🔍 [DEBUG] Bookings route: GET /
[1:43:22 AM] 📝 GET /api/auth/me
[1:51:10 AM] 📝 POST /api/auth/login
✅ Validation passed for: /login
[1:51:11 AM] 📝 GET /api/rooms
[1:51:14 AM] 📝 GET /api/bookings
🔍 [DEBUG] Bookings route: GET /
[2:01:33 AM] 📝 GET /api/auth/me
[2:02:02 AM] 📝 GET /api/auth/me
[2:04:06 AM] 📝 POST /api/auth/login
✅ Validation passed for: /login
[2:04:24 AM] 📝 POST /api/auth/login
✅ Validation passed for: /login
[2:04:36 AM] 📝 POST /api/auth/login
✅ Validation passed for: /login
[2:04:56 AM] 📝 GET /api/bookings
🔍 [DEBUG] Bookings route: GET /
[2:05:30 AM] 📝 GET /api/auth/me
[2:05:57 AM] 📝 GET /api/auth/me
[2:06:50 AM] 📝 GET /api/auth/me
[2:06:57 AM] 📝 POST /api/auth/login
✅ Validation passed for: /login
[2:06:57 AM] 📝 GET /api/rooms
[2:11:49 AM] 📝 GET /api/bookings
🔍 [DEBUG] Bookings route: GET /
[2:12:29 AM] 📝 POST /api/auth/login
✅ Validation passed for: /login
[2:12:36 AM] 📝 POST /api/auth/login
✅ Validation passed for: /login
[3:33:37 AM] 📝 GET /api/bookings
🔍 [DEBUG] Bookings route: GET /
[3:38:19 AM] 📝 GET /api/auth/me
[3:38:44 AM] 📝 GET /api/auth/me
[3:39:44 AM] 📝 GET /api/auth/me
[3:39:45 AM] 📝 GET /api/bookings
🔍 [DEBUG] Bookings route: GET /
[6:54:37 AM] 📝 GET /api/auth/me
[6:55:29 AM] 📝 POST /api/auth/login
✅ Validation passed for: /login
[6:55:37 AM] 📝 POST /api/auth/login
✅ Validation passed for: /login
[6:55:40 AM] 📝 POST /api/auth/login
✅ Validation passed for: /login
[6:55:44 AM] 📝 POST /api/auth/login
✅ Validation passed for: /login
[6:55:57 AM] 📝 POST /api/auth/login
✅ Validation passed for: /login
[6:56:01 AM] 📝 POST /api/auth/login
✅ Validation passed for: /login
[6:56:07 AM] 📝 POST /api/auth/login
✅ Validation passed for: /login
[6:56:07 AM] 📝 GET /api/rooms
[6:57:05 AM] 📝 POST /api/auth/login
✅ Validation passed for: /login
[6:57:40 AM] 📝 GET /api/departments
[1:51:45 AM] 📝 GET /api/auth/me
[1:51:45 AM] 📝 GET /api/bookings
🔍 [DEBUG] Bookings route: GET /
[1:52:12 AM] 📝 POST /api/auth/login
✅ Validation passed for: /login
[1:52:12 AM] 📝 GET /api/rooms
[1:52:14 AM] 📝 GET /api/bookings/my-bookings
🔍 [DEBUG] Bookings route: GET /my-bookings
[1:52:17 AM] 📝 GET /api/rooms
[1:52:50 AM] 📝 GET /api/bookings
   Query: [Object: null prototype] {
  roomId: '69490a065e1a04f70b859cab',
  date: '2026-06-04'
}
🔍 [DEBUG] Bookings route: GET /
[1:52:50 AM] 📝 GET /api/bookings
   Query: [Object: null prototype] {
  roomId: '69490a065e1a04f70b859cab',
  date: '2026-06-05'
}
🔍 [DEBUG] Bookings route: GET /
[1:52:50 AM] 📝 GET /api/bookings
   Query: [Object: null prototype] {
  roomId: '69490a065e1a04f70b859cab',
  date: '2026-06-06'
}
🔍 [DEBUG] Bookings route: GET /
[1:53:38 AM] 📝 POST /api/bookings/multi-day
🔍 [DEBUG] Bookings route: POST /multi-day
✅ Validation passed for: /multi-day
🎯 Multi-day booking route hit!
📥 Received booking data: {
  roomId: '69490a065e1a04f70b859cab',
  fullName: 'สุรพล ยิ้มยัง',
  department: 'กองยุทธศาสตร์ฯ',
  startDate: '2026-06-04',
  endDate: '2026-06-06',
  bookingDate: undefined,
  startTime: '08:30',
  endTime: '16:30',
  purpose: 'จัดอบรมให้กับประชาชนในเขตเทศบาลนครนครสวรรค์',
  hasImage: false
}
[1:53:49 AM] 📝 POST /api/bookings/multi-day
🔍 [DEBUG] Bookings route: POST /multi-day
✅ Validation passed for: /multi-day
🎯 Multi-day booking route hit!
📥 Received booking data: {
  roomId: '69490a065e1a04f70b859cab',
  fullName: 'สุรพล ยิ้มยัง',
  department: 'กองยุทธศาสตร์ฯ',
  startDate: '2026-06-04',
  endDate: '2026-06-06',
  bookingDate: undefined,
  startTime: '08:30',
  endTime: '16:30',
  purpose: 'จัดอบรมให้กับประชาชนในเขตเทศบาลนครนครสวรรค์',
  hasImage: false
}
[1:55:00 AM] 📝 GET /api/bookings/my-bookings
🔍 [DEBUG] Bookings route: GET /my-bookings
[1:55:02 AM] 📝 GET /api/rooms
[1:55:16 AM] 📝 GET /api/bookings
   Query: [Object: null prototype] {
  roomId: '69490a065e1a04f70b859ca9',
  date: '2026-06-12'
}
🔍 [DEBUG] Bookings route: GET /
[1:55:20 AM] 📝 GET /api/bookings
   Query: [Object: null prototype] {
  roomId: '69490a065e1a04f70b859ca9',
  date: '2026-06-07'
}
🔍 [DEBUG] Bookings route: GET /
[1:55:40 AM] 📝 POST /api/bookings
🔍 [DEBUG] Bookings route: POST /
✅ Validation passed for: /
📥 Received booking data: {
  roomId: '69490a065e1a04f70b859ca9',
  fullName: 'สุรพล ยิ้มยัง',
  department: 'กองยุทธศาสตร์ฯ',
  startDate: undefined,
  endDate: undefined,
  bookingDate: '2026-06-07',
  startTime: '08:30',
  endTime: '16:30',
  purpose: 'จัดอบรมให้กับประชาชนในเขตเทศบาลนครนครสวรรค์',
  hasImage: false
}
[1:55:42 AM] 📝 GET /api/bookings/my-bookings
🔍 [DEBUG] Bookings route: GET /my-bookings
[1:55:43 AM] 📝 GET /api/rooms
[1:55:49 AM] 📝 GET /api/rooms
[1:56:07 AM] 📝 GET /api/bookings
   Query: [Object: null prototype] {
  roomId: '69490a065e1a04f70b859cab',
  date: '2026-06-04'
}
🔍 [DEBUG] Bookings route: GET /
[1:56:08 AM] 📝 GET /api/bookings
   Query: [Object: null prototype] {
  roomId: '69490a065e1a04f70b859cab',
  date: '2026-06-05'
}
🔍 [DEBUG] Bookings route: GET /
[1:56:08 AM] 📝 GET /api/bookings
   Query: [Object: null prototype] {
  roomId: '69490a065e1a04f70b859cab',
  date: '2026-06-06'
}
🔍 [DEBUG] Bookings route: GET /
[1:56:28 AM] 📝 POST /api/bookings/multi-day
🔍 [DEBUG] Bookings route: POST /multi-day
✅ Validation passed for: /multi-day
🎯 Multi-day booking route hit!
📥 Received booking data: {
  roomId: '69490a065e1a04f70b859cab',
  fullName: 'สุรพล ยิ้มยัง',
  department: 'กองยุทธศาสตร์ฯ',
  startDate: '2026-06-04',
  endDate: '2026-06-06',
  bookingDate: undefined,
  startTime: '08:30',
  endTime: '16:30',
  purpose: 'จัดอบรมให้กับประชาชนในเขตเทศบาลนครนครสวรรค์',
  hasImage: false
}
[1:56:31 AM] 📝 GET /api/bookings/my-bookings
🔍 [DEBUG] Bookings route: GET /my-bookings
[1:56:32 AM] 📝 GET /api/rooms
[1:56:46 AM] 📝 GET /api/bookings
   Query: [Object: null prototype] {
  roomId: '69490a065e1a04f70b859cab',
  date: '2026-06-04'
}
🔍 [DEBUG] Bookings route: GET /
[1:57:09 AM] 📝 POST /api/bookings
🔍 [DEBUG] Bookings route: POST /
✅ Validation passed for: /
📥 Received booking data: {
  roomId: '69490a065e1a04f70b859cab',
  fullName: 'สุรพล ยิ้มยัง',
  department: 'กองยุทธศาสตร์ฯ',
  startDate: undefined,
  endDate: undefined,
  bookingDate: '2026-06-04',
  startTime: '08:30',
  endTime: '16:30',
  purpose: 'จัดอบรมให้กับประชาชนในเขตเทศบาลนครนครสวรรค์',
  hasImage: false
}
[1:57:10 AM] 📝 GET /api/bookings/my-bookings
🔍 [DEBUG] Bookings route: GET /my-bookings
[1:57:12 AM] 📝 GET /api/rooms
[1:57:21 AM] 📝 GET /api/bookings
   Query: [Object: null prototype] {
  roomId: '69490a065e1a04f70b859cab',
  date: '2026-06-05'
}
🔍 [DEBUG] Bookings route: GET /
[1:57:23 AM] 📝 POST /api/bookings
🔍 [DEBUG] Bookings route: POST /
✅ Validation passed for: /
📥 Received booking data: {
  roomId: '69490a065e1a04f70b859cab',
  fullName: 'สุรพล ยิ้มยัง',
  department: 'กองยุทธศาสตร์ฯ',
  startDate: undefined,
  endDate: undefined,
  bookingDate: '2026-06-05',
  startTime: '08:30',
  endTime: '16:30',
  purpose: 'จัดอบรมให้กับประชาชนในเขตเทศบาลนครนครสวรรค์',
  hasImage: false
}
[1:57:24 AM] 📝 GET /api/bookings/my-bookings
🔍 [DEBUG] Bookings route: GET /my-bookings
[1:57:29 AM] 📝 GET /api/rooms
[1:57:47 AM] 📝 GET /api/bookings
   Query: [Object: null prototype] {
  roomId: '69490a065e1a04f70b859cab',
  date: '2026-06-06'
}
🔍 [DEBUG] Bookings route: GET /
[1:57:49 AM] 📝 POST /api/bookings
🔍 [DEBUG] Bookings route: POST /
❌ Validation errors: [
  {
    type: 'field',
    value: '16:30',
    msg: 'เวลาสิ้นสุดต้องมากกว่าเวลาเริ่มต้น',
    path: 'endTime',
    location: 'body'
  }
]
📦 Request body: {
  roomId: '69490a065e1a04f70b859cab',
  fullName: 'สุรพล ยิ้มยัง',
  department: 'กองยุทธศาสตร์ฯ',
  bookingDate: '2026-06-06',
  startTime: '8:30',
  endTime: '16:30',
  purpose: 'จัดอบรมให้กับประชาชนในเขตเทศบาลนครนครสวรรค์'
}
[1:58:01 AM] 📝 POST /api/bookings
🔍 [DEBUG] Bookings route: POST /
❌ Validation errors: [
  {
    type: 'field',
    value: '16:30',
    msg: 'เวลาสิ้นสุดต้องมากกว่าเวลาเริ่มต้น',
    path: 'endTime',
    location: 'body'
  }
]
📦 Request body: {
  roomId: '69490a065e1a04f70b859cab',
  fullName: 'สุรพล ยิ้มยัง',
  department: 'กองยุทธศาสตร์ฯ',
  bookingDate: '2026-06-06',
  startTime: '8:30',
  endTime: '16:30',
  purpose: 'จัดอบรมให้กับประชาชนในเขตเทศบาลนครนครสวรรค์'
}
[1:58:09 AM] 📝 GET /api/bookings/my-bookings
🔍 [DEBUG] Bookings route: GET /my-bookings
[1:58:22 AM] 📝 GET /api/rooms
[1:58:33 AM] 📝 GET /api/bookings
   Query: [Object: null prototype] {
  roomId: '69490a065e1a04f70b859cab',
  date: '2026-06-06'
}
🔍 [DEBUG] Bookings route: GET /
[1:58:35 AM] 📝 POST /api/bookings
🔍 [DEBUG] Bookings route: POST /
✅ Validation passed for: /
📥 Received booking data: {
  roomId: '69490a065e1a04f70b859cab',
  fullName: 'สุรพล ยิ้มยัง',
  department: 'กองยุทธศาสตร์ฯ',
  startDate: undefined,
  endDate: undefined,
  bookingDate: '2026-06-06',
  startTime: '08:30',
  endTime: '16:30',
  purpose: 'จัดอบรมให้กับประชาชนในเขตเทศบาลนครนครสวรรค์',
  hasImage: false
}
[1:58:36 AM] 📝 GET /api/bookings/my-bookings
🔍 [DEBUG] Bookings route: GET /my-bookings
[1:59:09 AM] 📝 GET /api/rooms
[2:08:04 AM] 📝 GET /api/bookings
   Query: [Object: null prototype] {
  roomId: '696f36019adeec8a6063cb8c',
  date: '2026-06-24'
}
🔍 [DEBUG] Bookings route: GET /
[2:08:50 AM] 📝 POST /api/bookings
🔍 [DEBUG] Bookings route: POST /
✅ Validation passed for: /
📥 Received booking data: {
  roomId: '696f36019adeec8a6063cb8c',
  fullName: 'สุรพล ยิ้มยัง',
  department: 'กองยุทธศาสตร์ฯ',
  startDate: undefined,
  endDate: undefined,
  bookingDate: '2026-06-24',
  startTime: '08:30',
  endTime: '16:30',
  purpose: 'อบรมรณรงค์ป้องกันและแก้ไขปัญหายาเสพติดในชุมชนเขตเทศบาลนครนครสวรรค์และศึกษาดูงาน',
  hasImage: false
}
[2:08:52 AM] 📝 GET /api/bookings/my-bookings
🔍 [DEBUG] Bookings route: GET /my-bookings
[2:08:54 AM] 📝 GET /api/admin/dashboard/statistics
[2:08:55 AM] 📝 GET /api/admin/bookings
[2:09:04 AM] 📝 PUT /api/admin/bookings/6a028bb2731479cbb464a598/status
[2:09:06 AM] 📝 GET /api/admin/bookings
[2:09:09 AM] 📝 PUT /api/admin/bookings/6a02889c731479cbb464a55b/status
[2:09:09 AM] 📝 GET /api/admin/bookings
[2:09:11 AM] 📝 PUT /api/admin/bookings/6a02894b731479cbb464a58e/status
[2:09:12 AM] 📝 GET /api/admin/bookings
[2:09:14 AM] 📝 PUT /api/admin/bookings/6a028903731479cbb464a57f/status
[2:09:15 AM] 📝 GET /api/admin/bookings
[2:09:16 AM] 📝 PUT /api/admin/bookings/6a0288f5731479cbb464a575/status
[2:09:17 AM] 📝 GET /api/admin/bookings
[2:09:20 AM] 📝 GET /api/auth/me
[2:09:20 AM] 📝 GET /api/admin/dashboard/statistics
[2:09:21 AM] 📝 GET /api/admin/bookings
[4:35:14 AM] 📝 GET /api/auth/me
[4:35:14 AM] 📝 GET /api/admin/dashboard/statistics
[8:24:34 AM] 📝 POST /api/auth/login
✅ Validation passed for: /login
[8:24:34 AM] 📝 GET /api/rooms
[8:24:37 AM] 📝 GET /api/bookings/my-bookings
🔍 [DEBUG] Bookings route: GET /my-bookings
[8:24:40 AM] 📝 GET /api/rooms
[8:24:43 AM] 📝 GET /api/auth/me
[8:24:43 AM] 📝 GET /api/rooms
[8:24:56 AM] 📝 GET /api/bookings/my-bookings
🔍 [DEBUG] Bookings route: GET /my-bookings
[8:24:57 AM] 📝 GET /api/rooms
[8:25:17 AM] 📝 GET /api/bookings
   Query: [Object: null prototype] {
  roomId: '69609bbbaa301e5a9d0e57c0',
  date: '2026-05-14'
}
🔍 [DEBUG] Bookings route: GET /
[8:25:37 AM] 📝 POST /api/bookings
🔍 [DEBUG] Bookings route: POST /
✅ Validation passed for: /
📥 Received booking data: {
  roomId: '69609bbbaa301e5a9d0e57c0',
  fullName: 'ธนะรักษ์ สุขสันต์',
  department: 'กองยุทธศาสตร์ฯ',
  startDate: undefined,
  endDate: undefined,
  bookingDate: '2026-05-14',
  startTime: '10:00',
  endTime: '12:00',
  purpose: 'พิจารณาถังขยะอัจฉริยะ',
  hasImage: false
}
[8:25:38 AM] 📝 GET /api/bookings/my-bookings
🔍 [DEBUG] Bookings route: GET /my-bookings
[8:25:43 AM] 📝 GET /api/admin/dashboard/statistics
[8:25:47 AM] 📝 GET /api/admin/bookings
[8:26:02 AM] 📝 GET /api/auth/me
[8:26:02 AM] 📝 GET /api/admin/dashboard/statistics
[8:26:07 AM] 📝 GET /api/admin/bookings
[8:26:35 AM] 📝 PUT /api/admin/bookings/6a02e401731479cbb464a5f0/status
[8:26:36 AM] 📝 GET /api/admin/bookings
[8:26:41 AM] 📝 PUT /api/admin/bookings/6a02e401731479cbb464a5f0/status
[8:26:42 AM] 📝 GET /api/admin/bookings
[9:08:58 AM] 📝 POST /api/auth/login
✅ Validation passed for: /login
[9:08:59 AM] 📝 GET /api/rooms
[9:09:04 AM] 📝 GET /api/admin/dashboard/statistics
[9:09:05 AM] 📝 GET /api/rooms
[9:09:07 AM] 📝 GET /api/admin/bookings
[9:10:52 AM] 📝 GET /api/admin/stats/department-usage
[9:10:52 AM] 📝 GET /api/admin/stats/monthly-stats
[9:10:52 AM] 📝 GET /api/admin/stats/popular-rooms
[9:10:52 AM] 📝 GET /api/admin/stats/bookings-trend
   Query: [Object: null prototype] { days: '7' }
[9:11:08 AM] 📝 GET /api/rooms
[9:11:16 AM] 📝 GET /api/bookings
🔍 [DEBUG] Bookings route: GET /
[9:11:22 AM] 📝 GET /api/rooms/696f36019adeec8a6063cb8c
✅ Validation passed for: /696f36019adeec8a6063cb8c
[9:11:22 AM] 📝 GET /api/bookings
   Query: [Object: null prototype] { roomId: '696f36019adeec8a6063cb8c' }
🔍 [DEBUG] Bookings route: GET /
[9:11:34 AM] 📝 GET /api/bookings
🔍 [DEBUG] Bookings route: GET /
[9:11:48 AM] 📝 GET /api/rooms
[9:11:48 AM] 📝 GET /api/bookings/my-bookings
🔍 [DEBUG] Bookings route: GET /my-bookings
[8:26:18 AM] 📝 GET /api/bookings
🔍 [DEBUG] Bookings route: GET /
[8:29:07 AM] 📝 GET /api/bookings
🔍 [DEBUG] Bookings route: GET /
[8:37:49 AM] 📝 GET /api/bookings
🔍 [DEBUG] Bookings route: GET /
[1:51:12 AM] 📝 GET /api/auth/me
[1:55:04 AM] 📝 GET /api/auth/me
[1:55:22 AM] 📝 POST /api/auth/login
✅ Validation passed for: /login
[1:55:22 AM] 📝 GET /api/rooms
[1:55:24 AM] 📝 GET /api/admin/dashboard/statistics
[1:55:40 AM] 📝 GET /api/admin/bookings
[1:56:06 AM] 📝 GET /api/bookings/my-bookings
🔍 [DEBUG] Bookings route: GET /my-bookings
[1:56:10 AM] 📝 GET /api/rooms
[1:56:19 AM] 📝 GET /api/admin/dashboard/statistics
[1:56:56 AM] 📝 GET /api/rooms
[1:56:58 AM] 📝 GET /api/admin/dashboard/statistics
[1:57:00 AM] 📝 GET /api/admin/bookings
[2:20:48 AM] 📝 POST /api/auth/login
✅ Validation passed for: /login
[2:20:48 AM] 📝 GET /api/rooms
[2:20:51 AM] 📝 GET /api/bookings/my-bookings
🔍 [DEBUG] Bookings route: GET /my-bookings

🔌 Received SIGINT. Shutting down gracefully...
✅ HTTP Server closed
✅ MongoDB connection closed
[dotenv@17.2.3] injecting env (4) from .env -- tip: 🔄 add secrets lifecycle management: https://dotenvx.com/ops
  ✓ Registered: POST /

╔═══════════════════════════════════════╗
║  🚀 Server Started Successfully!      ║
╠═══════════════════════════════════════╣
║  Port: 5000                           ║
║  Host: 0.0.0.0 (Public Access)        ║
║  Time: 5/15/2026, 2:49:57 AM     ║
║  JSON Limit: 10MB (Images Supported)  ║
╚═══════════════════════════════════════╝
  
✅ MongoDB Connected Successfully
[3:01:19 AM] 📝 GET /api/bookings

🔌 Received SIGINT. Shutting down gracefully...
✅ HTTP Server closed
✅ MongoDB connection closed
[dotenv@17.2.3] injecting env (4) from .env -- tip: 🛠️  run anywhere with `dotenvx run -- yourcommand`
  ✓ Registered: POST /

╔═══════════════════════════════════════╗
║  🚀 Server Started Successfully!      ║
╠═══════════════════════════════════════╣
║  Port: 5000                           ║
║  Host: 0.0.0.0 (Public Access)        ║
║  Time: 5/15/2026, 3:14:40 AM     ║
║  JSON Limit: 10MB (Images Supported)  ║
╚═══════════════════════════════════════╝
  
✅ MongoDB Connected Successfully
[3:19:41 AM] 📝 GET /api/auth/me
[3:19:41 AM] 📝 GET /api/admin/dashboard/statistics
[3:19:44 AM] 📝 GET /api/display/rooms
[3:19:49 AM] 📝 GET /api/display/config/69490a065e1a04f70b859ca9
[3:20:09 AM] 📝 GET /api/display/config/69490a065e1a04f70b859caa
[3:20:10 AM] 📝 GET /api/display/config/69490a065e1a04f70b859cab
[3:20:11 AM] 📝 GET /api/display/config/69609bbbaa301e5a9d0e57c0
[3:20:12 AM] 📝 GET /api/display/config/696f36019adeec8a6063cb8c
[3:28:12 AM] 📝 GET /api/display/config/69609bbbaa301e5a9d0e57c0
[3:28:14 AM] 📝 GET /api/display/config/69490a065e1a04f70b859ca9
[3:28:15 AM] 📝 GET /api/display/config/69490a065e1a04f70b859caa
[3:28:16 AM] 📝 GET /api/display/config/69490a065e1a04f70b859cab
[3:28:17 AM] 📝 GET /api/display/config/69609bbbaa301e5a9d0e57c0
[3:28:18 AM] 📝 GET /api/display/config/696f36019adeec8a6063cb8c
[3:29:07 AM] 📝 GET /api/admin/bookings
[3:33:39 AM] 📝 GET /api/auth/me
[3:33:39 AM] 📝 GET /api/admin/dashboard/statistics
[3:33:43 AM] 📝 GET /api/admin/bookings
[3:33:47 AM] 📝 GET /api/display/rooms
[3:33:49 AM] 📝 GET /api/display/config/69490a065e1a04f70b859ca9
[3:33:52 AM] 📝 GET /api/display/config/69490a065e1a04f70b859caa

🔌 Received SIGINT. Shutting down gracefully...
✅ HTTP Server closed
✅ MongoDB connection closed
[dotenv@17.2.3] injecting env (4) from .env -- tip: 🛠️  run anywhere with `dotenvx run -- yourcommand`
  ✓ Registered: POST /

╔═══════════════════════════════════════╗
║  🚀 Server Started Successfully!      ║
╠═══════════════════════════════════════╣
║  Port: 5000                           ║
║  Host: 0.0.0.0 (Public Access)        ║
║  Time: 5/15/2026, 3:36:12 AM     ║
║  JSON Limit: 10MB (Images Supported)  ║
╚═══════════════════════════════════════╝
  
✅ MongoDB Connected Successfully
[3:39:11 AM] 📝 GET /api/auth/me
[3:39:11 AM] 📝 GET /api/admin/dashboard/statistics
[3:39:13 AM] 📝 GET /api/display/rooms
[3:39:15 AM] 📝 GET /api/display/config/69490a065e1a04f70b859ca9
[3:39:19 AM] 📝 GET /api/display/config/69490a065e1a04f70b859caa
[3:39:22 AM] 📝 GET /api/display/config/69490a065e1a04f70b859cab
[3:39:23 AM] 📝 GET /api/display/config/69609bbbaa301e5a9d0e57c0
[3:39:24 AM] 📝 GET /api/display/config/696f36019adeec8a6063cb8c
[3:43:18 AM] 📝 GET /api/display/room/696f36019adeec8a6063cb8c
[3:45:18 AM] 📝 POST /api/auth/login
[3:45:18 AM] 📝 GET /api/rooms
[3:45:20 AM] 📝 GET /api/admin/dashboard/statistics
[3:45:22 AM] 📝 GET /api/display/rooms
[3:45:24 AM] 📝 GET /api/display/config/69490a065e1a04f70b859ca9
[3:45:38 AM] 📝 GET /api/display/config/69490a065e1a04f70b859caa
[3:45:39 AM] 📝 GET /api/display/config/69490a065e1a04f70b859cab
[3:45:40 AM] 📝 GET /api/display/config/69609bbbaa301e5a9d0e57c0
[3:45:41 AM] 📝 GET /api/display/config/696f36019adeec8a6063cb8c
[3:45:42 AM] 📝 GET /api/display/config/69490a065e1a04f70b859ca9
[3:53:08 AM] 📝 GET /api/display/config/696f36019adeec8a6063cb8c
[3:53:27 AM] 📝 GET /api/display/room/696f36019adeec8a6063cb8c
[3:53:30 AM] 📝 GET /api/display/room/696f36019adeec8a6063cb8c
[3:57:38 AM] 📝 GET /api/auth/me
[3:57:38 AM] 📝 GET /api/admin/dashboard/statistics
[3:57:40 AM] 📝 GET /api/display/rooms
[3:57:41 AM] 📝 GET /api/display/room/69490a065e1a04f70b859ca9
[3:57:41 AM] 📝 GET /api/display/config/69490a065e1a04f70b859ca9
[3:57:43 AM] 📝 GET /api/display/room/69490a065e1a04f70b859caa
[3:57:43 AM] 📝 GET /api/display/config/69490a065e1a04f70b859caa
[3:57:44 AM] 📝 GET /api/display/room/69490a065e1a04f70b859cab
[3:57:44 AM] 📝 GET /api/display/config/69490a065e1a04f70b859cab
[3:57:45 AM] 📝 GET /api/display/config/69609bbbaa301e5a9d0e57c0
[3:57:45 AM] 📝 GET /api/display/room/69609bbbaa301e5a9d0e57c0
[3:58:04 AM] 📝 GET /api/display/room/696f36019adeec8a6063cb8c
[3:58:04 AM] 📝 GET /api/display/config/696f36019adeec8a6063cb8c
[3:58:05 AM] 📝 GET /api/display/config/69609bbbaa301e5a9d0e57c0
[3:58:05 AM] 📝 GET /api/display/room/69609bbbaa301e5a9d0e57c0
[4:02:17 AM] 📝 GET /api/auth/me
[4:02:17 AM] 📝 GET /api/admin/dashboard/statistics
[4:02:19 AM] 📝 GET /api/display/rooms
[4:02:20 AM] 📝 GET /api/display/room/69490a065e1a04f70b859cab
[4:02:20 AM] 📝 GET /api/display/config/69490a065e1a04f70b859cab
[4:02:21 AM] 📝 GET /api/display/room/69609bbbaa301e5a9d0e57c0
[4:02:21 AM] 📝 GET /api/display/config/69609bbbaa301e5a9d0e57c0
[4:03:50 AM] 📝 PUT /api/display/config/69609bbbaa301e5a9d0e57c0
[4:03:50 AM] 📝 GET /api/display/rooms
[4:03:57 AM] 📝 GET /api/display/room/696f36019adeec8a6063cb8c
[4:03:57 AM] 📝 GET /api/display/config/696f36019adeec8a6063cb8c
[4:03:59 AM] 📝 GET /api/display/config/69490a065e1a04f70b859ca9
[4:03:59 AM] 📝 GET /api/display/room/69490a065e1a04f70b859ca9
[4:03:59 AM] 📝 GET /api/display/config/69609bbbaa301e5a9d0e57c0
[4:04:00 AM] 📝 GET /api/display/room/69609bbbaa301e5a9d0e57c0
[4:04:06 AM] 📝 GET /api/display/room/69609bbbaa301e5a9d0e57c0
[4:07:48 AM] 📝 GET /api/display/room/69609bbbaa301e5a9d0e57c0
[4:08:48 AM] 📝 GET /api/display/room/69609bbbaa301e5a9d0e57c0
[4:08:59 AM] 📝 GET /api/display/room/69490a065e1a04f70b859ca9
[4:08:59 AM] 📝 GET /api/display/config/69490a065e1a04f70b859ca9
[4:09:06 AM] 📝 GET /api/display/room/69490a065e1a04f70b859caa
[4:09:06 AM] 📝 GET /api/display/config/69490a065e1a04f70b859caa
[4:09:07 AM] 📝 GET /api/display/room/69490a065e1a04f70b859cab
[4:09:07 AM] 📝 GET /api/display/config/69490a065e1a04f70b859cab
[4:09:09 AM] 📝 GET /api/display/room/69609bbbaa301e5a9d0e57c0
[4:09:09 AM] 📝 GET /api/display/config/69609bbbaa301e5a9d0e57c0
[4:10:03 AM] 📝 PUT /api/display/config/69609bbbaa301e5a9d0e57c0
[4:10:03 AM] 📝 GET /api/display/rooms
[4:10:41 AM] 📝 GET /api/display/room/69490a065e1a04f70b859ca9
[4:10:41 AM] 📝 GET /api/display/config/69490a065e1a04f70b859ca9
[4:10:46 AM] 📝 GET /api/display/room/69490a065e1a04f70b859caa
[4:10:46 AM] 📝 GET /api/display/config/69490a065e1a04f70b859caa
[4:10:48 AM] 📝 GET /api/display/room/69490a065e1a04f70b859cab
[4:10:48 AM] 📝 GET /api/display/config/69490a065e1a04f70b859cab
[4:10:50 AM] 📝 GET /api/display/room/696f36019adeec8a6063cb8c
[4:10:50 AM] 📝 GET /api/display/config/696f36019adeec8a6063cb8c
[4:10:51 AM] 📝 GET /api/display/room/69609bbbaa301e5a9d0e57c0
[4:10:51 AM] 📝 GET /api/display/config/69609bbbaa301e5a9d0e57c0
[4:11:09 AM] 📝 GET /api/bookings/my-bookings
[4:11:12 AM] 📝 GET /api/rooms
[4:11:13 AM] 📝 GET /api/admin/dashboard/statistics
[4:11:14 AM] 📝 GET /api/admin/bookings
[4:11:53 AM] 📝 GET /api/display/rooms
[4:11:56 AM] 📝 GET /api/display/room/69609bbbaa301e5a9d0e57c0
[4:11:56 AM] 📝 GET /api/display/config/69609bbbaa301e5a9d0e57c0
[4:12:11 AM] 📝 GET /api/display/room/69490a065e1a04f70b859ca9
[4:12:11 AM] 📝 GET /api/display/config/69490a065e1a04f70b859ca9
[4:14:52 AM] 📝 PUT /api/display/config/69490a065e1a04f70b859ca9
[4:14:53 AM] 📝 GET /api/display/rooms
[4:15:07 AM] 📝 GET /api/display/room/69490a065e1a04f70b859ca9
[4:16:08 AM] 📝 GET /api/display/room/69490a065e1a04f70b859ca9
[4:16:49 AM] 📝 PUT /api/display/config/69490a065e1a04f70b859ca9
[4:16:50 AM] 📝 GET /api/display/rooms
[4:17:08 AM] 📝 GET /api/display/room/69490a065e1a04f70b859ca9
[4:17:56 AM] 📝 POST /api/auth/login
[4:17:57 AM] 📝 GET /api/rooms
[4:18:08 AM] 📝 GET /api/display/room/69490a065e1a04f70b859ca9
[4:18:11 AM] 📝 GET /api/admin/dashboard/statistics
[4:18:13 AM] 📝 GET /api/display/rooms
[4:18:22 AM] 📝 GET /api/display/room/69490a065e1a04f70b859caa
[4:18:22 AM] 📝 GET /api/display/config/69490a065e1a04f70b859caa
[4:18:53 AM] 📝 GET /api/rooms
[4:18:56 AM] 📝 GET /api/admin/bookings
[4:19:08 AM] 📝 GET /api/display/room/69490a065e1a04f70b859ca9
[4:19:13 AM] 📝 GET /api/display/rooms
[4:19:21 AM] 📝 GET /api/display/room/69609bbbaa301e5a9d0e57c0
[4:19:21 AM] 📝 GET /api/display/config/69609bbbaa301e5a9d0e57c0
[4:20:03 AM] 📝 PUT /api/display/config/69609bbbaa301e5a9d0e57c0
[4:20:03 AM] 📝 GET /api/display/rooms
[4:20:08 AM] 📝 GET /api/display/room/69490a065e1a04f70b859ca9
[4:20:18 AM] 📝 PUT /api/display/config/69609bbbaa301e5a9d0e57c0
[4:20:19 AM] 📝 GET /api/display/rooms
[4:21:08 AM] 📝 GET /api/display/room/69490a065e1a04f70b859ca9
[4:22:07 AM] 📝 GET /api/display/room/69609bbbaa301e5a9d0e57c0
[4:22:07 AM] 📝 GET /api/display/room/69609bbbaa301e5a9d0e57c0
[4:22:08 AM] 📝 GET /api/display/room/69490a065e1a04f70b859ca9
[4:23:09 AM] 📝 GET /api/display/room/69490a065e1a04f70b859ca9
[4:24:10 AM] 📝 GET /api/display/room/69490a065e1a04f70b859ca9
[4:25:04 AM] 📝 GET /api/display/room/69609bbbaa301e5a9d0e57c0
[4:25:11 AM] 📝 GET /api/display/room/69490a065e1a04f70b859ca9
[4:26:04 AM] 📝 GET /api/display/room/69609bbbaa301e5a9d0e57c0
[4:26:12 AM] 📝 GET /api/display/room/69490a065e1a04f70b859ca9
[4:27:04 AM] 📝 GET /api/display/room/69609bbbaa301e5a9d0e57c0
[4:27:13 AM] 📝 GET /api/display/room/69490a065e1a04f70b859ca9
[4:28:04 AM] 📝 GET /api/display/room/69609bbbaa301e5a9d0e57c0
[4:28:14 AM] 📝 GET /api/display/room/69490a065e1a04f70b859ca9
[4:29:04 AM] 📝 GET /api/display/room/69609bbbaa301e5a9d0e57c0
[4:29:15 AM] 📝 GET /api/display/room/69490a065e1a04f70b859ca9
[4:30:04 AM] 📝 GET /api/display/room/69609bbbaa301e5a9d0e57c0
[4:30:27 AM] 📝 GET /api/display/room/69490a065e1a04f70b859ca9
[4:31:04 AM] 📝 GET /api/display/room/69609bbbaa301e5a9d0e57c0
[4:31:17 AM] 📝 GET /api/display/room/69490a065e1a04f70b859ca9
[4:32:04 AM] 📝 GET /api/display/room/69609bbbaa301e5a9d0e57c0
[4:32:18 AM] 📝 GET /api/display/room/69490a065e1a04f70b859ca9
[4:33:04 AM] 📝 GET /api/display/room/69609bbbaa301e5a9d0e57c0
[4:33:19 AM] 📝 GET /api/display/room/69490a065e1a04f70b859ca9
[4:34:04 AM] 📝 GET /api/display/room/69609bbbaa301e5a9d0e57c0
[4:34:20 AM] 📝 GET /api/display/room/69490a065e1a04f70b859ca9
[4:35:04 AM] 📝 GET /api/display/room/69609bbbaa301e5a9d0e57c0
[4:35:21 AM] 📝 GET /api/display/room/69490a065e1a04f70b859ca9
[4:36:04 AM] 📝 GET /api/display/room/69609bbbaa301e5a9d0e57c0
[4:36:22 AM] 📝 GET /api/display/room/69490a065e1a04f70b859ca9
[4:37:04 AM] 📝 GET /api/display/room/69609bbbaa301e5a9d0e57c0
[4:37:23 AM] 📝 GET /api/display/room/69490a065e1a04f70b859ca9
[4:38:04 AM] 📝 GET /api/display/room/69609bbbaa301e5a9d0e57c0
[4:38:24 AM] 📝 GET /api/display/room/69490a065e1a04f70b859ca9
[4:39:04 AM] 📝 GET /api/display/room/69609bbbaa301e5a9d0e57c0
[4:39:25 AM] 📝 GET /api/display/room/69490a065e1a04f70b859ca9
[4:40:04 AM] 📝 GET /api/display/room/69609bbbaa301e5a9d0e57c0
[4:40:26 AM] 📝 GET /api/display/room/69490a065e1a04f70b859ca9
[4:41:04 AM] 📝 GET /api/display/room/69609bbbaa301e5a9d0e57c0
[4:41:27 AM] 📝 GET /api/display/room/69490a065e1a04f70b859ca9
[4:42:28 AM] 📝 GET /api/display/room/69490a065e1a04f70b859ca9
[4:43:29 AM] 📝 GET /api/display/room/69490a065e1a04f70b859ca9
[4:44:09 AM] 📝 GET /api/display/room/69490a065e1a04f70b859ca9

🔌 Received SIGINT. Shutting down gracefully...
✅ HTTP Server closed
✅ MongoDB connection closed
[dotenv@17.2.3] injecting env (4) from .env -- tip: 🔑 add access controls to secrets: https://dotenvx.com/ops
  ✓ Registered: POST /

╔═══════════════════════════════════════╗
║  🚀 Server Started Successfully!      ║
╠═══════════════════════════════════════╣
║  Port: 5000                           ║
║  Host: 0.0.0.0 (Public Access)        ║
║  Time: 5/15/2026, 5:05:50 AM     ║
║  JSON Limit: 10MB (Images Supported)  ║
╚═══════════════════════════════════════╝
  
✅ MongoDB Connected Successfully

🔌 Received SIGINT. Shutting down gracefully...
✅ HTTP Server closed
✅ MongoDB connection closed
[dotenv@17.2.3] injecting env (4) from .env -- tip: ⚙️  override existing env vars with { override: true }
  ✓ Registered: POST /

╔═══════════════════════════════════════╗
║  🚀 Server Started Successfully!      ║
╠═══════════════════════════════════════╣
║  Port: 5000                           ║
║  Host: 0.0.0.0 (Public Access)        ║
║  Time: 5/15/2026, 5:22:11 AM     ║
║  JSON Limit: 10MB (Images Supported)  ║
╚═══════════════════════════════════════╝
  
✅ MongoDB Connected Successfully
[5:22:19 AM] 📝 POST /api/auth/login
[5:22:20 AM] 📝 GET /api/rooms
[5:22:21 AM] 📝 GET /api/admin/dashboard/statistics
[5:22:23 AM] 📝 GET /api/display/rooms
[5:22:25 AM] 📝 GET /api/display/config/69490a065e1a04f70b859ca9
[5:22:25 AM] 📝 GET /api/display/room/69490a065e1a04f70b859ca9
[5:22:31 AM] 📝 GET /api/auth/me
[5:22:31 AM] 📝 GET /api/admin/dashboard/statistics
[5:22:35 AM] 📝 GET /api/display/rooms
[5:22:36 AM] 📝 GET /api/display/room/69490a065e1a04f70b859ca9
[5:22:36 AM] 📝 GET /api/display/media/69490a065e1a04f70b859ca9
[5:22:36 AM] 📝 GET /api/display/config/69490a065e1a04f70b859ca9
[5:22:55 AM] 📝 GET /api/display/room/69490a065e1a04f70b859cab
[5:22:55 AM] 📝 GET /api/display/config/69490a065e1a04f70b859cab
[5:22:55 AM] 📝 GET /api/display/media/69490a065e1a04f70b859cab
[5:22:57 AM] 📝 GET /api/display/media/69609bbbaa301e5a9d0e57c0
[5:22:57 AM] 📝 GET /api/display/config/69609bbbaa301e5a9d0e57c0
[5:22:57 AM] 📝 GET /api/display/room/69609bbbaa301e5a9d0e57c0
[5:27:46 AM] 📝 GET /api/display/room/69490a065e1a04f70b859cab
[5:27:46 AM] 📝 GET /api/display/media/69490a065e1a04f70b859cab
[5:27:46 AM] 📝 GET /api/display/config/69490a065e1a04f70b859cab
[5:27:46 AM] 📝 GET /api/display/config/69490a065e1a04f70b859caa
[5:27:46 AM] 📝 GET /api/display/media/69490a065e1a04f70b859caa
[5:27:46 AM] 📝 GET /api/display/room/69490a065e1a04f70b859caa
[5:27:47 AM] 📝 GET /api/display/config/69490a065e1a04f70b859ca9
[5:27:47 AM] 📝 GET /api/display/media/69490a065e1a04f70b859ca9
[5:27:47 AM] 📝 GET /api/display/room/69490a065e1a04f70b859ca9
[5:27:49 AM] 📝 GET /api/display/room/696f36019adeec8a6063cb8c
[5:27:49 AM] 📝 GET /api/display/media/696f36019adeec8a6063cb8c
[5:27:49 AM] 📝 GET /api/display/config/696f36019adeec8a6063cb8c
[5:27:52 AM] 📝 GET /api/display/room/69609bbbaa301e5a9d0e57c0
[5:27:52 AM] 📝 GET /api/display/config/69609bbbaa301e5a9d0e57c0
[5:27:52 AM] 📝 GET /api/display/media/69609bbbaa301e5a9d0e57c0
[5:27:55 AM] 📝 GET /api/display/room/69490a065e1a04f70b859cab
[5:27:55 AM] 📝 GET /api/display/config/69490a065e1a04f70b859cab
[5:27:55 AM] 📝 GET /api/display/media/69490a065e1a04f70b859cab
[5:27:56 AM] 📝 GET /api/display/room/69490a065e1a04f70b859caa
[5:27:56 AM] 📝 GET /api/display/media/69490a065e1a04f70b859caa
[5:27:56 AM] 📝 GET /api/display/config/69490a065e1a04f70b859caa
[5:27:58 AM] 📝 GET /api/display/media/69490a065e1a04f70b859ca9
[5:27:58 AM] 📝 GET /api/display/room/69490a065e1a04f70b859ca9
[5:27:58 AM] 📝 GET /api/display/config/69490a065e1a04f70b859ca9
[5:28:06 AM] 📝 PUT /api/display/config/69490a065e1a04f70b859ca9
[5:28:06 AM] 📝 GET /api/display/rooms
[5:28:08 AM] 📝 GET /api/display/config/69490a065e1a04f70b859caa
[5:28:08 AM] 📝 GET /api/display/media/69490a065e1a04f70b859caa
[5:28:08 AM] 📝 GET /api/display/room/69490a065e1a04f70b859caa
[5:28:08 AM] 📝 GET /api/display/config/69490a065e1a04f70b859cab
[5:28:08 AM] 📝 GET /api/display/media/69490a065e1a04f70b859cab
[5:28:08 AM] 📝 GET /api/display/room/69490a065e1a04f70b859cab
[5:28:09 AM] 📝 GET /api/display/room/69609bbbaa301e5a9d0e57c0
[5:28:09 AM] 📝 GET /api/display/config/69609bbbaa301e5a9d0e57c0
[5:28:09 AM] 📝 GET /api/display/media/69609bbbaa301e5a9d0e57c0
[5:28:19 AM] 📝 GET /api/display/media/696f36019adeec8a6063cb8c
[5:28:19 AM] 📝 GET /api/display/room/696f36019adeec8a6063cb8c
[5:28:19 AM] 📝 GET /api/display/config/696f36019adeec8a6063cb8c
[5:28:19 AM] 📝 GET /api/display/room/69609bbbaa301e5a9d0e57c0
[5:28:19 AM] 📝 GET /api/display/config/69609bbbaa301e5a9d0e57c0
[5:28:19 AM] 📝 GET /api/display/media/69609bbbaa301e5a9d0e57c0
[5:28:20 AM] 📝 GET /api/display/room/69490a065e1a04f70b859cab
[5:28:20 AM] 📝 GET /api/display/media/69490a065e1a04f70b859cab
[5:28:20 AM] 📝 GET /api/display/config/69490a065e1a04f70b859cab
[5:28:21 AM] 📝 GET /api/display/config/69609bbbaa301e5a9d0e57c0
[5:28:21 AM] 📝 GET /api/display/media/69609bbbaa301e5a9d0e57c0
[5:28:21 AM] 📝 GET /api/display/room/69609bbbaa301e5a9d0e57c0
[5:28:24 AM] 📝 PUT /api/display/config/69609bbbaa301e5a9d0e57c0
[5:28:24 AM] 📝 GET /api/display/rooms
[5:28:31 AM] 📝 GET /api/display/room/69609bbbaa301e5a9d0e57c0
[5:28:58 AM] 📝 POST /api/display/media/69609bbbaa301e5a9d0e57c0
[5:28:58 AM] 📝 GET /api/display/media/69609bbbaa301e5a9d0e57c0
[5:28:58 AM] 📝 GET /api/display/uploads/69609bbbaa301e5a9d0e57c0_1778822938090.jpg
[5:29:27 AM] 📝 GET /api/display/room/69490a065e1a04f70b859cab
[5:29:27 AM] 📝 GET /api/display/config/69490a065e1a04f70b859cab
[5:29:27 AM] 📝 GET /api/display/media/69490a065e1a04f70b859cab
[5:29:29 AM] 📝 GET /api/display/room/69490a065e1a04f70b859ca9
[5:29:29 AM] 📝 GET /api/display/media/69490a065e1a04f70b859ca9
[5:29:29 AM] 📝 GET /api/display/config/69490a065e1a04f70b859ca9
[5:29:33 AM] 📝 GET /api/display/room/69490a065e1a04f70b859ca9
[5:29:37 AM] 📝 GET /api/display/media/69490a065e1a04f70b859cab
[5:29:37 AM] 📝 GET /api/display/config/69490a065e1a04f70b859cab
[5:29:37 AM] 📝 GET /api/display/room/69490a065e1a04f70b859cab
[5:29:38 AM] 📝 GET /api/display/room/69609bbbaa301e5a9d0e57c0
[5:29:38 AM] 📝 GET /api/display/media/69609bbbaa301e5a9d0e57c0
[5:29:38 AM] 📝 GET /api/display/config/69609bbbaa301e5a9d0e57c0
[5:29:42 AM] 📝 PUT /api/display/config/69609bbbaa301e5a9d0e57c0
[5:29:42 AM] 📝 GET /api/display/rooms
[5:29:44 AM] 📝 GET /api/display/room/69609bbbaa301e5a9d0e57c0
[5:30:45 AM] 📝 GET /api/display/room/69609bbbaa301e5a9d0e57c0
[5:31:45 AM] 📝 GET /api/display/room/69609bbbaa301e5a9d0e57c0
[5:32:17 AM] 📝 GET /api/display/room/69609bbbaa301e5a9d0e57c0
[5:38:42 AM] 📝 GET /api/display/room/69490a065e1a04f70b859ca9
[5:38:42 AM] 📝 GET /api/display/media/69490a065e1a04f70b859ca9
[5:38:42 AM] 📝 GET /api/display/config/69490a065e1a04f70b859ca9
[7:06:37 AM] 📝 GET /api/auth/me
[7:06:37 AM] 📝 GET /api/rooms
[7:06:40 AM] 📝 GET /api/admin/dashboard/statistics
[7:06:43 AM] 📝 GET /api/admin/bookings
[7:06:54 AM] 📝 GET /api/bookings/my-bookings
[7:06:56 AM] 📝 GET /api/rooms
[7:08:04 AM] 📝 POST /api/auth/login
[7:08:05 AM] 📝 GET /api/rooms
[7:08:13 AM] 📝 GET /api/bookings/my-bookings
[7:08:15 AM] 📝 GET /api/rooms
[7:08:16 AM] 📝 GET /api/admin/dashboard/statistics
[7:08:18 AM] 📝 GET /api/display/rooms
[7:08:31 AM] 📝 GET /api/display/config/69490a065e1a04f70b859ca9
[7:08:32 AM] 📝 GET /api/display/media/69490a065e1a04f70b859ca9
[7:08:32 AM] 📝 GET /api/display/room/69490a065e1a04f70b859ca9
[7:08:37 AM] 📝 GET /api/display/room/69490a065e1a04f70b859caa
[7:08:37 AM] 📝 GET /api/display/media/69490a065e1a04f70b859caa
[7:08:37 AM] 📝 GET /api/display/config/69490a065e1a04f70b859caa
[7:09:16 AM] 📝 GET /api/bookings
[7:10:48 AM] 📝 GET /api/rooms
[7:10:51 AM] 📝 GET /api/admin/bookings
[7:11:22 AM] 📝 POST /api/bookings
[7:11:24 AM] 📝 GET /api/bookings/my-bookings
[7:11:32 AM] 📝 GET /api/auth/me
[7:11:32 AM] 📝 GET /api/admin/dashboard/statistics
[7:11:34 AM] 📝 GET /api/admin/bookings
[7:11:49 AM] 📝 GET /api/display/rooms
[7:11:52 AM] 📝 GET /api/display/media/696f36019adeec8a6063cb8c
[7:11:52 AM] 📝 GET /api/display/config/696f36019adeec8a6063cb8c
[7:11:52 AM] 📝 GET /api/display/room/696f36019adeec8a6063cb8c
[7:11:56 AM] 📝 GET /api/auth/me
[7:11:56 AM] 📝 GET /api/admin/dashboard/statistics
[7:11:58 AM] 📝 GET /api/display/rooms
[7:11:59 AM] 📝 GET /api/display/room/696f36019adeec8a6063cb8c
[7:11:59 AM] 📝 GET /api/display/media/696f36019adeec8a6063cb8c
[7:11:59 AM] 📝 GET /api/display/config/696f36019adeec8a6063cb8c
[7:12:26 AM] 📝 GET /api/rooms
[7:12:26 AM] 📝 GET /api/bookings/6a06c71af11bf2fb12b9c25a
[7:12:26 AM] 📝 GET /api/bookings
[7:12:39 AM] 📝 GET /api/admin/dashboard/statistics
[7:12:42 AM] 📝 GET /api/admin/bookings
[7:12:51 AM] 📝 PUT /api/admin/bookings/6a06c71af11bf2fb12b9c25a/status
[7:12:52 AM] 📝 GET /api/admin/bookings
[7:13:01 AM] 📝 GET /api/auth/me
[7:13:02 AM] 📝 GET /api/admin/dashboard/statistics
[7:13:03 AM] 📝 GET /api/display/rooms
[7:13:04 AM] 📝 GET /api/display/room/696f36019adeec8a6063cb8c
[7:13:04 AM] 📝 GET /api/display/media/696f36019adeec8a6063cb8c
[7:13:04 AM] 📝 GET /api/display/config/696f36019adeec8a6063cb8c
[7:13:25 AM] 📝 GET /api/bookings/my-bookings
[7:13:26 AM] 📝 GET /api/rooms
[7:13:26 AM] 📝 GET /api/bookings/6a06c71af11bf2fb12b9c25a
[7:13:26 AM] 📝 GET /api/bookings
[7:13:33 AM] 📝 GET /api/bookings
[7:13:41 AM] 📝 GET /api/bookings
[7:13:47 AM] 📝 PUT /api/bookings/6a06c71af11bf2fb12b9c25a
[7:13:49 AM] 📝 GET /api/bookings/my-bookings
[7:13:58 AM] 📝 GET /api/auth/me
[7:13:58 AM] 📝 GET /api/admin/dashboard/statistics
[7:14:01 AM] 📝 GET /api/display/rooms
[7:14:03 AM] 📝 GET /api/display/config/696f36019adeec8a6063cb8c
[7:14:03 AM] 📝 GET /api/display/room/696f36019adeec8a6063cb8c
[7:14:03 AM] 📝 GET /api/display/media/696f36019adeec8a6063cb8c
[7:16:29 AM] 📝 GET /api/auth/me
[7:16:29 AM] 📝 GET /api/admin/dashboard/statistics
[7:17:02 AM] 📝 GET /api/rooms
[7:17:02 AM] 📝 GET /api/bookings/6a06c71af11bf2fb12b9c25a
[7:17:02 AM] 📝 GET /api/bookings
[7:17:10 AM] 📝 GET /api/bookings
[7:17:12 AM] 📝 GET /api/bookings
[7:17:23 AM] 📝 PUT /api/bookings/6a06c71af11bf2fb12b9c25a
[7:17:25 AM] 📝 GET /api/bookings/my-bookings
[7:17:51 AM] 📝 GET /api/display/rooms
[7:17:53 AM] 📝 GET /api/display/room/696f36019adeec8a6063cb8c
[7:17:53 AM] 📝 GET /api/display/config/696f36019adeec8a6063cb8c
[7:17:53 AM] 📝 GET /api/display/media/696f36019adeec8a6063cb8c
[7:18:57 AM] 📝 GET /api/display/room/696f36019adeec8a6063cb8c
[7:18:57 AM] 📝 GET /api/display/room/696f36019adeec8a6063cb8c
[7:21:16 AM] 📝 GET /api/display/room/69490a065e1a04f70b859ca9
[7:21:16 AM] 📝 GET /api/display/config/69490a065e1a04f70b859ca9
[7:21:16 AM] 📝 GET /api/display/media/69490a065e1a04f70b859ca9
[7:21:43 AM] 📝 GET /api/display/room/69490a065e1a04f70b859caa
[7:21:43 AM] 📝 GET /api/display/config/69490a065e1a04f70b859caa
[7:21:43 AM] 📝 GET /api/display/media/69490a065e1a04f70b859caa
[7:22:00 AM] 📝 GET /api/display/config/69490a065e1a04f70b859cab
[7:22:00 AM] 📝 GET /api/display/media/69490a065e1a04f70b859cab
[7:22:00 AM] 📝 GET /api/display/room/69490a065e1a04f70b859cab
[7:22:40 AM] 📝 GET /api/display/config/696f36019adeec8a6063cb8c
[7:22:40 AM] 📝 GET /api/display/room/696f36019adeec8a6063cb8c
[7:22:40 AM] 📝 GET /api/display/media/696f36019adeec8a6063cb8c
[7:23:20 AM] 📝 GET /api/display/media/69490a065e1a04f70b859ca9
[7:23:20 AM] 📝 GET /api/display/config/69490a065e1a04f70b859ca9
[7:23:20 AM] 📝 GET /api/display/room/69490a065e1a04f70b859ca9
[7:28:01 AM] 📝 GET /api/auth/me
[7:28:15 AM] 📝 GET /api/auth/me
[7:28:42 AM] 📝 GET /api/auth/me
[7:28:54 AM] 📝 GET /api/admin/bookings
[7:29:58 AM] 📝 GET /api/auth/me
[7:30:16 AM] 📝 GET /api/bookings
[7:30:27 AM] 📝 GET /api/auth/me
[7:30:41 AM] 📝 POST /api/auth/login
[7:30:55 AM] 📝 POST /api/auth/login
[7:31:02 AM] 📝 GET /api/bookings
[7:31:43 AM] 📝 GET /api/auth/me
[7:32:05 AM] 📝 GET /api/auth/me
[7:32:10 AM] 📝 GET /api/auth/me
[7:32:11 AM] 📝 GET /api/rooms
[7:32:42 AM] 📝 GET /api/auth/me
[7:32:47 AM] 📝 GET /api/auth/me
[7:32:47 AM] 📝 GET /api/rooms
[7:33:40 AM] 📝 GET /api/bookings
[7:33:47 AM] 📝 GET /api/admin/dashboard/statistics
[7:33:48 AM] 📝 GET /api/admin/bookings
[7:34:13 AM] 📝 GET /api/admin/users
[7:34:33 AM] 📝 POST /api/auth/login
[7:35:20 AM] 📝 GET /api/auth/me
[7:35:20 AM] 📝 GET /api/rooms
[7:35:31 AM] 📝 GET /api/departments
[7:36:10 AM] 📝 GET /api/departments
[7:36:25 AM] 📝 POST /api/auth/register
[7:36:37 AM] 📝 POST /api/auth/register
[7:36:40 AM] 📝 POST /api/auth/login
[7:36:40 AM] 📝 GET /api/rooms
[7:36:42 AM] 📝 POST /api/auth/login
[7:36:42 AM] 📝 GET /api/admin/dashboard/statistics
[7:36:51 AM] 📝 POST /api/auth/login
[7:36:52 AM] 📝 GET /api/rooms
[7:36:54 AM] 📝 GET /api/bookings
[7:36:55 AM] 📝 GET /api/admin/users
[7:36:55 AM] 📝 GET /api/rooms
[7:37:11 AM] 📝 PATCH /api/admin/users/6a06cd05f11bf2fb12b9c348/role
[7:37:11 AM] 📝 GET /api/rooms/696f36019adeec8a6063cb8c
[7:37:11 AM] 📝 GET /api/bookings
[7:37:29 AM] 📝 GET /api/auth/me
[7:37:29 AM] 📝 GET /api/rooms
[7:37:52 AM] 📝 GET /api/auth/me
[7:37:53 AM] 📝 GET /api/rooms
[7:38:02 AM] 📝 GET /api/rooms/696f36019adeec8a6063cb8c
[7:38:03 AM] 📝 GET /api/bookings
[7:38:05 AM] 📝 GET /api/admin/dashboard/statistics
[7:39:22 AM] 📝 GET /api/bookings
[7:40:58 AM] 📝 GET /api/admin/dashboard/statistics
[7:41:06 AM] 📝 GET /api/auth/me
[7:41:06 AM] 📝 GET /api/rooms
[7:43:46 AM] 📝 GET /api/bookings
[7:43:47 AM] 📝 GET /api/rooms
[8:13:01 AM] 📝 GET /api/bookings
[8:13:05 AM] 📝 GET /api/rooms
[8:13:06 AM] 📝 GET /api/bookings
[8:13:07 AM] 📝 GET /api/rooms
[8:13:16 AM] 📝 GET /api/rooms/696f36019adeec8a6063cb8c
[8:13:17 AM] 📝 GET /api/bookings
[8:13:23 AM] 📝 GET /api/bookings
[8:14:50 AM] 📝 GET /api/bookings/my-bookings
[8:14:51 AM] 📝 GET /api/rooms
[8:14:52 AM] 📝 GET /api/rooms/696f36019adeec8a6063cb8c
[8:14:52 AM] 📝 GET /api/bookings
[8:14:53 AM] 📝 GET /api/rooms
[8:14:57 AM] 📝 GET /api/rooms/69490a065e1a04f70b859cab
[8:14:57 AM] 📝 GET /api/bookings
[8:15:55 AM] 📝 GET /api/rooms
[8:17:31 AM] 📝 GET /api/rooms/696f36019adeec8a6063cb8c
[8:17:31 AM] 📝 GET /api/bookings
[8:17:39 AM] 📝 GET /api/rooms
[8:17:53 AM] 📝 GET /api/bookings
[8:17:54 AM] 📝 GET /api/rooms
[8:18:02 AM] 📝 GET /api/admin/dashboard/statistics
[8:18:04 AM] 📝 GET /api/display/rooms
[8:18:38 AM] 📝 GET /api/admin/stats/bookings-trend
[8:18:38 AM] 📝 GET /api/admin/stats/monthly-stats
[8:18:38 AM] 📝 GET /api/admin/stats/popular-rooms
[8:18:38 AM] 📝 GET /api/admin/stats/department-usage
[8:18:39 AM] 📝 GET /api/rooms
[8:18:43 AM] 📝 GET /api/display/rooms
[8:18:44 AM] 📝 GET /api/rooms
[8:18:50 AM] 📝 GET /api/display/rooms
[8:20:35 AM] 📝 GET /api/admin/bookings
[8:20:38 AM] 📝 GET /api/display/rooms
[8:21:25 AM] 📝 POST /api/auth/login
[8:21:25 AM] 📝 GET /api/rooms
[8:21:29 AM] 📝 GET /api/admin/dashboard/statistics
[8:21:31 AM] 📝 GET /api/display/rooms
[8:21:36 AM] 📝 GET /api/display/room/696f36019adeec8a6063cb8c
[8:21:36 AM] 📝 GET /api/display/media/696f36019adeec8a6063cb8c
[8:21:36 AM] 📝 GET /api/display/config/696f36019adeec8a6063cb8c
[8:21:40 AM] 📝 GET /api/display/room/69490a065e1a04f70b859cab
[8:21:40 AM] 📝 GET /api/display/media/69490a065e1a04f70b859cab
[8:21:40 AM] 📝 GET /api/display/config/69490a065e1a04f70b859cab
[8:21:41 AM] 📝 GET /api/display/media/69490a065e1a04f70b859caa
[8:21:41 AM] 📝 GET /api/display/room/69490a065e1a04f70b859caa
[8:21:41 AM] 📝 GET /api/display/config/69490a065e1a04f70b859caa
[8:21:41 AM] 📝 GET /api/display/config/69490a065e1a04f70b859ca9
[8:21:41 AM] 📝 GET /api/display/room/69490a065e1a04f70b859ca9
[8:21:41 AM] 📝 GET /api/display/media/69490a065e1a04f70b859ca9
[8:22:04 AM] 📝 GET /api/bookings/my-bookings
[8:22:15 AM] 📝 GET /api/admin/dashboard/statistics
[8:22:16 AM] 📝 GET /api/display/rooms
[8:22:19 AM] 📝 GET /api/display/room/69490a065e1a04f70b859ca9
[8:22:19 AM] 📝 GET /api/display/config/69490a065e1a04f70b859ca9
[8:22:19 AM] 📝 GET /api/display/media/69490a065e1a04f70b859ca9
[8:43:40 AM] 📝 GET /api/auth/me
[8:43:56 AM] 📝 POST /api/auth/login
[8:43:56 AM] 📝 GET /api/rooms
[8:44:05 AM] 📝 GET /api/admin/dashboard/statistics
[8:44:06 AM] 📝 GET /api/display/rooms
[8:44:14 AM] 📝 GET /api/display/room/69490a065e1a04f70b859ca9
[8:44:14 AM] 📝 GET /api/display/media/69490a065e1a04f70b859ca9
[8:44:14 AM] 📝 GET /api/display/config/69490a065e1a04f70b859ca9
[8:44:25 AM] 📝 GET /api/display/room/69490a065e1a04f70b859caa
[8:44:25 AM] 📝 GET /api/display/config/69490a065e1a04f70b859caa
[8:44:25 AM] 📝 GET /api/display/media/69490a065e1a04f70b859caa
[8:44:26 AM] 📝 GET /api/display/config/69490a065e1a04f70b859cab
[8:44:26 AM] 📝 GET /api/display/room/69490a065e1a04f70b859cab
[8:44:26 AM] 📝 GET /api/display/media/69490a065e1a04f70b859cab
[8:44:27 AM] 📝 GET /api/display/room/69609bbbaa301e5a9d0e57c0
[8:44:27 AM] 📝 GET /api/display/media/69609bbbaa301e5a9d0e57c0
[8:44:27 AM] 📝 GET /api/display/config/69609bbbaa301e5a9d0e57c0
[8:44:27 AM] 📝 GET /api/display/uploads/69609bbbaa301e5a9d0e57c0_1778822938090.jpg
[8:44:30 AM] 📝 GET /api/display/room/696f36019adeec8a6063cb8c
[8:44:30 AM] 📝 GET /api/display/config/696f36019adeec8a6063cb8c
[8:44:30 AM] 📝 GET /api/display/media/696f36019adeec8a6063cb8c
[8:45:10 AM] 📝 GET /api/display/config/696f36019adeec8a6063cb8c
[8:45:10 AM] 📝 GET /api/display/room/696f36019adeec8a6063cb8c
[8:45:10 AM] 📝 GET /api/display/media/696f36019adeec8a6063cb8c
[8:45:11 AM] 📝 GET /api/display/room/69609bbbaa301e5a9d0e57c0
[8:45:11 AM] 📝 GET /api/display/config/69609bbbaa301e5a9d0e57c0
[8:45:11 AM] 📝 GET /api/display/media/69609bbbaa301e5a9d0e57c0
[8:45:51 AM] 📝 POST /api/display/media/69609bbbaa301e5a9d0e57c0
[8:45:51 AM] 📝 GET /api/display/media/69609bbbaa301e5a9d0e57c0
[8:45:51 AM] 📝 GET /api/display/uploads/69609bbbaa301e5a9d0e57c0_1778834751491.jpg
[8:48:24 AM] 📝 PUT /api/display/config/69609bbbaa301e5a9d0e57c0
[8:48:24 AM] 📝 GET /api/display/rooms
[8:48:31 AM] 📝 GET /api/display/room/69609bbbaa301e5a9d0e57c0
[8:48:39 AM] 📝 GET /api/display/media/69490a065e1a04f70b859ca9
[8:48:39 AM] 📝 GET /api/display/config/69490a065e1a04f70b859ca9
[8:48:39 AM] 📝 GET /api/display/room/69490a065e1a04f70b859ca9
[8:48:41 AM] 📝 GET /api/display/room/69490a065e1a04f70b859ca9
[8:48:55 AM] 📝 GET /api/display/room/696f36019adeec8a6063cb8c
[8:48:55 AM] 📝 GET /api/display/media/696f36019adeec8a6063cb8c
[8:48:55 AM] 📝 GET /api/display/config/696f36019adeec8a6063cb8c
[8:48:57 AM] 📝 GET /api/display/room/696f36019adeec8a6063cb8c
[8:51:55 AM] 📝 GET /api/bookings/my-bookings
[8:51:57 AM] 📝 GET /api/bookings/698ee6d4ef89c8f0fb15a84e
[8:51:57 AM] 📝 GET /api/rooms
[8:51:58 AM] 📝 GET /api/bookings
[8:52:33 AM] 📝 GET /api/rooms
[8:52:38 AM] 📝 GET /api/rooms
[8:52:40 AM] 📝 GET /api/bookings/my-bookings
[8:52:48 AM] 📝 GET /api/admin/dashboard/statistics
[8:52:52 AM] 📝 GET /api/admin/bookings
[8:53:54 AM] 📝 GET /api/bookings/my-bookings
[8:53:56 AM] 📝 GET /api/rooms
[8:54:09 AM] 📝 GET /api/rooms
[8:54:32 AM] 📝 GET /api/admin/dashboard/statistics
[8:55:12 AM] 📝 GET /api/rooms
[8:55:14 AM] 📝 GET /api/rooms
[8:55:19 AM] 📝 GET /api/rooms/69609bbbaa301e5a9d0e57c0
[8:55:19 AM] 📝 GET /api/bookings
[8:55:21 AM] 📝 GET /api/rooms
[8:55:24 AM] 📝 GET /api/rooms/696f36019adeec8a6063cb8c
[8:55:24 AM] 📝 GET /api/bookings
[8:55:26 AM] 📝 GET /api/bookings
[8:57:09 AM] 📝 GET /api/bookings
[8:57:21 AM] 📝 GET /api/bookings
[8:57:23 AM] 📝 GET /api/bookings
[8:57:25 AM] 📝 GET /api/bookings
[8:57:26 AM] 📝 GET /api/bookings
[8:57:28 AM] 📝 GET /api/rooms
[8:57:34 AM] 📝 GET /api/rooms/69490a065e1a04f70b859ca9
[8:57:34 AM] 📝 GET /api/bookings
[8:57:47 AM] 📝 GET /api/rooms
[9:03:30 AM] 📝 GET /api/bookings/my-bookings
[9:03:31 AM] 📝 GET /api/rooms
[9:04:25 AM] 📝 GET /api/bookings
[9:04:37 AM] 📝 POST /api/bookings
[9:04:39 AM] 📝 GET /api/bookings/my-bookings
[9:04:42 AM] 📝 GET /api/rooms
[9:04:50 AM] 📝 GET /api/bookings
[9:04:55 AM] 📝 POST /api/bookings
[9:04:56 AM] 📝 GET /api/bookings/my-bookings
[9:05:00 AM] 📝 GET /api/rooms
[9:05:15 AM] 📝 GET /api/bookings
[9:06:04 AM] 📝 POST /api/bookings
[9:06:05 AM] 📝 GET /api/bookings/my-bookings
[9:06:08 AM] 📝 GET /api/rooms
[9:06:22 AM] 📝 GET /api/bookings
[9:06:33 AM] 📝 POST /api/bookings
[9:06:35 AM] 📝 GET /api/bookings/my-bookings
[9:06:47 AM] 📝 GET /api/admin/dashboard/statistics
[9:06:48 AM] 📝 GET /api/display/rooms
[9:06:49 AM] 📝 GET /api/display/room/69490a065e1a04f70b859ca9
[9:06:49 AM] 📝 GET /api/display/media/69490a065e1a04f70b859ca9
[9:06:49 AM] 📝 GET /api/display/config/69490a065e1a04f70b859ca9
[9:06:50 AM] 📝 GET /api/display/room/69490a065e1a04f70b859caa
[9:06:50 AM] 📝 GET /api/display/media/69490a065e1a04f70b859caa
[9:06:50 AM] 📝 GET /api/display/config/69490a065e1a04f70b859caa
[9:06:51 AM] 📝 GET /api/display/room/69490a065e1a04f70b859cab
[9:06:51 AM] 📝 GET /api/display/config/69490a065e1a04f70b859cab
[9:06:51 AM] 📝 GET /api/display/media/69490a065e1a04f70b859cab
[9:06:53 AM] 📝 GET /api/display/room/696f36019adeec8a6063cb8c
[9:06:53 AM] 📝 GET /api/display/media/696f36019adeec8a6063cb8c
[9:06:53 AM] 📝 GET /api/display/config/696f36019adeec8a6063cb8c
[9:06:55 AM] 📝 GET /api/admin/bookings
[9:07:10 AM] 📝 GET /api/admin/bookings
[9:07:14 AM] 📝 PUT /api/admin/bookings/6a06e1a5f11bf2fb12b9c488/status
[9:07:16 AM] 📝 GET /api/admin/bookings
[9:07:18 AM] 📝 PUT /api/admin/bookings/6a06e1b7f11bf2fb12b9c492/status
[9:07:19 AM] 📝 GET /api/admin/bookings
[9:07:20 AM] 📝 PUT /api/admin/bookings/6a06e1fcf11bf2fb12b9c49c/status
[9:07:21 AM] 📝 GET /api/admin/bookings
[9:07:22 AM] 📝 PUT /api/admin/bookings/6a06e219f11bf2fb12b9c4a6/status
[9:07:24 AM] 📝 GET /api/admin/bookings
[9:07:48 AM] 📝 GET /api/display/rooms
[9:07:50 AM] 📝 GET /api/display/config/69490a065e1a04f70b859ca9
[9:07:50 AM] 📝 GET /api/display/room/69490a065e1a04f70b859ca9
[9:07:50 AM] 📝 GET /api/display/media/69490a065e1a04f70b859ca9
[9:07:57 AM] 📝 GET /api/bookings
[9:08:01 AM] 📝 GET /api/bookings/my-bookings
[9:08:03 AM] 📝 GET /api/bookings/6a06e1a5f11bf2fb12b9c488
[9:08:03 AM] 📝 GET /api/rooms
[9:08:04 AM] 📝 GET /api/bookings
[9:08:14 AM] 📝 PUT /api/bookings/6a06e1a5f11bf2fb12b9c488
[9:08:16 AM] 📝 GET /api/bookings/my-bookings
[9:08:17 AM] 📝 GET /api/bookings/6a06e1b7f11bf2fb12b9c492
[9:08:17 AM] 📝 GET /api/rooms
[9:08:17 AM] 📝 GET /api/bookings
[9:08:19 AM] 📝 PUT /api/bookings/6a06e1b7f11bf2fb12b9c492
[9:08:20 AM] 📝 GET /api/bookings/my-bookings
[9:08:22 AM] 📝 GET /api/rooms
[9:08:22 AM] 📝 GET /api/bookings/6a06e1fcf11bf2fb12b9c49c
[9:08:22 AM] 📝 GET /api/bookings
[9:08:24 AM] 📝 PUT /api/bookings/6a06e1fcf11bf2fb12b9c49c
[9:08:25 AM] 📝 GET /api/bookings/my-bookings
[9:08:26 AM] 📝 GET /api/bookings/6a06e219f11bf2fb12b9c4a6
[9:08:26 AM] 📝 GET /api/rooms
[9:08:26 AM] 📝 GET /api/bookings
[9:08:28 AM] 📝 PUT /api/bookings/6a06e219f11bf2fb12b9c4a6
[9:08:30 AM] 📝 GET /api/bookings/my-bookings
[9:08:31 AM] 📝 GET /api/admin/dashboard/statistics
[9:08:32 AM] 📝 GET /api/display/rooms
[9:08:33 AM] 📝 GET /api/display/media/69490a065e1a04f70b859ca9
[9:08:33 AM] 📝 GET /api/display/config/69490a065e1a04f70b859ca9
[9:08:33 AM] 📝 GET /api/display/room/69490a065e1a04f70b859ca9
[9:12:58 AM] 📝 GET /api/display/media/69490a065e1a04f70b859caa
[9:12:58 AM] 📝 GET /api/display/room/69490a065e1a04f70b859caa
[9:12:58 AM] 📝 GET /api/display/config/69490a065e1a04f70b859caa
[9:13:06 AM] 📝 GET /api/display/media/69490a065e1a04f70b859ca9
[9:13:06 AM] 📝 GET /api/display/room/69490a065e1a04f70b859ca9
[9:13:06 AM] 📝 GET /api/display/config/69490a065e1a04f70b859ca9
[9:13:07 AM] 📝 GET /api/display/config/69490a065e1a04f70b859caa
[9:13:07 AM] 📝 GET /api/display/room/69490a065e1a04f70b859caa
[9:13:07 AM] 📝 GET /api/display/media/69490a065e1a04f70b859caa
[9:13:08 AM] 📝 GET /api/display/room/69490a065e1a04f70b859ca9
[9:13:08 AM] 📝 GET /api/display/config/69490a065e1a04f70b859ca9
[9:13:08 AM] 📝 GET /api/display/media/69490a065e1a04f70b859ca9
[9:13:09 AM] 📝 GET /api/display/room/69490a065e1a04f70b859ca9
[9:13:09 AM] 📝 GET /api/display/media/69490a065e1a04f70b859ca9
[9:13:09 AM] 📝 GET /api/display/config/69490a065e1a04f70b859ca9
[9:14:14 AM] 📝 PUT /api/display/config/69490a065e1a04f70b859ca9
[9:14:14 AM] 📝 GET /api/display/rooms
[9:14:16 AM] 📝 GET /api/display/room/69490a065e1a04f70b859caa
[9:14:16 AM] 📝 GET /api/display/media/69490a065e1a04f70b859caa
[9:14:16 AM] 📝 GET /api/display/config/69490a065e1a04f70b859caa
[9:14:17 AM] 📝 GET /api/display/room/69490a065e1a04f70b859ca9
[9:14:17 AM] 📝 GET /api/display/config/69490a065e1a04f70b859ca9
[9:14:17 AM] 📝 GET /api/display/media/69490a065e1a04f70b859ca9
[9:14:18 AM] 📝 GET /api/display/config/69490a065e1a04f70b859caa
[9:14:18 AM] 📝 GET /api/display/room/69490a065e1a04f70b859caa
[9:14:18 AM] 📝 GET /api/display/media/69490a065e1a04f70b859caa
[9:14:29 AM] 📝 PUT /api/display/config/69490a065e1a04f70b859caa
[9:14:29 AM] 📝 GET /api/display/rooms
[9:14:30 AM] 📝 GET /api/display/room/69490a065e1a04f70b859ca9
[9:14:30 AM] 📝 GET /api/display/media/69490a065e1a04f70b859ca9
[9:14:30 AM] 📝 GET /api/display/config/69490a065e1a04f70b859ca9
[9:14:31 AM] 📝 GET /api/display/config/69490a065e1a04f70b859caa
[9:14:31 AM] 📝 GET /api/display/media/69490a065e1a04f70b859caa
[9:14:31 AM] 📝 GET /api/display/room/69490a065e1a04f70b859caa
[9:14:31 AM] 📝 GET /api/display/room/69490a065e1a04f70b859ca9
[9:14:31 AM] 📝 GET /api/display/config/69490a065e1a04f70b859ca9
[9:14:31 AM] 📝 GET /api/display/media/69490a065e1a04f70b859ca9
[9:14:32 AM] 📝 GET /api/display/room/69490a065e1a04f70b859caa
[9:14:32 AM] 📝 GET /api/display/media/69490a065e1a04f70b859caa
[9:14:32 AM] 📝 GET /api/display/config/69490a065e1a04f70b859caa
[9:14:33 AM] 📝 GET /api/display/room/69490a065e1a04f70b859cab
[9:14:33 AM] 📝 GET /api/display/media/69490a065e1a04f70b859cab
[9:14:33 AM] 📝 GET /api/display/config/69490a065e1a04f70b859cab
[9:14:44 AM] 📝 PUT /api/display/config/69490a065e1a04f70b859cab
[9:14:44 AM] 📝 GET /api/display/rooms
[9:14:45 AM] 📝 GET /api/display/room/69490a065e1a04f70b859caa
[9:14:45 AM] 📝 GET /api/display/config/69490a065e1a04f70b859caa
[9:14:45 AM] 📝 GET /api/display/media/69490a065e1a04f70b859caa
[9:14:46 AM] 📝 GET /api/display/media/69490a065e1a04f70b859cab
[9:14:46 AM] 📝 GET /api/display/config/69490a065e1a04f70b859cab
[9:14:46 AM] 📝 GET /api/display/room/69490a065e1a04f70b859cab
[9:14:50 AM] 📝 PUT /api/display/config/69490a065e1a04f70b859cab
[9:14:50 AM] 📝 GET /api/display/rooms
[9:14:51 AM] 📝 GET /api/display/config/69490a065e1a04f70b859caa
[9:14:51 AM] 📝 GET /api/display/media/69490a065e1a04f70b859caa
[9:14:51 AM] 📝 GET /api/display/room/69490a065e1a04f70b859caa
[9:14:52 AM] 📝 GET /api/display/room/69490a065e1a04f70b859ca9
[9:14:52 AM] 📝 GET /api/display/config/69490a065e1a04f70b859ca9
[9:14:52 AM] 📝 GET /api/display/media/69490a065e1a04f70b859ca9
[9:14:53 AM] 📝 GET /api/display/media/69490a065e1a04f70b859caa
[9:14:53 AM] 📝 GET /api/display/config/69490a065e1a04f70b859caa
[9:14:53 AM] 📝 GET /api/display/room/69490a065e1a04f70b859caa
[9:14:53 AM] 📝 GET /api/display/room/69490a065e1a04f70b859cab
[9:14:53 AM] 📝 GET /api/display/media/69490a065e1a04f70b859cab
[9:14:53 AM] 📝 GET /api/display/config/69490a065e1a04f70b859cab
[9:14:55 AM] 📝 GET /api/display/room/696f36019adeec8a6063cb8c
[9:14:55 AM] 📝 GET /api/display/media/696f36019adeec8a6063cb8c
[9:14:55 AM] 📝 GET /api/display/config/696f36019adeec8a6063cb8c
[9:15:08 AM] 📝 PUT /api/display/config/696f36019adeec8a6063cb8c
[9:15:08 AM] 📝 GET /api/display/rooms
[9:15:10 AM] 📝 GET /api/display/room/696f36019adeec8a6063cb8c
[9:15:19 AM] 📝 GET /api/display/room/696f36019adeec8a6063cb8c
[9:15:24 AM] 📝 PUT /api/display/config/696f36019adeec8a6063cb8c
[9:15:24 AM] 📝 GET /api/display/rooms
[9:15:27 AM] 📝 GET /api/display/media/69490a065e1a04f70b859cab
[9:15:27 AM] 📝 GET /api/display/config/69490a065e1a04f70b859cab
[9:15:27 AM] 📝 GET /api/display/room/69490a065e1a04f70b859cab
[9:15:30 AM] 📝 PUT /api/display/config/69490a065e1a04f70b859cab
[9:15:30 AM] 📝 GET /api/display/rooms
[9:15:32 AM] 📝 GET /api/display/room/69490a065e1a04f70b859cab
[9:15:35 AM] 📝 GET /api/display/room/69490a065e1a04f70b859caa
[9:15:35 AM] 📝 GET /api/display/config/69490a065e1a04f70b859caa
[9:15:35 AM] 📝 GET /api/display/media/69490a065e1a04f70b859caa
[9:15:38 AM] 📝 PUT /api/display/config/69490a065e1a04f70b859caa
[9:15:38 AM] 📝 GET /api/display/rooms
[9:15:39 AM] 📝 GET /api/display/room/69490a065e1a04f70b859caa
[9:15:42 AM] 📝 GET /api/display/config/69490a065e1a04f70b859ca9
[9:15:42 AM] 📝 GET /api/display/media/69490a065e1a04f70b859ca9
[9:15:42 AM] 📝 GET /api/display/room/69490a065e1a04f70b859ca9
[9:15:45 AM] 📝 PUT /api/display/config/69490a065e1a04f70b859ca9
[9:15:45 AM] 📝 GET /api/display/rooms
[9:15:46 AM] 📝 GET /api/display/room/69490a065e1a04f70b859ca9
[9:18:40 AM] 📝 POST /api/display/media/69490a065e1a04f70b859ca9
[9:18:41 AM] 📝 POST /api/display/media/69490a065e1a04f70b859ca9
[9:18:41 AM] 📝 POST /api/display/media/69490a065e1a04f70b859ca9
[9:18:42 AM] 📝 POST /api/display/media/69490a065e1a04f70b859ca9
[9:18:42 AM] 📝 GET /api/display/media/69490a065e1a04f70b859ca9
[9:18:42 AM] 📝 GET /api/display/uploads/69490a065e1a04f70b859ca9_1778836720904.png
[9:18:42 AM] 📝 GET /api/display/uploads/69490a065e1a04f70b859ca9_1778836721767.png
[9:18:42 AM] 📝 GET /api/display/uploads/69490a065e1a04f70b859ca9_1778836722246.png
[9:18:42 AM] 📝 GET /api/display/uploads/69490a065e1a04f70b859ca9_1778836721329.png
[9:19:53 AM] 📝 PUT /api/display/config/69490a065e1a04f70b859ca9
[9:19:53 AM] 📝 GET /api/display/rooms
[9:19:54 AM] 📝 GET /api/display/room/69490a065e1a04f70b859ca9
[9:21:02 AM] 📝 PUT /api/display/config/69490a065e1a04f70b859ca9
[9:21:02 AM] 📝 GET /api/display/rooms
[9:21:03 AM] 📝 GET /api/display/room/69490a065e1a04f70b859ca9
[9:21:09 AM] 📝 PUT /api/display/config/69490a065e1a04f70b859ca9
[9:21:09 AM] 📝 GET /api/display/rooms
[9:21:11 AM] 📝 GET /api/display/room/69490a065e1a04f70b859ca9
[9:21:43 AM] 📝 PUT /api/display/config/69490a065e1a04f70b859ca9
[9:21:43 AM] 📝 GET /api/display/rooms
[9:21:44 AM] 📝 GET /api/display/room/69490a065e1a04f70b859ca9
[9:22:35 AM] 📝 PUT /api/display/config/69490a065e1a04f70b859ca9
[9:22:35 AM] 📝 GET /api/display/rooms
[9:22:41 AM] 📝 GET /api/display/room/69490a065e1a04f70b859caa
[9:22:41 AM] 📝 GET /api/display/media/69490a065e1a04f70b859caa
[9:22:41 AM] 📝 GET /api/display/config/69490a065e1a04f70b859caa
[9:22:47 AM] 📝 POST /api/display/media/69490a065e1a04f70b859caa
[9:22:47 AM] 📝 POST /api/display/media/69490a065e1a04f70b859caa
[9:22:48 AM] 📝 POST /api/display/media/69490a065e1a04f70b859caa
[9:22:48 AM] 📝 POST /api/display/media/69490a065e1a04f70b859caa
[9:22:48 AM] 📝 GET /api/display/media/69490a065e1a04f70b859caa
[9:22:49 AM] 📝 GET /api/display/uploads/69490a065e1a04f70b859caa_1778836968895.png
[9:22:49 AM] 📝 GET /api/display/uploads/69490a065e1a04f70b859caa_1778836967898.png
[9:22:49 AM] 📝 GET /api/display/uploads/69490a065e1a04f70b859caa_1778836967381.png
[9:22:49 AM] 📝 GET /api/display/uploads/69490a065e1a04f70b859caa_1778836968444.png
[9:23:26 AM] 📝 PUT /api/display/config/69490a065e1a04f70b859caa
[9:23:26 AM] 📝 GET /api/display/rooms
[9:23:27 AM] 📝 GET /api/display/room/69490a065e1a04f70b859caa
[9:23:42 AM] 📝 PUT /api/display/config/69490a065e1a04f70b859caa
[9:23:42 AM] 📝 GET /api/display/rooms
[9:23:43 AM] 📝 GET /api/display/room/69490a065e1a04f70b859caa
[9:24:10 AM] 📝 PUT /api/display/config/69490a065e1a04f70b859caa
[9:24:10 AM] 📝 GET /api/display/rooms
[9:24:14 AM] 📝 GET /api/display/room/69490a065e1a04f70b859caa
[9:24:18 AM] 📝 GET /api/display/room/69490a065e1a04f70b859cab
[9:24:18 AM] 📝 GET /api/display/media/69490a065e1a04f70b859cab
[9:24:18 AM] 📝 GET /api/display/config/69490a065e1a04f70b859cab
[9:24:26 AM] 📝 POST /api/display/media/69490a065e1a04f70b859cab
[9:24:26 AM] 📝 POST /api/display/media/69490a065e1a04f70b859cab
[9:24:26 AM] 📝 POST /api/display/media/69490a065e1a04f70b859cab
[9:24:27 AM] 📝 POST /api/display/media/69490a065e1a04f70b859cab
[9:24:27 AM] 📝 GET /api/display/media/69490a065e1a04f70b859cab
[9:24:27 AM] 📝 GET /api/display/uploads/69490a065e1a04f70b859cab_1778837067368.png
[9:24:27 AM] 📝 GET /api/display/uploads/69490a065e1a04f70b859cab_1778837066488.png
[9:24:27 AM] 📝 GET /api/display/uploads/69490a065e1a04f70b859cab_1778837066914.png
[9:24:27 AM] 📝 GET /api/display/uploads/69490a065e1a04f70b859cab_1778837066057.png
[9:25:23 AM] 📝 PUT /api/display/config/69490a065e1a04f70b859cab
[9:25:24 AM] 📝 GET /api/display/rooms
[9:25:25 AM] 📝 GET /api/display/room/69490a065e1a04f70b859cab
[9:25:32 AM] 📝 PUT /api/display/config/69490a065e1a04f70b859cab
[9:25:32 AM] 📝 GET /api/display/rooms
[9:25:33 AM] 📝 GET /api/display/room/69490a065e1a04f70b859cab
[9:25:50 AM] 📝 GET /api/display/room/69490a065e1a04f70b859caa
[9:25:50 AM] 📝 GET /api/display/media/69490a065e1a04f70b859caa
[9:25:50 AM] 📝 GET /api/display/config/69490a065e1a04f70b859caa
[9:25:51 AM] 📝 GET /api/display/room/69490a065e1a04f70b859ca9
[9:25:51 AM] 📝 GET /api/display/config/69490a065e1a04f70b859ca9
[9:25:51 AM] 📝 GET /api/display/media/69490a065e1a04f70b859ca9
[9:25:52 AM] 📝 GET /api/display/media/69490a065e1a04f70b859caa
[9:25:52 AM] 📝 GET /api/display/room/69490a065e1a04f70b859caa
[9:25:52 AM] 📝 GET /api/display/config/69490a065e1a04f70b859caa
[9:25:53 AM] 📝 GET /api/display/room/69490a065e1a04f70b859cab
[9:25:53 AM] 📝 GET /api/display/media/69490a065e1a04f70b859cab
[9:25:53 AM] 📝 GET /api/display/config/69490a065e1a04f70b859cab
[9:25:55 AM] 📝 GET /api/display/room/696f36019adeec8a6063cb8c
[9:25:55 AM] 📝 GET /api/display/config/696f36019adeec8a6063cb8c
[9:25:55 AM] 📝 GET /api/display/media/696f36019adeec8a6063cb8c
[9:26:02 AM] 📝 POST /api/display/media/696f36019adeec8a6063cb8c
[9:26:03 AM] 📝 POST /api/display/media/696f36019adeec8a6063cb8c
[9:26:03 AM] 📝 POST /api/display/media/696f36019adeec8a6063cb8c
[9:26:04 AM] 📝 POST /api/display/media/696f36019adeec8a6063cb8c
[9:26:04 AM] 📝 GET /api/display/media/696f36019adeec8a6063cb8c
[9:26:04 AM] 📝 GET /api/display/uploads/696f36019adeec8a6063cb8c_1778837164258.png
[9:26:04 AM] 📝 GET /api/display/uploads/696f36019adeec8a6063cb8c_1778837163809.png
[9:26:04 AM] 📝 GET /api/display/uploads/696f36019adeec8a6063cb8c_1778837162683.png
[9:26:04 AM] 📝 GET /api/display/uploads/696f36019adeec8a6063cb8c_1778837163242.png
[9:26:49 AM] 📝 PUT /api/display/config/696f36019adeec8a6063cb8c
[9:26:49 AM] 📝 GET /api/display/rooms
[9:26:50 AM] 📝 GET /api/display/room/696f36019adeec8a6063cb8c
[9:26:59 AM] 📝 PUT /api/display/config/696f36019adeec8a6063cb8c
[9:26:59 AM] 📝 GET /api/display/rooms
[9:27:00 AM] 📝 GET /api/display/room/696f36019adeec8a6063cb8c
[9:27:13 AM] 📝 GET /api/display/room/69490a065e1a04f70b859ca9
[9:27:13 AM] 📝 GET /api/display/media/69490a065e1a04f70b859ca9
[9:27:13 AM] 📝 GET /api/display/config/69490a065e1a04f70b859ca9
[9:27:15 AM] 📝 GET /api/display/room/69490a065e1a04f70b859cab
[9:27:15 AM] 📝 GET /api/display/config/69490a065e1a04f70b859cab
[9:27:15 AM] 📝 GET /api/display/media/69490a065e1a04f70b859cab
[9:27:16 AM] 📝 GET /api/display/media/69490a065e1a04f70b859caa
[9:27:16 AM] 📝 GET /api/display/room/69490a065e1a04f70b859caa
[9:27:16 AM] 📝 GET /api/display/config/69490a065e1a04f70b859caa
[9:27:17 AM] 📝 GET /api/display/room/69609bbbaa301e5a9d0e57c0
[9:27:17 AM] 📝 GET /api/display/config/69609bbbaa301e5a9d0e57c0
[9:27:17 AM] 📝 GET /api/display/media/69609bbbaa301e5a9d0e57c0
[9:27:17 AM] 📝 GET /api/display/uploads/69609bbbaa301e5a9d0e57c0_1778834751491.jpg
[9:27:17 AM] 📝 GET /api/display/uploads/69609bbbaa301e5a9d0e57c0_1778822938090.jpg
[9:27:19 AM] 📝 GET /api/display/media/69490a065e1a04f70b859cab
[9:27:19 AM] 📝 GET /api/display/room/69490a065e1a04f70b859cab
[9:27:19 AM] 📝 GET /api/display/config/69490a065e1a04f70b859cab
[9:27:21 AM] 📝 GET /api/display/room/69490a065e1a04f70b859caa
[9:27:21 AM] 📝 GET /api/display/media/69490a065e1a04f70b859caa
[9:27:21 AM] 📝 GET /api/display/config/69490a065e1a04f70b859caa
[9:27:21 AM] 📝 GET /api/display/config/69490a065e1a04f70b859ca9
[9:27:21 AM] 📝 GET /api/display/room/69490a065e1a04f70b859ca9
[9:27:21 AM] 📝 GET /api/display/media/69490a065e1a04f70b859ca9
[9:27:22 AM] 📝 GET /api/display/config/69490a065e1a04f70b859caa
[9:27:22 AM] 📝 GET /api/display/room/69490a065e1a04f70b859caa
[9:27:22 AM] 📝 GET /api/display/media/69490a065e1a04f70b859caa
[9:27:23 AM] 📝 GET /api/display/room/69490a065e1a04f70b859cab
[9:27:23 AM] 📝 GET /api/display/config/69490a065e1a04f70b859cab
[9:27:23 AM] 📝 GET /api/display/media/69490a065e1a04f70b859cab
[9:27:24 AM] 📝 GET /api/display/room/696f36019adeec8a6063cb8c
[9:27:24 AM] 📝 GET /api/display/config/696f36019adeec8a6063cb8c
[9:27:24 AM] 📝 GET /api/display/media/696f36019adeec8a6063cb8c
[9:27:26 AM] 📝 GET /api/display/room/69490a065e1a04f70b859ca9
[9:27:26 AM] 📝 GET /api/display/media/69490a065e1a04f70b859ca9
[9:27:26 AM] 📝 GET /api/display/config/69490a065e1a04f70b859ca9
[6:15:18 AM] 📝 GET /api/auth/me

🔌 Received SIGINT. Shutting down gracefully...
✅ HTTP Server closed
✅ MongoDB connection closed
[dotenv@17.2.3] injecting env (7) from .env -- tip: ⚙️  load multiple .env files with { path: ['.env.local', '.env'] }
  ✓ Registered: POST /

╔═══════════════════════════════════════╗
║  🚀 Server Started Successfully!      ║
╠═══════════════════════════════════════╣
║  Port: 5000                           ║
║  Host: 0.0.0.0 (Public Access)        ║
║  Time: 5/17/2026, 6:17:16 AM     ║
║  JSON Limit: 10MB (Images Supported)  ║
╚═══════════════════════════════════════╝
  
✅ MongoDB Connected Successfully
[6:35:38 AM] 📝 GET /api/auth/me
[7:04:46 AM] 📝 GET /api/auth/me

🔌 Received SIGINT. Shutting down gracefully...
✅ HTTP Server closed
✅ MongoDB connection closed
[dotenv@17.2.3] injecting env (7) from .env -- tip: 🔐 prevent committing .env to code: https://dotenvx.com/precommit
  ✓ Registered: POST /

╔═══════════════════════════════════════╗
║  🚀 Server Started Successfully!      ║
╠═══════════════════════════════════════╣
║  Port: 5000                           ║
║  Host: 0.0.0.0 (Public Access)        ║
║  Time: 5/17/2026, 7:15:18 AM     ║
║  JSON Limit: 10MB (Images Supported)  ║
╚═══════════════════════════════════════╝
  
✅ MongoDB Connected Successfully
[7:19:24 AM] 📝 POST /api/auth/exchange-code
━━━━━━━━━━━━━━━━━━━━━━━━━━━━━━━━━━
🔐 UMS Exchange Code Request
━━━━━━━━━━━━━━━━━━━━━━━━━━━━━━━━━━
📥 Code: eyJhbGciOiJIUzI1NiIsInR5cCI6IkpXVCJ9.eyJpZCI6IjY5NmUyYTljYWUxMTg0OWFmYTdhNTM5ZCIsInJvbGUiOiJzdXBlcmFkbWluIiwidXNlcm5hbWUiOiJuYWlvb2IiLCJpYXQiOjE3NzkwMDIzNjQsImV4cCI6MTc3OTA4ODc2NH0.nM9wuS4415yR3MR1PEugNqdZ2zX389e3aSN44I30y7g
📥 ProjectCode: APP_DOCS
🔄 Trying: POST https://nssv.nsm.go.th/ums/api/auth/exchange-code
   Body: {
  code: 'eyJhbGciOiJIUzI1NiIsInR5cCI6IkpXVCJ9.eyJpZCI6IjY5NmUyYTljYWUxMTg0OWFmYTdhNTM5ZCIsInJvbGUiOiJzdXBlcmFkbWluIiwidXNlcm5hbWUiOiJuYWlvb2IiLCJpYXQiOjE3NzkwMDIzNjQsImV4cCI6MTc3OTA4ODc2NH0.nM9wuS4415yR3MR1PEugNqdZ2zX389e3aSN44I30y7g',
  project: 'APP_DOCS'
}
   📤 Status: 400
   📤 Response: {
  "status": "error",
  "message": "กรุณาระบุ code และ projectCode"
}
🔄 Trying: POST https://nssv.nsm.go.th/ums/api/auth/get-user-by-code
   Body: {
  code: 'eyJhbGciOiJIUzI1NiIsInR5cCI6IkpXVCJ9.eyJpZCI6IjY5NmUyYTljYWUxMTg0OWFmYTdhNTM5ZCIsInJvbGUiOiJzdXBlcmFkbWluIiwidXNlcm5hbWUiOiJuYWlvb2IiLCJpYXQiOjE3NzkwMDIzNjQsImV4cCI6MTc3OTA4ODc2NH0.nM9wuS4415yR3MR1PEugNqdZ2zX389e3aSN44I30y7g',
  project: 'APP_DOCS'
}
   📤 Status: 404
   📤 Response: {
  "status": "error",
  "message": "Route not found"
}
🔄 Trying: POST https://nssv.nsm.go.th/ums/api/exchange-code
   Body: {
  code: 'eyJhbGciOiJIUzI1NiIsInR5cCI6IkpXVCJ9.eyJpZCI6IjY5NmUyYTljYWUxMTg0OWFmYTdhNTM5ZCIsInJvbGUiOiJzdXBlcmFkbWluIiwidXNlcm5hbWUiOiJuYWlvb2IiLCJpYXQiOjE3NzkwMDIzNjQsImV4cCI6MTc3OTA4ODc2NH0.nM9wuS4415yR3MR1PEugNqdZ2zX389e3aSN44I30y7g',
  project: 'APP_DOCS'
}
   📤 Status: 404
   📤 Response: {
  "status": "error",
  "message": "Route not found"
}
🔄 Trying: POST https://nssv.nsm.go.th/ums/api/auth/code
   Body: {
  code: 'eyJhbGciOiJIUzI1NiIsInR5cCI6IkpXVCJ9.eyJpZCI6IjY5NmUyYTljYWUxMTg0OWFmYTdhNTM5ZCIsInJvbGUiOiJzdXBlcmFkbWluIiwidXNlcm5hbWUiOiJuYWlvb2IiLCJpYXQiOjE3NzkwMDIzNjQsImV4cCI6MTc3OTA4ODc2NH0.nM9wuS4415yR3MR1PEugNqdZ2zX389e3aSN44I30y7g',
  project: 'APP_DOCS'
}
   📤 Status: 404
   📤 Response: {
  "status": "error",
  "message": "Route not found"
}
🔄 Trying: POST https://nssv.nsm.go.th/ums/api/get-user
   Body: {
  code: 'eyJhbGciOiJIUzI1NiIsInR5cCI6IkpXVCJ9.eyJpZCI6IjY5NmUyYTljYWUxMTg0OWFmYTdhNTM5ZCIsInJvbGUiOiJzdXBlcmFkbWluIiwidXNlcm5hbWUiOiJuYWlvb2IiLCJpYXQiOjE3NzkwMDIzNjQsImV4cCI6MTc3OTA4ODc2NH0.nM9wuS4415yR3MR1PEugNqdZ2zX389e3aSN44I30y7g',
  project: 'APP_DOCS'
}
   📤 Status: 404
   📤 Response: {
  "status": "error",
  "message": "Route not found"
}
❌ All endpoints failed
[7:42:30 AM] 📝 POST /api/auth/exchange-code
━━━━━━━━━━━━━━━━━━━━━━━━━━━━━━━━━━
🔐 UMS Exchange Code Request
━━━━━━━━━━━━━━━━━━━━━━━━━━━━━━━━━━
📥 Code: eyJhbGciOiJIUzI1NiIsInR5cCI6IkpXVCJ9.eyJpZCI6IjY5NmUyYTljYWUxMTg0OWFmYTdhNTM5ZCIsInJvbGUiOiJzdXBlcmFkbWluIiwidXNlcm5hbWUiOiJuYWlvb2IiLCJpYXQiOjE3NzkwMDIzNjQsImV4cCI6MTc3OTA4ODc2NH0.nM9wuS4415yR3MR1PEugNqdZ2zX389e3aSN44I30y7g
📥 ProjectCode: APP_DOCS
🔄 Trying: POST https://nssv.nsm.go.th/ums/api/auth/exchange-code
   Body: {
  code: 'eyJhbGciOiJIUzI1NiIsInR5cCI6IkpXVCJ9.eyJpZCI6IjY5NmUyYTljYWUxMTg0OWFmYTdhNTM5ZCIsInJvbGUiOiJzdXBlcmFkbWluIiwidXNlcm5hbWUiOiJuYWlvb2IiLCJpYXQiOjE3NzkwMDIzNjQsImV4cCI6MTc3OTA4ODc2NH0.nM9wuS4415yR3MR1PEugNqdZ2zX389e3aSN44I30y7g',
  project: 'APP_DOCS'
}
   📤 Status: 400
   📤 Response: {
  "status": "error",
  "message": "กรุณาระบุ code และ projectCode"
}
🔄 Trying: POST https://nssv.nsm.go.th/ums/api/auth/get-user-by-code
   Body: {
  code: 'eyJhbGciOiJIUzI1NiIsInR5cCI6IkpXVCJ9.eyJpZCI6IjY5NmUyYTljYWUxMTg0OWFmYTdhNTM5ZCIsInJvbGUiOiJzdXBlcmFkbWluIiwidXNlcm5hbWUiOiJuYWlvb2IiLCJpYXQiOjE3NzkwMDIzNjQsImV4cCI6MTc3OTA4ODc2NH0.nM9wuS4415yR3MR1PEugNqdZ2zX389e3aSN44I30y7g',
  project: 'APP_DOCS'
}
   📤 Status: 404
   📤 Response: {
  "status": "error",
  "message": "Route not found"
}
🔄 Trying: POST https://nssv.nsm.go.th/ums/api/exchange-code
   Body: {
  code: 'eyJhbGciOiJIUzI1NiIsInR5cCI6IkpXVCJ9.eyJpZCI6IjY5NmUyYTljYWUxMTg0OWFmYTdhNTM5ZCIsInJvbGUiOiJzdXBlcmFkbWluIiwidXNlcm5hbWUiOiJuYWlvb2IiLCJpYXQiOjE3NzkwMDIzNjQsImV4cCI6MTc3OTA4ODc2NH0.nM9wuS4415yR3MR1PEugNqdZ2zX389e3aSN44I30y7g',
  project: 'APP_DOCS'
}
   📤 Status: 404
   📤 Response: {
  "status": "error",
  "message": "Route not found"
}
🔄 Trying: POST https://nssv.nsm.go.th/ums/api/auth/code
   Body: {
  code: 'eyJhbGciOiJIUzI1NiIsInR5cCI6IkpXVCJ9.eyJpZCI6IjY5NmUyYTljYWUxMTg0OWFmYTdhNTM5ZCIsInJvbGUiOiJzdXBlcmFkbWluIiwidXNlcm5hbWUiOiJuYWlvb2IiLCJpYXQiOjE3NzkwMDIzNjQsImV4cCI6MTc3OTA4ODc2NH0.nM9wuS4415yR3MR1PEugNqdZ2zX389e3aSN44I30y7g',
  project: 'APP_DOCS'
}
   📤 Status: 404
   📤 Response: {
  "status": "error",
  "message": "Route not found"
}
🔄 Trying: POST https://nssv.nsm.go.th/ums/api/get-user
   Body: {
  code: 'eyJhbGciOiJIUzI1NiIsInR5cCI6IkpXVCJ9.eyJpZCI6IjY5NmUyYTljYWUxMTg0OWFmYTdhNTM5ZCIsInJvbGUiOiJzdXBlcmFkbWluIiwidXNlcm5hbWUiOiJuYWlvb2IiLCJpYXQiOjE3NzkwMDIzNjQsImV4cCI6MTc3OTA4ODc2NH0.nM9wuS4415yR3MR1PEugNqdZ2zX389e3aSN44I30y7g',
  project: 'APP_DOCS'
}
   📤 Status: 404
   📤 Response: {
  "status": "error",
  "message": "Route not found"
}
❌ All endpoints failed
[7:43:32 AM] 📝 GET /api/auth/me

🔌 Received SIGINT. Shutting down gracefully...
✅ HTTP Server closed
✅ MongoDB connection closed
[dotenv@17.2.3] injecting env (7) from .env -- tip: ⚙️  specify custom .env file path with { path: '/custom/path/.env' }
  ✓ Registered: POST /

╔═══════════════════════════════════════╗
║  🚀 Server Started Successfully!      ║
╠═══════════════════════════════════════╣
║  Port: 5000                           ║
║  Host: 0.0.0.0 (Public Access)        ║
║  Time: 5/17/2026, 7:48:40 AM     ║
║  JSON Limit: 10MB (Images Supported)  ║
╚═══════════════════════════════════════╝
  
✅ MongoDB Connected Successfully
[7:48:48 AM] 📝 GET /api/auth/me

🔌 Received SIGINT. Shutting down gracefully...
✅ HTTP Server closed
✅ MongoDB connection closed
[dotenv@17.2.3] injecting env (7) from .env -- tip: 🔐 encrypt with Dotenvx: https://dotenvx.com
  ✓ Registered: POST /

╔═══════════════════════════════════════╗
║  🚀 Server Started Successfully!      ║
╠═══════════════════════════════════════╣
║  Port: 5000                           ║
║  Host: 0.0.0.0 (Public Access)        ║
║  Time: 5/17/2026, 7:54:18 AM     ║
║  JSON Limit: 10MB (Images Supported)  ║
╚═══════════════════════════════════════╝
  
✅ MongoDB Connected Successfully
[7:54:55 AM] 📝 POST /api/auth/exchange-code
━━━━━━━━━━━━━━━━━━━━━━━━━━━━━━━━━━
🔐 UMS Exchange Code Request
━━━━━━━━━━━━━━━━━━━━━━━━━━━━━━━━━━
📥 Code: 7061b359b93ce7055e51ddb5b195e6c65d0697d8605f9ab2e4962c22b032e0f4
📥 ProjectCode: MEETBOOKING
🔄 Trying: POST https://nssv.nsm.go.th/ums/api/auth/exchange-code
   Body: {
  code: '7061b359b93ce7055e51ddb5b195e6c65d0697d8605f9ab2e4962c22b032e0f4',
  project: 'MEETBOOKING'
}
   📤 Status: 400
   📤 Response: {
  "status": "error",
  "message": "กรุณาระบุ code และ projectCode"
}
🔄 Trying: POST https://nssv.nsm.go.th/ums/api/auth/get-user-by-code
   Body: {
  code: '7061b359b93ce7055e51ddb5b195e6c65d0697d8605f9ab2e4962c22b032e0f4',
  project: 'MEETBOOKING'
}
   📤 Status: 404
   📤 Response: {
  "status": "error",
  "message": "Route not found"
}
🔄 Trying: POST https://nssv.nsm.go.th/ums/api/exchange-code
   Body: {
  code: '7061b359b93ce7055e51ddb5b195e6c65d0697d8605f9ab2e4962c22b032e0f4',
  project: 'MEETBOOKING'
}
   📤 Status: 404
   📤 Response: {
  "status": "error",
  "message": "Route not found"
}
🔄 Trying: POST https://nssv.nsm.go.th/ums/api/auth/code
   Body: {
  code: '7061b359b93ce7055e51ddb5b195e6c65d0697d8605f9ab2e4962c22b032e0f4',
  project: 'MEETBOOKING'
}
   📤 Status: 404
   📤 Response: {
  "status": "error",
  "message": "Route not found"
}
🔄 Trying: POST https://nssv.nsm.go.th/ums/api/get-user
   Body: {
  code: '7061b359b93ce7055e51ddb5b195e6c65d0697d8605f9ab2e4962c22b032e0f4',
  project: 'MEETBOOKING'
}
   📤 Status: 404
   📤 Response: {
  "status": "error",
  "message": "Route not found"
}
❌ All endpoints failed
[7:58:37 AM] 📝 POST /api/auth/exchange-code
━━━━━━━━━━━━━━━━━━━━━━━━━━━━━━━━━━
🔐 UMS Exchange Code Request
━━━━━━━━━━━━━━━━━━━━━━━━━━━━━━━━━━
📥 Code: 3300f63abc737b37252a0ea301337d63e63843e9c49d2cc66af5e7ba271a7298
📥 ProjectCode: MEETBOOKING
🔄 Trying: POST https://nssv.nsm.go.th/ums/api/auth/exchange-code
   Body: {
  code: '3300f63abc737b37252a0ea301337d63e63843e9c49d2cc66af5e7ba271a7298',
  project: 'MEETBOOKING'
}
   📤 Status: 400
   📤 Response: {
  "status": "error",
  "message": "กรุณาระบุ code และ projectCode"
}
🔄 Trying: POST https://nssv.nsm.go.th/ums/api/auth/get-user-by-code
   Body: {
  code: '3300f63abc737b37252a0ea301337d63e63843e9c49d2cc66af5e7ba271a7298',
  project: 'MEETBOOKING'
}
   📤 Status: 404
   📤 Response: {
  "status": "error",
  "message": "Route not found"
}
🔄 Trying: POST https://nssv.nsm.go.th/ums/api/exchange-code
   Body: {
  code: '3300f63abc737b37252a0ea301337d63e63843e9c49d2cc66af5e7ba271a7298',
  project: 'MEETBOOKING'
}
   📤 Status: 404
   📤 Response: {
  "status": "error",
  "message": "Route not found"
}
🔄 Trying: POST https://nssv.nsm.go.th/ums/api/auth/code
   Body: {
  code: '3300f63abc737b37252a0ea301337d63e63843e9c49d2cc66af5e7ba271a7298',
  project: 'MEETBOOKING'
}
   📤 Status: 404
   📤 Response: {
  "status": "error",
  "message": "Route not found"
}
🔄 Trying: POST https://nssv.nsm.go.th/ums/api/get-user
   Body: {
  code: '3300f63abc737b37252a0ea301337d63e63843e9c49d2cc66af5e7ba271a7298',
  project: 'MEETBOOKING'
}
   📤 Status: 404
   📤 Response: {
  "status": "error",
  "message": "Route not found"
}
❌ All endpoints failed

🔌 Received SIGINT. Shutting down gracefully...
✅ HTTP Server closed
✅ MongoDB connection closed
[dotenv@17.2.3] injecting env (7) from .env -- tip: 🔐 prevent committing .env to code: https://dotenvx.com/precommit
  ✓ Registered: POST /

╔═══════════════════════════════════════╗
║  🚀 Server Started Successfully!      ║
╠═══════════════════════════════════════╣
║  Port: 5000                           ║
║  Host: 0.0.0.0 (Public Access)        ║
║  Time: 5/17/2026, 8:10:33 AM     ║
║  JSON Limit: 10MB (Images Supported)  ║
╚═══════════════════════════════════════╝
  
✅ MongoDB Connected Successfully
[8:11:16 AM] 📝 GET /api/auth/me
[8:11:29 AM] 📝 POST /api/auth/exchange-code
━━━━━━━━━━━━━━━━━━━━━━━━━━━━━━━━━━
🔐 UMS Exchange Code Request
   📥 code: 7a94364fd1a36862a279f492469a585b6c8b9886250b3ad20ab2f3a7e51e9cab
   📥 projectCode: MEETBOOKING
   🔄 Calling: POST https://nssv.nsm.go.th/ums/api/auth/exchange-code
   📤 UMS Status: 200
   📤 UMS Response: {
  "status": "success",
  "token": "eyJhbGciOiJIUzI1NiIsInR5cCI6IkpXVCJ9.eyJpZCI6IjY5NmUyYTljYWUxMTg0OWFmYTdhNTM5ZCIsInJvbGUiOiJzdXBlcmFkbWluIiwidXNlcm5hbWUiOiJuYWlvb2IiLCJpYXQiOjE3NzkwMDU0ODksImV4cCI6MTc3OTA5MTg4OX0.AJLGLNLHGh-C5MLvFE0UrkFukymMmo2cNTnhi7Tn8Qc",
  "user": {
    "id": "696e2a9cae11849afa7a539d",
    "username": "naioob",
    "email": "naioob@gmail.com",
    "firstName": "ธนะรักษ์ oob",
    "lastName": "สุขสันต์",
    "role": "superadmin",
    "phone": "0931317150"
  }
}
   🎯 Role: superadmin → admin
   ✅ Login success: ธนะรักษ์ oob สุขสันต์ (admin)
━━━━━━━━━━━━━━━━━━━━━━━━━━━━━━━━━━
[8:11:30 AM] 📝 GET /api/rooms
[8:12:20 AM] 📝 GET /api/admin/dashboard/statistics
[8:27:15 AM] 📝 GET /api/auth/me
[8:28:01 AM] 📝 GET /api/auth/me
[8:39:12 AM] 📝 GET /api/auth/me
[9:00:30 AM] 📝 GET /api/auth/me
[9:02:58 AM] 📝 GET /api/auth/me
[9:05:22 AM] 📝 GET /api/auth/me
[9:12:25 AM] 📝 GET /api/auth/me
[9:17:48 AM] 📝 GET /api/auth/me
[9:24:12 AM] 📝 GET /api/auth/me

🔌 Received SIGINT. Shutting down gracefully...
✅ HTTP Server closed
✅ MongoDB connection closed
[dotenv@17.2.3] injecting env (7) from .env -- tip: ✅ audit secrets and track compliance: https://dotenvx.com/ops
  ✓ Registered: POST /

╔═══════════════════════════════════════╗
║  🚀 Server Started Successfully!      ║
╠═══════════════════════════════════════╣
║  Port: 5000                           ║
║  Host: 0.0.0.0 (Public Access)        ║
║  Time: 5/17/2026, 9:30:30 AM     ║
║  JSON Limit: 10MB (Images Supported)  ║
╚═══════════════════════════════════════╝
  
✅ MongoDB Connected Successfully
[9:31:26 AM] 📝 GET /api/auth/me
[9:31:26 AM] 📝 POST /api/auth/exchange-code
━━━━━━━━━━━━━━━━━━━━━━━━━━━━━━━━━━
🔐 UMS Exchange Code Request
   📥 Method: POST
   📥 IP: 49.231.15.98
   📥 Origin: https://nssv.nsm.go.th
   📥 Referer: https://nssv.nsm.go.th/napp/auth/callback?code=85bb5a7b875752dc0aa9719ae94fa927c977005649d86cff5a515765fa2debf7
   📥 User-Agent: Mozilla/5.0 (Windows NT 10.0; Win64; x64) AppleWebKit/537.36 (KHTML, like Gecko) Chrome/148.0.0.0 Safari/537.36
   📥 Content-Type: application/json
   📥 Body Keys: [ 'code', 'projectCode' ]
   📥 code: 85bb5a7b875752dc0aa9719ae94fa927c977005649d86cff5a515765fa2debf7
   📥 projectCode: MEETBOOKING
   🔄 Calling: POST https://nssv.nsm.go.th/ums/api/auth/exchange-code
   📤 UMS Status: 200
   📤 UMS Response: {
  "status": "success",
  "token": "eyJhbGciOiJIUzI1NiIsInR5cCI6IkpXVCJ9.eyJpZCI6IjY5NmUyYTljYWUxMTg0OWFmYTdhNTM5ZCIsInJvbGUiOiJzdXBlcmFkbWluIiwidXNlcm5hbWUiOiJuYWlvb2IiLCJpYXQiOjE3NzkwMTAyODYsImV4cCI6MTc3OTA5NjY4Nn0.nbzemWE57KvwyHG7KWu9ttOVz4dgDNoAdRncavb0in4",
  "user": {
    "id": "696e2a9cae11849afa7a539d",
    "username": "naioob",
    "email": "naioob@gmail.com",
    "firstName": "ธนะรักษ์ oob",
    "lastName": "สุขสันต์",
    "role": "superadmin",
    "phone": "0931317150"
  }
}
   🎯 Role: superadmin → admin
   ✅ Login success: ธนะรักษ์ oob สุขสันต์ (admin)
━━━━━━━━━━━━━━━━━━━━━━━━━━━━━━━━━━
[9:32:30 AM] 📝 POST /api/auth/exchange-code
━━━━━━━━━━━━━━━━━━━━━━━━━━━━━━━━━━
🔐 UMS Exchange Code Request
   📥 Method: POST
   📥 IP: 49.231.15.98
   📥 Origin: https://nssv.nsm.go.th
   📥 Referer: https://nssv.nsm.go.th/napp/auth/callback?code=85bb5a7b875752dc0aa9719ae94fa927c977005649d86cff5a515765fa2debf7
   📥 User-Agent: Mozilla/5.0 (Windows NT 10.0; Win64; x64) AppleWebKit/537.36 (KHTML, like Gecko) Chrome/148.0.0.0 Safari/537.36
   📥 Content-Type: application/json
   📥 Body Keys: [ 'code', 'projectCode' ]
   📥 code: 85bb5a7b875752dc0aa9719ae94fa927c977005649d86cff5a515765fa2debf7
   📥 projectCode: MEETBOOKING
   🔄 Calling: POST https://nssv.nsm.go.th/ums/api/auth/exchange-code
   📤 UMS Status: 401
   📤 UMS Response: {
  "status": "error",
  "message": "รหัสนี้ถูกใช้งานไปแล้ว"
}
   ❌ UMS Error: รหัสนี้ถูกใช้งานไปแล้ว
[9:32:37 AM] 📝 POST /api/auth/exchange-code
━━━━━━━━━━━━━━━━━━━━━━━━━━━━━━━━━━
🔐 UMS Exchange Code Request
   📥 Method: POST
   📥 IP: 49.231.15.98
   📥 Origin: https://nssv.nsm.go.th
   📥 Referer: https://nssv.nsm.go.th/napp/auth/callback?code=334d4a0d2bb905b4e5dd0d006a4431327746eb7622e6a5a525085edf7c01aaa6
   📥 User-Agent: Mozilla/5.0 (Windows NT 10.0; Win64; x64) AppleWebKit/537.36 (KHTML, like Gecko) Chrome/148.0.0.0 Safari/537.36
   📥 Content-Type: application/json
   📥 Body Keys: [ 'code', 'projectCode' ]
   📥 code: 334d4a0d2bb905b4e5dd0d006a4431327746eb7622e6a5a525085edf7c01aaa6
   📥 projectCode: MEETBOOKING
   🔄 Calling: POST https://nssv.nsm.go.th/ums/api/auth/exchange-code
   📤 UMS Status: 200
   📤 UMS Response: {
  "status": "success",
  "token": "eyJhbGciOiJIUzI1NiIsInR5cCI6IkpXVCJ9.eyJpZCI6IjY5NmUyYTljYWUxMTg0OWFmYTdhNTM5ZCIsInJvbGUiOiJzdXBlcmFkbWluIiwidXNlcm5hbWUiOiJuYWlvb2IiLCJpYXQiOjE3NzkwMTAzNTcsImV4cCI6MTc3OTA5Njc1N30.2nsXZke-0YXBO_I3M5BQ1cIPZobObSvxcFneroxri7s",
  "user": {
    "id": "696e2a9cae11849afa7a539d",
    "username": "naioob",
    "email": "naioob@gmail.com",
    "firstName": "ธนะรักษ์ oob",
    "lastName": "สุขสันต์",
    "role": "superadmin",
    "phone": "0931317150"
  }
}
   🎯 Role: superadmin → admin
   ✅ Login success: ธนะรักษ์ oob สุขสันต์ (admin)
━━━━━━━━━━━━━━━━━━━━━━━━━━━━━━━━━━
[9:32:37 AM] 📝 GET /api/rooms

🔌 Received SIGINT. Shutting down gracefully...
✅ HTTP Server closed
✅ MongoDB connection closed
[dotenv@17.2.3] injecting env (7) from .env -- tip: ✅ audit secrets and track compliance: https://dotenvx.com/ops
  ✓ Registered: POST /

╔═══════════════════════════════════════╗
║  🚀 Server Started Successfully!      ║
╠═══════════════════════════════════════╣
║  Port: 5000                           ║
║  Host: 0.0.0.0 (Public Access)        ║
║  Time: 5/17/2026, 9:44:59 AM     ║
║  JSON Limit: 10MB (Images Supported)  ║
╚═══════════════════════════════════════╝
  
✅ MongoDB Connected Successfully
[9:45:43 AM] 📝 POST /api/auth/exchange-code
━━━━━━━━━━━━━━━━━━━━━━━━━━━━━━━━━━
🔐 UMS Exchange Code Request
   📥 Method: POST
   📥 IP: 49.231.15.98
   📥 Origin: https://nssv.nsm.go.th
   📥 Referer: https://nssv.nsm.go.th/napp/auth/callback?code=5414e342dff9c71a7f050c0491d4cc71df16149d052b8bd715d157e021673f77
   📥 User-Agent: Mozilla/5.0 (Windows NT 10.0; Win64; x64) AppleWebKit/537.36 (KHTML, like Gecko) Chrome/148.0.0.0 Safari/537.36
   📥 Content-Type: application/json
   📥 Body Keys: [ 'code', 'projectCode' ]
   📥 code: 5414e342dff9c71a7f050c0491d4cc71df16149d052b8bd715d157e021673f77
   📥 projectCode: MEETBOOKING
   🔄 Calling: POST https://nssv.nsm.go.th/ums/api/auth/exchange-code
   📤 UMS Status: 200
   📤 UMS Response: {
  "status": "success",
  "token": "eyJhbGciOiJIUzI1NiIsInR5cCI6IkpXVCJ9.eyJpZCI6IjY5NmUyYTljYWUxMTg0OWFmYTdhNTM5ZCIsInJvbGUiOiJzdXBlcmFkbWluIiwidXNlcm5hbWUiOiJuYWlvb2IiLCJpYXQiOjE3NzkwMTExNDMsImV4cCI6MTc3OTA5NzU0M30.lHuD-FqSheR457orwMyVsDdFHs_j05nwq5vnrrSpu80",
  "user": {
    "id": "696e2a9cae11849afa7a539d",
    "username": "naioob",
    "email": "naioob@gmail.com",
    "firstName": "ธนะรักษ์ oob",
    "lastName": "สุขสันต์",
    "role": "superadmin",
    "phone": "0931317150"
  }
}
   🎯 Role: superadmin → admin
   ✅ Login success: ธนะรักษ์ oob สุขสันต์ (admin)
━━━━━━━━━━━━━━━━━━━━━━━━━━━━━━━━━━
[9:45:44 AM] 📝 GET /api/rooms
[9:54:43 AM] 📝 POST /api/auth/exchange-code
━━━━━━━━━━━━━━━━━━━━━━━━━━━━━━━━━━
🔐 UMS Exchange Code Request
   📥 Method: POST
   📥 IP: 49.231.15.98
   📥 Origin: https://nssv.nsm.go.th
   📥 Referer: https://nssv.nsm.go.th/napp/auth/callback?code=b6d15e4ab98f0c1b855d24c199c0801dec83385f02aa81f50dd27e9b25d51040
   📥 User-Agent: Mozilla/5.0 (Windows NT 10.0; Win64; x64) AppleWebKit/537.36 (KHTML, like Gecko) Chrome/148.0.0.0 Safari/537.36
   📥 Content-Type: application/json
   📥 Body Keys: [ 'code', 'projectCode' ]
   📥 code: b6d15e4ab98f0c1b855d24c199c0801dec83385f02aa81f50dd27e9b25d51040
   📥 projectCode: MEETBOOKING
   🔄 Calling: POST https://nssv.nsm.go.th/ums/api/auth/exchange-code
   📤 UMS Status: 200
   📤 UMS Response: {
  "status": "success",
  "token": "eyJhbGciOiJIUzI1NiIsInR5cCI6IkpXVCJ9.eyJpZCI6IjY5NmUyYTljYWUxMTg0OWFmYTdhNTM5ZCIsInJvbGUiOiJzdXBlcmFkbWluIiwidXNlcm5hbWUiOiJuYWlvb2IiLCJpYXQiOjE3NzkwMTE2ODMsImV4cCI6MTc3OTA5ODA4M30.qbO4G9kyI0BHIImSqxcbcbCG79qxEmnsYFZTCiPz8_k",
  "user": {
    "id": "696e2a9cae11849afa7a539d",
    "username": "naioob",
    "email": "naioob@gmail.com",
    "firstName": "ธนะรักษ์ oob",
    "lastName": "สุขสันต์",
    "role": "superadmin",
    "phone": "0931317150"
  }
}
   🎯 Role: superadmin → admin
   ✅ Login success: ธนะรักษ์ oob สุขสันต์ (admin)
━━━━━━━━━━━━━━━━━━━━━━━━━━━━━━━━━━
[9:54:43 AM] 📝 GET /api/rooms
[9:54:48 AM] 📝 GET /api/bookings/my-bookings
[9:55:09 AM] 📝 GET /api/rooms
[9:55:24 AM] 📝 GET /api/rooms
[9:55:28 AM] 📝 GET /api/bookings/my-bookings
[9:59:05 AM] 📝 GET /api/admin/dashboard/statistics
[9:59:11 AM] 📝 GET /api/admin/stats/bookings-trend
[9:59:11 AM] 📝 GET /api/admin/stats/monthly-stats
[9:59:11 AM] 📝 GET /api/admin/stats/department-usage
[9:59:11 AM] 📝 GET /api/admin/stats/popular-rooms
[9:59:12 AM] 📝 GET /api/rooms
[9:59:12 AM] 📝 GET /api/admin/bookings
[9:59:20 AM] 📝 GET /api/display/rooms
[9:59:21 AM] 📝 GET /api/display/room/69490a065e1a04f70b859ca9
[9:59:21 AM] 📝 GET /api/display/media/69490a065e1a04f70b859ca9
[9:59:21 AM] 📝 GET /api/display/config/69490a065e1a04f70b859ca9
[9:59:21 AM] 📝 GET /api/display/uploads/69490a065e1a04f70b859ca9_1778836722246.png
[9:59:21 AM] 📝 GET /api/display/uploads/69490a065e1a04f70b859ca9_1778836721767.png
[9:59:21 AM] 📝 GET /api/display/uploads/69490a065e1a04f70b859ca9_1778836721329.png
[9:59:21 AM] 📝 GET /api/display/uploads/69490a065e1a04f70b859ca9_1778836720904.png
[9:59:22 AM] 📝 GET /api/display/room/69490a065e1a04f70b859caa
[9:59:22 AM] 📝 GET /api/display/media/69490a065e1a04f70b859caa
[9:59:22 AM] 📝 GET /api/display/config/69490a065e1a04f70b859caa
[9:59:22 AM] 📝 GET /api/display/uploads/69490a065e1a04f70b859caa_1778836968444.png
[9:59:22 AM] 📝 GET /api/display/uploads/69490a065e1a04f70b859caa_1778836967381.png
[9:59:22 AM] 📝 GET /api/display/uploads/69490a065e1a04f70b859caa_1778836968895.png
[9:59:22 AM] 📝 GET /api/display/uploads/69490a065e1a04f70b859caa_1778836967898.png
[9:59:23 AM] 📝 GET /api/display/media/69490a065e1a04f70b859cab
[9:59:23 AM] 📝 GET /api/display/room/69490a065e1a04f70b859cab
[9:59:23 AM] 📝 GET /api/display/config/69490a065e1a04f70b859cab
[9:59:23 AM] 📝 GET /api/display/uploads/69490a065e1a04f70b859cab_1778837066914.png
[9:59:23 AM] 📝 GET /api/display/uploads/69490a065e1a04f70b859cab_1778837067368.png
[9:59:23 AM] 📝 GET /api/display/uploads/69490a065e1a04f70b859cab_1778837066488.png
[9:59:23 AM] 📝 GET /api/display/uploads/69490a065e1a04f70b859cab_1778837066057.png
[9:59:24 AM] 📝 GET /api/display/room/69609bbbaa301e5a9d0e57c0
[9:59:24 AM] 📝 GET /api/display/media/69609bbbaa301e5a9d0e57c0
[9:59:24 AM] 📝 GET /api/display/config/69609bbbaa301e5a9d0e57c0
[9:59:24 AM] 📝 GET /api/display/uploads/69609bbbaa301e5a9d0e57c0_1778822938090.jpg
[9:59:24 AM] 📝 GET /api/display/uploads/69609bbbaa301e5a9d0e57c0_1778834751491.jpg
[9:59:28 AM] 📝 GET /api/display/room/69490a065e1a04f70b859ca9
[9:59:28 AM] 📝 GET /api/display/config/69490a065e1a04f70b859ca9
[9:59:28 AM] 📝 GET /api/display/media/69490a065e1a04f70b859ca9
[9:59:29 AM] 📝 GET /api/display/room/69490a065e1a04f70b859caa
[9:59:29 AM] 📝 GET /api/display/config/69490a065e1a04f70b859caa
[9:59:29 AM] 📝 GET /api/display/media/69490a065e1a04f70b859caa
[9:59:31 AM] 📝 GET /api/display/room/69490a065e1a04f70b859cab
[9:59:31 AM] 📝 GET /api/display/config/69490a065e1a04f70b859cab
[9:59:31 AM] 📝 GET /api/display/media/69490a065e1a04f70b859cab
[9:59:32 AM] 📝 GET /api/display/room/69609bbbaa301e5a9d0e57c0
[9:59:32 AM] 📝 GET /api/display/config/69609bbbaa301e5a9d0e57c0
[9:59:32 AM] 📝 GET /api/display/media/69609bbbaa301e5a9d0e57c0
[9:59:34 AM] 📝 GET /api/display/room/696f36019adeec8a6063cb8c
[9:59:34 AM] 📝 GET /api/display/media/696f36019adeec8a6063cb8c
[9:59:34 AM] 📝 GET /api/display/config/696f36019adeec8a6063cb8c
[9:59:34 AM] 📝 GET /api/display/uploads/696f36019adeec8a6063cb8c_1778837164258.png
[9:59:34 AM] 📝 GET /api/display/uploads/696f36019adeec8a6063cb8c_1778837162683.png
[9:59:34 AM] 📝 GET /api/display/uploads/696f36019adeec8a6063cb8c_1778837163242.png
[9:59:34 AM] 📝 GET /api/display/uploads/696f36019adeec8a6063cb8c_1778837163809.png
[9:59:40 AM] 📝 GET /api/display/room/69609bbbaa301e5a9d0e57c0
[9:59:40 AM] 📝 GET /api/display/config/69609bbbaa301e5a9d0e57c0
[9:59:40 AM] 📝 GET /api/display/media/69609bbbaa301e5a9d0e57c0
[9:59:41 AM] 📝 GET /api/display/room/696f36019adeec8a6063cb8c
[9:59:41 AM] 📝 GET /api/display/config/696f36019adeec8a6063cb8c
[9:59:41 AM] 📝 GET /api/display/media/696f36019adeec8a6063cb8c
[9:59:54 AM] 📝 GET /api/rooms
[9:59:56 AM] 📝 GET /api/bookings/my-bookings
[10:04:28 AM] 📝 GET /api/bookings
[10:04:35 AM] 📝 GET /api/rooms
[10:04:40 AM] 📝 POST /api/auth/login
[10:04:40 AM] 📝 GET /api/rooms
[10:04:45 AM] 📝 GET /api/bookings
[10:04:56 AM] 📝 GET /api/rooms
[10:05:09 AM] 📝 GET /api/rooms
[10:07:09 AM] 📝 GET /api/rooms/696f36019adeec8a6063cb8c
[10:07:09 AM] 📝 GET /api/bookings
[10:07:25 AM] 📝 GET /api/bookings
[10:07:41 AM] 📝 GET /api/admin/dashboard/statistics
[10:07:47 AM] 📝 GET /api/admin/bookings
[10:08:10 AM] 📝 GET /api/bookings/my-bookings
[10:08:14 AM] 📝 GET /api/rooms
[10:08:15 AM] 📝 GET /api/bookings/6a06c71af11bf2fb12b9c25a
[10:08:15 AM] 📝 GET /api/bookings
[10:08:37 AM] 📝 GET /api/bookings

🔌 Received SIGINT. Shutting down gracefully...
✅ HTTP Server closed
✅ MongoDB connection closed
[dotenv@17.2.3] injecting env (7) from .env -- tip: ⚙️  load multiple .env files with { path: ['.env.local', '.env'] }
  ✓ Registered: POST /

╔═══════════════════════════════════════╗
║  🚀 Server Started Successfully!      ║
╠═══════════════════════════════════════╣
║  Port: 5000                           ║
║  Host: 0.0.0.0 (Public Access)        ║
║  Time: 5/17/2026, 10:08:50 AM     ║
║  JSON Limit: 10MB (Images Supported)  ║
╚═══════════════════════════════════════╝
  
✅ MongoDB Connected Successfully
[10:12:20 AM] 📝 PUT /api/bookings/6a06c71af11bf2fb12b9c25a
[10:12:23 AM] 📝 GET /api/bookings/my-bookings
[10:12:35 AM] 📝 GET /api/rooms
[10:14:18 AM] 📝 GET /api/departments
[10:14:18 AM] 📝 GET /api/rooms
[10:14:22 AM] 📝 GET /api/bookings/my-bookings
[10:14:24 AM] 📝 GET /api/bookings/my-bookings
[10:14:27 AM] 📝 GET /api/departments
[10:14:27 AM] 📝 GET /api/rooms
[10:14:43 AM] 📝 GET /api/rooms
[10:14:43 AM] 📝 GET /api/departments
[10:14:59 AM] 📝 GET /api/rooms
[10:15:02 AM] 📝 GET /api/rooms
[10:15:08 AM] 📝 GET /api/bookings
[10:15:25 AM] 📝 GET /api/admin/dashboard/statistics
[10:15:28 AM] 📝 GET /api/admin/dashboard/statistics
[10:15:34 AM] 📝 GET /api/bookings
[10:15:37 AM] 📝 GET /api/bookings/my-bookings
[10:16:54 AM] 📝 GET /api/bookings
[10:16:57 AM] 📝 GET /api/bookings
[10:17:43 AM] 📝 POST /api/bookings
[10:17:45 AM] 📝 GET /api/bookings/my-bookings
[10:18:21 AM] 📝 GET /api/rooms
[10:18:47 AM] 📝 GET /api/bookings
[10:20:57 AM] 📝 GET /api/rooms
[10:20:57 AM] 📝 GET /api/departments
[10:21:00 AM] 📝 GET /api/rooms
[10:21:00 AM] 📝 GET /api/departments
[10:21:02 AM] 📝 GET /api/bookings/my-bookings
[10:21:05 AM] 📝 GET /api/bookings/my-bookings
[10:21:06 AM] 📝 GET /api/rooms
[10:21:06 AM] 📝 GET /api/departments
[10:21:08 AM] 📝 GET /api/rooms
[10:21:08 AM] 📝 GET /api/departments
[10:21:36 AM] 📝 POST /api/bookings
[10:21:38 AM] 📝 GET /api/bookings/my-bookings
[10:22:29 AM] 📝 GET /api/rooms
[10:23:11 AM] 📝 GET /api/bookings
[10:25:51 AM] 📝 POST /api/bookings
[10:25:53 AM] 📝 GET /api/bookings/my-bookings

🔌 Received SIGINT. Shutting down gracefully...
✅ HTTP Server closed
✅ MongoDB connection closed
[dotenv@17.2.3] injecting env (7) from .env -- tip: ⚙️  suppress all logs with { quiet: true }
  ✓ Registered: POST /

╔═══════════════════════════════════════╗
║  🚀 Server Started Successfully!      ║
╠═══════════════════════════════════════╣
║  Port: 5000                           ║
║  Host: 0.0.0.0 (Public Access)        ║
║  Time: 5/17/2026, 10:26:03 AM     ║
║  JSON Limit: 10MB (Images Supported)  ║
╚═══════════════════════════════════════╝
  
✅ MongoDB Connected Successfully
[10:28:36 AM] 📝 GET /api/rooms
[10:28:36 AM] 📝 GET /api/departments
[10:29:08 AM] 📝 GET /api/departments
[10:29:08 AM] 📝 GET /api/rooms
[10:29:12 AM] 📝 GET /api/rooms
[10:29:12 AM] 📝 GET /api/departments
[10:29:56 AM] 📝 GET /api/rooms
[10:29:56 AM] 📝 GET /api/departments
[10:30:28 AM] 📝 GET /api/bookings/my-bookings
[10:30:31 AM] 📝 GET /api/bookings/my-bookings
[10:30:44 AM] 📝 GET /api/rooms
[10:31:23 AM] 📝 GET /api/bookings
[10:37:55 AM] 📝 POST /api/bookings
[10:38:09 AM] 📝 GET /api/bookings/my-bookings
[10:41:22 AM] 📝 GET /api/rooms
[10:41:24 AM] 📝 GET /api/admin/dashboard/statistics
[10:41:25 AM] 📝 GET /api/display/rooms
[10:41:28 AM] 📝 GET /api/display/media/69490a065e1a04f70b859cab
[10:41:28 AM] 📝 GET /api/display/config/69490a065e1a04f70b859cab
[10:41:28 AM] 📝 GET /api/display/room/69490a065e1a04f70b859cab
[10:41:29 AM] 📝 GET /api/display/media/69609bbbaa301e5a9d0e57c0
[10:41:29 AM] 📝 GET /api/display/room/69609bbbaa301e5a9d0e57c0
[10:41:29 AM] 📝 GET /api/display/config/69609bbbaa301e5a9d0e57c0
[10:41:35 AM] 📝 DELETE /api/display/media/6a06dd3ff11bf2fb12b9c40e
[10:41:35 AM] 📝 GET /api/display/media/69609bbbaa301e5a9d0e57c0
[10:41:44 AM] 📝 POST /api/display/media/69609bbbaa301e5a9d0e57c0
[10:41:44 AM] 📝 GET /api/display/media/69609bbbaa301e5a9d0e57c0
[10:41:44 AM] 📝 GET /api/display/uploads/69609bbbaa301e5a9d0e57c0_1779014504831.jpg
[10:41:53 AM] 📝 DELETE /api/display/media/6a06af1af11bf2fb12b9c1e5
[10:41:53 AM] 📝 GET /api/display/media/69609bbbaa301e5a9d0e57c0
[10:41:57 AM] 📝 PUT /api/display/config/69609bbbaa301e5a9d0e57c0
[10:41:57 AM] 📝 GET /api/display/rooms
[10:42:09 AM] 📝 GET /api/display/config/696f36019adeec8a6063cb8c
[10:42:09 AM] 📝 GET /api/display/media/696f36019adeec8a6063cb8c
[10:42:09 AM] 📝 GET /api/display/room/696f36019adeec8a6063cb8c
[10:42:10 AM] 📝 GET /api/display/room/69609bbbaa301e5a9d0e57c0
[10:42:10 AM] 📝 GET /api/display/media/69609bbbaa301e5a9d0e57c0
[10:42:10 AM] 📝 GET /api/display/config/69609bbbaa301e5a9d0e57c0
[10:42:13 AM] 📝 GET /api/display/room/69490a065e1a04f70b859cab
[10:42:13 AM] 📝 GET /api/display/media/69490a065e1a04f70b859cab
[10:42:13 AM] 📝 GET /api/display/config/69490a065e1a04f70b859cab
[10:42:14 AM] 📝 GET /api/display/room/69490a065e1a04f70b859caa
[10:42:14 AM] 📝 GET /api/display/media/69490a065e1a04f70b859caa
[10:42:14 AM] 📝 GET /api/display/config/69490a065e1a04f70b859caa
[10:42:15 AM] 📝 GET /api/display/config/69490a065e1a04f70b859ca9
[10:42:15 AM] 📝 GET /api/display/media/69490a065e1a04f70b859ca9
[10:42:15 AM] 📝 GET /api/display/room/69490a065e1a04f70b859ca9
[10:46:57 AM] 📝 GET /api/auth/me
[10:46:57 AM] 📝 GET /api/rooms
[10:47:00 AM] 📝 GET /api/bookings
[10:47:16 AM] 📝 GET /api/bookings/my-bookings
[10:47:25 AM] 📝 GET /api/rooms
[10:47:25 AM] 📝 GET /api/bookings/6a06c71af11bf2fb12b9c25a
[10:47:25 AM] 📝 GET /api/departments
[10:47:25 AM] 📝 GET /api/bookings
[10:47:44 AM] 📝 PUT /api/bookings/6a06c71af11bf2fb12b9c25a
[10:47:47 AM] 📝 GET /api/bookings/my-bookings
[12:50:42 PM] 📝 POST /api/auth/exchange-code
━━━━━━━━━━━━━━━━━━━━━━━━━━━━━━━━━━
🔐 UMS Exchange Code Request
   📥 Method: POST
   📥 IP: 184.82.155.75
   📥 Origin: https://nssv.nsm.go.th
   📥 Referer: https://nssv.nsm.go.th/napp/auth/callback?code=6d4643013157e77fcbfe3c46d01593f65139fa5f5a9db7a7a0f0e4881e56a5c7
   📥 User-Agent: Mozilla/5.0 (Windows NT 10.0; Win64; x64) AppleWebKit/537.36 (KHTML, like Gecko) Chrome/148.0.0.0 Safari/537.36
   📥 Content-Type: application/json
   📥 Body Keys: [ 'code', 'projectCode' ]
   📥 code: 6d4643013157e77fcbfe3c46d01593f65139fa5f5a9db7a7a0f0e4881e56a5c7
   📥 projectCode: MEETBOOKING
   🔄 Calling: POST https://nssv.nsm.go.th/ums/api/auth/exchange-code
   📤 UMS Status: 200
   📤 UMS Response: {
  "status": "success",
  "token": "eyJhbGciOiJIUzI1NiIsInR5cCI6IkpXVCJ9.eyJpZCI6IjY5NmUyYTljYWUxMTg0OWFmYTdhNTM5ZCIsInJvbGUiOiJzdXBlcmFkbWluIiwidXNlcm5hbWUiOiJuYWlvb2IiLCJpYXQiOjE3NzkwMjIyNDIsImV4cCI6MTc3OTEwODY0Mn0.bz1s4witMyj5ke9lcjry9LlcxRAkU7d5xZTL5nqFeBg",
  "user": {
    "id": "696e2a9cae11849afa7a539d",
    "username": "naioob",
    "email": "naioob@gmail.com",
    "firstName": "ธนะรักษ์ oob",
    "lastName": "สุขสันต์",
    "role": "superadmin",
    "phone": "0931317150"
  }
}
   🎯 Role: superadmin → admin
   ✅ Login success: ธนะรักษ์ oob สุขสันต์ (admin)
━━━━━━━━━━━━━━━━━━━━━━━━━━━━━━━━━━
[12:50:43 PM] 📝 GET /api/rooms
[12:50:47 PM] 📝 GET /api/admin/dashboard/statistics
[12:50:49 PM] 📝 GET /api/admin/bookings
[12:52:13 PM] 📝 GET /api/rooms
[12:52:14 PM] 📝 GET /api/admin/stats/monthly-stats
[12:52:14 PM] 📝 GET /api/admin/stats/popular-rooms
[12:52:14 PM] 📝 GET /api/admin/stats/department-usage
[12:52:14 PM] 📝 GET /api/admin/stats/bookings-trend
[12:52:19 PM] 📝 GET /api/admin/bookings
[12:52:32 PM] 📝 GET /api/bookings/my-bookings
[12:52:34 PM] 📝 GET /api/rooms
[12:52:34 PM] 📝 GET /api/departments
[12:54:01 PM] 📝 GET /api/bookings
[12:54:14 PM] 📝 GET /api/bookings
[12:54:46 PM] 📝 GET /api/bookings
[12:54:48 PM] 📝 POST /api/bookings
[12:54:48 PM] 📝 POST /api/bookings
[12:54:48 PM] 📝 POST /api/bookings
[12:54:49 PM] 📝 GET /api/bookings/my-bookings
[12:54:56 PM] 📝 GET /api/admin/dashboard/statistics
[12:54:57 PM] 📝 GET /api/display/rooms
[12:54:59 PM] 📝 GET /api/display/room/69490a065e1a04f70b859ca9
[12:54:59 PM] 📝 GET /api/display/config/69490a065e1a04f70b859ca9
[12:54:59 PM] 📝 GET /api/display/media/69490a065e1a04f70b859ca9
[12:55:00 PM] 📝 GET /api/display/room/69490a065e1a04f70b859caa
[12:55:00 PM] 📝 GET /api/display/config/69490a065e1a04f70b859caa
[12:55:00 PM] 📝 GET /api/display/media/69490a065e1a04f70b859caa
[12:55:00 PM] 📝 GET /api/display/config/69490a065e1a04f70b859cab
[12:55:00 PM] 📝 GET /api/display/room/69490a065e1a04f70b859cab
[12:55:00 PM] 📝 GET /api/display/media/69490a065e1a04f70b859cab
[12:55:02 PM] 📝 GET /api/display/config/69609bbbaa301e5a9d0e57c0
[12:55:02 PM] 📝 GET /api/display/media/69609bbbaa301e5a9d0e57c0
[12:55:02 PM] 📝 GET /api/display/room/69609bbbaa301e5a9d0e57c0
[12:55:03 PM] 📝 GET /api/display/room/696f36019adeec8a6063cb8c
[12:55:03 PM] 📝 GET /api/display/config/696f36019adeec8a6063cb8c
[12:55:03 PM] 📝 GET /api/display/media/696f36019adeec8a6063cb8c
[12:55:09 PM] 📝 GET /api/display/room/69490a065e1a04f70b859ca9
[12:55:09 PM] 📝 GET /api/display/media/69490a065e1a04f70b859ca9
[12:55:09 PM] 📝 GET /api/display/config/69490a065e1a04f70b859ca9
[12:55:15 PM] 📝 GET /api/admin/bookings
[12:55:26 PM] 📝 GET /api/admin/dashboard/statistics
[12:55:27 PM] 📝 GET /api/admin/bookings
[12:55:29 PM] 📝 GET /api/bookings/my-bookings
[12:55:31 PM] 📝 GET /api/bookings
[12:55:35 PM] 📝 GET /api/bookings
[12:55:39 PM] 📝 GET /api/admin/dashboard/statistics
[12:55:40 PM] 📝 GET /api/admin/bookings
[12:55:46 PM] 📝 GET /api/bookings
[12:55:46 PM] 📝 GET /api/bookings/my-bookings
[12:55:52 PM] 📝 GET /api/admin/dashboard/statistics
[12:55:56 PM] 📝 GET /api/admin/bookings
[12:56:02 PM] 📝 GET /api/bookings/my-bookings
[12:56:05 PM] 📝 DELETE /api/bookings/6a09ba98635ae6867b3b7d0a
[12:56:09 PM] 📝 DELETE /api/bookings/6a09ba98635ae6867b3b7d05
[12:56:11 PM] 📝 DELETE /api/bookings/6a09ba98635ae6867b3b7d0f
[12:56:15 PM] 📝 GET /api/bookings
[12:56:22 PM] 📝 GET /api/admin/dashboard/statistics
[12:56:23 PM] 📝 GET /api/admin/bookings
[12:56:53 PM] 📝 GET /api/bookings
[12:56:55 PM] 📝 GET /api/bookings/my-bookings
[12:56:56 PM] 📝 GET /api/departments
[12:56:56 PM] 📝 GET /api/rooms
[12:57:18 PM] 📝 GET /api/bookings
[12:57:35 PM] 📝 POST /api/bookings
[12:57:36 PM] 📝 GET /api/bookings/my-bookings
[12:57:38 PM] 📝 GET /api/bookings
[12:59:59 PM] 📝 GET /api/admin/dashboard/statistics
[1:00:04 PM] 📝 GET /api/admin/bookings

🔌 Received SIGINT. Shutting down gracefully...
✅ HTTP Server closed
✅ MongoDB connection closed
[dotenv@17.2.3] injecting env (7) from .env -- tip: ⚙️  specify custom .env file path with { path: '/custom/path/.env' }
  ✓ Registered: POST /

╔═══════════════════════════════════════╗
║  🚀 Server Started Successfully!      ║
╠═══════════════════════════════════════╣
║  Port: 5000                           ║
║  Host: 0.0.0.0 (Public Access)        ║
║  Time: 5/17/2026, 1:11:07 PM     ║
║  JSON Limit: 10MB (Images Supported)  ║
╚═══════════════════════════════════════╝
  
✅ MongoDB Connected Successfully
[1:12:08 PM] 📝 GET /api/admin/dashboard/statistics
[1:12:11 PM] 📝 GET /api/admin/bookings
[1:13:13 PM] 📝 GET /api/bookings

🔌 Received SIGINT. Shutting down gracefully...
✅ HTTP Server closed
✅ MongoDB connection closed
[dotenv@17.2.3] injecting env (7) from .env -- tip: 🛠️  run anywhere with `dotenvx run -- yourcommand`
  ✓ Registered: POST /

╔═══════════════════════════════════════╗
║  🚀 Server Started Successfully!      ║
╠═══════════════════════════════════════╣
║  Port: 5000                           ║
║  Host: 0.0.0.0 (Public Access)        ║
║  Time: 5/17/2026, 1:20:04 PM     ║
║  JSON Limit: 10MB (Images Supported)  ║
╚═══════════════════════════════════════╝
  
✅ MongoDB Connected Successfully
[1:21:34 PM] 📝 GET /api/bookings
[1:21:49 PM] 📝 GET /api/admin/dashboard/statistics
[1:21:50 PM] 📝 GET /api/admin/bookings
[1:22:51 PM] 📝 GET /api/bookings/my-bookings
[1:22:56 PM] 📝 DELETE /api/bookings/6a09bb3f635ae6867b3b7d9c
[1:22:58 PM] 📝 GET /api/admin/dashboard/statistics
[1:22:59 PM] 📝 GET /api/admin/bookings
[1:23:14 PM] 📝 GET /api/admin/dashboard/statistics
[1:23:16 PM] 📝 GET /api/admin/bookings
[1:24:00 PM] 📝 GET /api/display/rooms
[1:24:10 PM] 📝 GET /api/admin/bookings
[1:24:31 PM] 📝 GET /api/bookings
[2:09:37 AM] 📝 GET /api/bookings
[2:11:00 AM] 📝 GET /api/display/room/69490a065e1a04f70b859ca9
[2:11:00 AM] 📝 GET /api/display/room/69490a065e1a04f70b859ca9
[2:11:00 AM] 📝 GET /api/display/uploads/69490a065e1a04f70b859ca9_1778836722246.png
[2:12:36 AM] 📝 GET /api/display/room/69490a065e1a04f70b859caa
[2:12:36 AM] 📝 GET /api/display/room/69490a065e1a04f70b859caa
[2:12:36 AM] 📝 GET /api/display/uploads/69490a065e1a04f70b859caa_1778836968444.png
[2:17:21 AM] 📝 GET /api/bookings
[2:17:31 AM] 📝 POST /api/auth/login
[2:17:31 AM] 📝 GET /api/rooms
[2:17:36 AM] 📝 GET /api/bookings
[2:19:47 AM] 📝 POST /api/auth/login
[2:19:47 AM] 📝 GET /api/rooms
[2:19:49 AM] 📝 GET /api/admin/dashboard/statistics
[2:22:35 AM] 📝 POST /api/auth/exchange-code
━━━━━━━━━━━━━━━━━━━━━━━━━━━━━━━━━━
🔐 UMS Exchange Code Request
   📥 Method: POST
   📥 IP: 110.77.190.62
   📥 Origin: https://nssv.nsm.go.th
   📥 Referer: https://nssv.nsm.go.th/napp/auth/callback?code=6944e0e2525b97187cc688bb190f653efb61d8fa557e33130bafb24d272f7c68
   📥 User-Agent: Mozilla/5.0 (Windows NT 10.0; Win64; x64) AppleWebKit/537.36 (KHTML, like Gecko) Chrome/148.0.0.0 Safari/537.36
   📥 Content-Type: application/json
   📥 Body Keys: [ 'code', 'projectCode' ]
   📥 code: 6944e0e2525b97187cc688bb190f653efb61d8fa557e33130bafb24d272f7c68
   📥 projectCode: MEETBOOKING
   🔄 Calling: POST https://nssv.nsm.go.th/ums/api/auth/exchange-code
   📤 UMS Status: 200
   📤 UMS Response: {
  "status": "success",
  "token": "eyJhbGciOiJIUzI1NiIsInR5cCI6IkpXVCJ9.eyJpZCI6IjY5OGMzMTMxZGNiYzM1ZDM0NmQ3NGY1NyIsInJvbGUiOiJhZG1pbiIsInVzZXJuYW1lIjoidGF5ZmFyMDEyIiwiaWF0IjoxNzc5MDcwOTU2LCJleHAiOjE3NzkxNTczNTZ9.9kTCv2odl8eTjb2uFSTdWmzp1Kn-ZTbCBaOrlNMcRog",
  "user": {
    "id": "698c3131dcbc35d346d74f57",
    "username": "tayfar012",
    "email": "tarata.khameam@gmail.com",
    "firstName": "ธราธาร์",
    "lastName": "คำเอี่ยม",
    "role": "admin",
    "phone": "0897034254"
  }
}
   🎯 Role: admin → admin
   ✅ Login success: ธราธาร์ คำเอี่ยม (admin)
━━━━━━━━━━━━━━━━━━━━━━━━━━━━━━━━━━
[2:22:36 AM] 📝 GET /api/rooms
[2:22:50 AM] 📝 GET /api/bookings/my-bookings
[2:22:54 AM] 📝 GET /api/rooms
[2:22:54 AM] 📝 GET /api/departments
[2:23:50 AM] 📝 GET /api/admin/dashboard/statistics
[2:23:54 AM] 📝 GET /api/admin/bookings
[2:25:10 AM] 📝 PUT /api/admin/bookings/6a0995c7fbc0e14c6c96b463/status
[2:25:13 AM] 📝 GET /api/admin/bookings
[2:25:15 AM] 📝 PUT /api/admin/bookings/6a0995c7fbc0e14c6c96b463/status
[2:25:18 AM] 📝 GET /api/admin/bookings
[2:25:26 AM] 📝 GET /api/rooms
[2:26:35 AM] 📝 POST /api/auth/exchange-code
━━━━━━━━━━━━━━━━━━━━━━━━━━━━━━━━━━
🔐 UMS Exchange Code Request
   📥 Method: POST
   📥 IP: 110.77.190.62
   📥 Origin: https://nssv.nsm.go.th
   📥 Referer: https://nssv.nsm.go.th/napp/auth/callback?code=7b39c3a3b363dae1f26c2554db3b0aa4c087c8beb98835f25ea42bf245b5baca
   📥 User-Agent: Mozilla/5.0 (Windows NT 10.0; Win64; x64) AppleWebKit/537.36 (KHTML, like Gecko) Chrome/148.0.0.0 Safari/537.36
   📥 Content-Type: application/json
   📥 Body Keys: [ 'code', 'projectCode' ]
   📥 code: 7b39c3a3b363dae1f26c2554db3b0aa4c087c8beb98835f25ea42bf245b5baca
   📥 projectCode: MEETBOOKING
   🔄 Calling: POST https://nssv.nsm.go.th/ums/api/auth/exchange-code
   📤 UMS Status: 200
   📤 UMS Response: {
  "status": "success",
  "token": "eyJhbGciOiJIUzI1NiIsInR5cCI6IkpXVCJ9.eyJpZCI6IjY5OGMzMTMxZGNiYzM1ZDM0NmQ3NGY1NyIsInJvbGUiOiJhZG1pbiIsInVzZXJuYW1lIjoidGF5ZmFyMDEyIiwiaWF0IjoxNzc5MDcxMTk1LCJleHAiOjE3NzkxNTc1OTV9.aXKzCAGqISsq0zIRoH3t-6F6uD6WLAV3N_kfQcxdR2w",
  "user": {
    "id": "698c3131dcbc35d346d74f57",
    "username": "tayfar012",
    "email": "tarata.khameam@gmail.com",
    "firstName": "ธราธาร์",
    "lastName": "คำเอี่ยม",
    "role": "admin",
    "phone": "0897034254"
  }
}
   🎯 Role: admin → admin
   ✅ Login success: ธราธาร์ คำเอี่ยม (admin)
━━━━━━━━━━━━━━━━━━━━━━━━━━━━━━━━━━
[2:26:36 AM] 📝 GET /api/rooms
[2:26:37 AM] 📝 GET /api/bookings/my-bookings
[2:26:39 AM] 📝 GET /api/rooms
[2:26:39 AM] 📝 GET /api/departments
[2:29:04 AM] 📝 GET /api/admin/dashboard/statistics
[2:29:16 AM] 📝 GET /api/admin/stats/bookings-trend
[2:29:16 AM] 📝 GET /api/admin/stats/department-usage
[2:29:16 AM] 📝 GET /api/admin/stats/popular-rooms
[2:29:16 AM] 📝 GET /api/admin/stats/monthly-stats
[2:32:05 AM] 📝 GET /api/bookings/my-bookings
[2:32:13 AM] 📝 GET /api/admin/dashboard/statistics
[2:32:19 AM] 📝 GET /api/admin/bookings
[2:32:30 AM] 📝 PUT /api/admin/bookings/6a0996b0fbc0e14c6c96b477/status
[2:32:31 AM] 📝 GET /api/admin/bookings
[2:32:38 AM] 📝 PUT /api/admin/bookings/6a0996b0fbc0e14c6c96b477/status
[2:32:40 AM] 📝 GET /api/admin/bookings
[2:32:50 AM] 📝 GET /api/bookings
[2:32:50 AM] 📝 PUT /api/admin/bookings/6a099a83635ae6867b3b7c6a/status
[2:32:51 AM] 📝 GET /api/admin/bookings
[2:33:01 AM] 📝 PUT /api/admin/bookings/6a0997affbc0e14c6c96b481/status
[2:33:03 AM] 📝 GET /api/admin/bookings
[2:36:43 AM] 📝 POST /api/auth/login
[2:36:43 AM] 📝 GET /api/rooms
[2:36:45 AM] 📝 GET /api/bookings/my-bookings
[4:17:15 AM] 📝 GET /api/display/room/696f36019adeec8a6063cb8c
[4:17:15 AM] 📝 GET /api/display/room/696f36019adeec8a6063cb8c
[4:17:15 AM] 📝 GET /api/display/uploads/696f36019adeec8a6063cb8c_1778837162683.png
[4:17:37 AM] 📝 GET /api/display/room/696f36019adeec8a6063cb8c
[4:17:37 AM] 📝 GET /api/display/room/696f36019adeec8a6063cb8c
[4:18:13 AM] 📝 GET /api/auth/me
[4:18:13 AM] 📝 GET /api/rooms
[4:18:24 AM] 📝 GET /api/bookings/my-bookings
[4:18:31 AM] 📝 GET /api/bookings
[4:18:44 AM] 📝 GET /api/bookings/my-bookings
[4:18:55 AM] 📝 GET /api/departments
[4:18:55 AM] 📝 GET /api/rooms
[4:19:24 AM] 📝 GET /api/bookings
[4:22:23 AM] 📝 POST /api/bookings
[4:22:48 AM] 📝 GET /api/bookings
[4:22:53 AM] 📝 POST /api/bookings
[4:22:55 AM] 📝 GET /api/bookings/my-bookings
[4:23:11 AM] 📝 GET /api/admin/dashboard/statistics
[4:23:13 AM] 📝 GET /api/admin/bookings
[4:23:14 AM] 📝 GET /api/auth/me
[4:23:14 AM] 📝 GET /api/bookings/my-bookings
[4:23:59 AM] 📝 PUT /api/admin/bookings/6a0a941de5d9f4b1d9bedae1/status
[4:24:01 AM] 📝 GET /api/admin/bookings
[4:37:04 AM] 📝 GET /api/auth/me
[4:37:04 AM] 📝 GET /api/rooms
[7:15:33 AM] 📝 POST /api/auth/login
[7:15:33 AM] 📝 GET /api/rooms
[7:15:35 AM] 📝 GET /api/bookings
[7:16:07 AM] 📝 GET /api/rooms/69490a065e1a04f70b859cab
[7:16:07 AM] 📝 GET /api/bookings
[7:33:22 AM] 📝 GET /api/display/room/69490a065e1a04f70b859cab
[7:33:22 AM] 📝 GET /api/display/room/69490a065e1a04f70b859cab
[7:33:22 AM] 📝 GET /api/display/uploads/69490a065e1a04f70b859cab_1778837066488.png
[7:34:49 AM] 📝 GET /api/bookings/my-bookings
[8:12:57 AM] 📝 GET /api/rooms
[8:12:57 AM] 📝 GET /api/departments
[8:15:27 AM] 📝 GET /api/bookings
[8:17:16 AM] 📝 POST /api/bookings
[8:17:31 AM] 📝 GET /api/bookings
[8:17:32 AM] 📝 POST /api/bookings
[8:17:35 AM] 📝 GET /api/bookings/my-bookings
[8:21:09 AM] 📝 GET /api/bookings
[8:21:15 AM] 📝 GET /api/rooms
[8:21:17 AM] 📝 GET /api/admin/dashboard/statistics
[8:21:20 AM] 📝 GET /api/admin/bookings
[8:21:30 AM] 📝 PUT /api/admin/bookings/6a0acb1ce5d9f4b1d9bedb15/status
[8:21:31 AM] 📝 GET /api/admin/bookings
[1:41:20 AM] 📝 GET /api/auth/me
[2:09:20 AM] 📝 GET /api/bookings
[2:13:33 AM] 📝 POST /api/auth/login
[3:44:11 AM] 📝 POST /api/auth/login
[3:44:11 AM] 📝 GET /api/rooms
[3:44:12 AM] 📝 GET /api/bookings
[3:50:34 AM] 📝 GET /api/bookings/my-bookings
[3:51:04 AM] 📝 GET /api/rooms
[3:51:04 AM] 📝 GET /api/departments
[3:51:25 AM] 📝 GET /api/bookings
[3:51:28 AM] 📝 POST /api/bookings
[3:51:30 AM] 📝 GET /api/bookings/my-bookings
[3:51:32 AM] 📝 GET /api/admin/dashboard/statistics
[3:51:33 AM] 📝 GET /api/admin/bookings
[3:51:45 AM] 📝 PUT /api/admin/bookings/6a0bde40e5d9f4b1d9bedb3d/status
[3:51:47 AM] 📝 GET /api/admin/bookings
[3:52:00 AM] 📝 GET /api/bookings/my-bookings
[3:52:05 AM] 📝 GET /api/bookings
[4:32:55 AM] 📝 POST /api/auth/exchange-code
━━━━━━━━━━━━━━━━━━━━━━━━━━━━━━━━━━
🔐 UMS Exchange Code Request
   📥 Method: POST
   📥 IP: 116.58.249.207
   📥 Origin: https://nssv.nsm.go.th
   📥 Referer: https://nssv.nsm.go.th/napp/auth/callback?code=4b316190988d514da651c3b0838ffddf539d5b45216992ae0e1c4e7c5413967c
   📥 User-Agent: Mozilla/5.0 (Windows NT 10.0; Win64; x64) AppleWebKit/537.36 (KHTML, like Gecko) Chrome/148.0.0.0 Safari/537.36
   📥 Content-Type: application/json
   📥 Body Keys: [ 'code', 'projectCode' ]
   📥 code: 4b316190988d514da651c3b0838ffddf539d5b45216992ae0e1c4e7c5413967c
   📥 projectCode: MEETBOOKING
   🔄 Calling: POST https://nssv.nsm.go.th/ums/api/auth/exchange-code
   📤 UMS Status: 200
   📤 UMS Response: {
  "status": "success",
  "token": "eyJhbGciOiJIUzI1NiIsInR5cCI6IkpXVCJ9.eyJpZCI6IjY5NmUyYTljYWUxMTg0OWFmYTdhNTM5ZCIsInJvbGUiOiJzdXBlcmFkbWluIiwidXNlcm5hbWUiOiJuYWlvb2IiLCJpYXQiOjE3NzkxNjUxNzcsImV4cCI6MTc3OTI1MTU3N30.UTUiX1SK3RgnPIjgjYfP-qqglKVfkP1IXcC0XhUHrH4",
  "user": {
    "id": "696e2a9cae11849afa7a539d",
    "username": "naioob",
    "email": "naioob@gmail.com",
    "firstName": "ธนะรักษ์ oob",
    "lastName": "สุขสันต์",
    "role": "superadmin",
    "phone": "0931317150"
  }
}
   🎯 Role: superadmin → admin
   ✅ Login success: ธนะรักษ์ oob สุขสันต์ (admin)
━━━━━━━━━━━━━━━━━━━━━━━━━━━━━━━━━━
[4:32:57 AM] 📝 GET /api/rooms
[4:33:11 AM] 📝 GET /api/admin/dashboard/statistics
[4:33:12 AM] 📝 GET /api/display/rooms
[4:33:14 AM] 📝 GET /api/display/config/69490a065e1a04f70b859ca9
[4:33:14 AM] 📝 GET /api/display/media/69490a065e1a04f70b859ca9
[4:33:14 AM] 📝 GET /api/display/room/69490a065e1a04f70b859ca9
[4:33:14 AM] 📝 GET /api/display/uploads/69490a065e1a04f70b859ca9_1778836721767.png
[4:33:14 AM] 📝 GET /api/display/uploads/69490a065e1a04f70b859ca9_1778836721329.png
[4:33:14 AM] 📝 GET /api/display/uploads/69490a065e1a04f70b859ca9_1778836720904.png
[4:33:14 AM] 📝 GET /api/display/uploads/69490a065e1a04f70b859ca9_1778836722246.png
[4:33:25 AM] 📝 GET /api/display/media/69490a065e1a04f70b859caa
[4:33:25 AM] 📝 GET /api/display/config/69490a065e1a04f70b859caa
[4:33:25 AM] 📝 GET /api/display/room/69490a065e1a04f70b859caa
[4:33:25 AM] 📝 GET /api/display/uploads/69490a065e1a04f70b859caa_1778836967381.png
[4:33:25 AM] 📝 GET /api/display/uploads/69490a065e1a04f70b859caa_1778836967898.png
[4:33:25 AM] 📝 GET /api/display/uploads/69490a065e1a04f70b859caa_1778836968895.png
[4:33:25 AM] 📝 GET /api/display/uploads/69490a065e1a04f70b859caa_1778836968444.png
[4:33:28 AM] 📝 GET /api/display/room/69490a065e1a04f70b859cab
[4:33:28 AM] 📝 GET /api/display/config/69490a065e1a04f70b859cab
[4:33:28 AM] 📝 GET /api/display/media/69490a065e1a04f70b859cab
[4:33:28 AM] 📝 GET /api/display/uploads/69490a065e1a04f70b859cab_1778837066057.png
[4:33:28 AM] 📝 GET /api/display/uploads/69490a065e1a04f70b859cab_1778837066914.png
[4:33:28 AM] 📝 GET /api/display/uploads/69490a065e1a04f70b859cab_1778837066488.png
[4:33:28 AM] 📝 GET /api/display/uploads/69490a065e1a04f70b859cab_1778837067368.png
[4:33:30 AM] 📝 GET /api/display/config/69609bbbaa301e5a9d0e57c0
[4:33:30 AM] 📝 GET /api/display/room/69609bbbaa301e5a9d0e57c0
[4:33:30 AM] 📝 GET /api/display/media/69609bbbaa301e5a9d0e57c0
[4:33:30 AM] 📝 GET /api/display/uploads/69609bbbaa301e5a9d0e57c0_1779014504831.jpg
[4:33:32 AM] 📝 GET /api/display/room/696f36019adeec8a6063cb8c
[4:33:32 AM] 📝 GET /api/display/config/696f36019adeec8a6063cb8c
[4:33:32 AM] 📝 GET /api/display/media/696f36019adeec8a6063cb8c
[4:33:32 AM] 📝 GET /api/display/uploads/696f36019adeec8a6063cb8c_1778837163242.png
[4:33:32 AM] 📝 GET /api/display/uploads/696f36019adeec8a6063cb8c_1778837163809.png
[4:33:32 AM] 📝 GET /api/display/uploads/696f36019adeec8a6063cb8c_1778837162683.png
[4:33:32 AM] 📝 GET /api/display/uploads/696f36019adeec8a6063cb8c_1778837164258.png
[4:33:36 AM] 📝 GET /api/display/room/69490a065e1a04f70b859ca9
[4:33:36 AM] 📝 GET /api/display/config/69490a065e1a04f70b859ca9
[4:33:36 AM] 📝 GET /api/display/media/69490a065e1a04f70b859ca9
[6:30:04 AM] 📝 GET /api/display/room/69490a065e1a04f70b859ca9
[6:30:05 AM] 📝 GET /api/display/uploads/69490a065e1a04f70b859ca9_1778836722246.png
[6:31:04 AM] 📝 GET /api/display/room/69490a065e1a04f70b859ca9
[6:32:04 AM] 📝 GET /api/display/room/69490a065e1a04f70b859ca9
[6:33:04 AM] 📝 GET /api/display/room/69490a065e1a04f70b859ca9
[6:34:04 AM] 📝 GET /api/display/room/69490a065e1a04f70b859ca9
[6:35:04 AM] 📝 GET /api/display/room/69490a065e1a04f70b859ca9
[6:36:04 AM] 📝 GET /api/display/room/69490a065e1a04f70b859ca9
[6:37:04 AM] 📝 GET /api/display/room/69490a065e1a04f70b859ca9
[6:38:04 AM] 📝 GET /api/display/room/69490a065e1a04f70b859ca9
[6:39:04 AM] 📝 GET /api/display/room/69490a065e1a04f70b859ca9
[6:40:04 AM] 📝 GET /api/display/room/69490a065e1a04f70b859ca9
[6:41:04 AM] 📝 GET /api/display/room/69490a065e1a04f70b859ca9
[6:42:05 AM] 📝 GET /api/display/room/69490a065e1a04f70b859ca9
[6:43:04 AM] 📝 GET /api/display/room/69490a065e1a04f70b859ca9
[6:44:04 AM] 📝 GET /api/display/room/69490a065e1a04f70b859ca9
[6:45:04 AM] 📝 GET /api/display/room/69490a065e1a04f70b859ca9
[6:46:04 AM] 📝 GET /api/display/room/69490a065e1a04f70b859ca9
[6:47:04 AM] 📝 GET /api/display/room/69490a065e1a04f70b859ca9
[6:48:04 AM] 📝 GET /api/display/room/69490a065e1a04f70b859ca9
[6:49:04 AM] 📝 GET /api/display/room/69490a065e1a04f70b859ca9
[6:50:04 AM] 📝 GET /api/display/room/69490a065e1a04f70b859ca9
[6:51:04 AM] 📝 GET /api/display/room/69490a065e1a04f70b859ca9
[6:52:04 AM] 📝 GET /api/display/room/69490a065e1a04f70b859ca9
[6:53:04 AM] 📝 GET /api/display/room/69490a065e1a04f70b859ca9
[6:54:04 AM] 📝 GET /api/display/room/69490a065e1a04f70b859ca9
[6:55:04 AM] 📝 GET /api/display/room/69490a065e1a04f70b859ca9
[6:56:04 AM] 📝 GET /api/display/room/69490a065e1a04f70b859ca9
[6:57:04 AM] 📝 GET /api/display/room/69490a065e1a04f70b859ca9
[6:58:04 AM] 📝 GET /api/display/room/69490a065e1a04f70b859ca9
[6:59:04 AM] 📝 GET /api/display/room/69490a065e1a04f70b859ca9
[7:00:04 AM] 📝 GET /api/display/room/69490a065e1a04f70b859ca9
[7:01:04 AM] 📝 GET /api/display/room/69490a065e1a04f70b859ca9
[7:02:04 AM] 📝 GET /api/display/room/69490a065e1a04f70b859ca9
[7:03:04 AM] 📝 GET /api/display/room/69490a065e1a04f70b859ca9
[7:04:04 AM] 📝 GET /api/display/room/69490a065e1a04f70b859ca9
[7:05:04 AM] 📝 GET /api/display/room/69490a065e1a04f70b859ca9
[7:06:04 AM] 📝 GET /api/display/room/69490a065e1a04f70b859ca9
[7:07:04 AM] 📝 GET /api/display/room/69490a065e1a04f70b859ca9
[7:08:04 AM] 📝 GET /api/display/room/69490a065e1a04f70b859ca9
[7:09:04 AM] 📝 GET /api/display/room/69490a065e1a04f70b859ca9
[7:10:04 AM] 📝 GET /api/display/room/69490a065e1a04f70b859ca9
[7:11:04 AM] 📝 GET /api/display/room/69490a065e1a04f70b859ca9
[7:12:05 AM] 📝 GET /api/display/room/69490a065e1a04f70b859ca9
[7:13:04 AM] 📝 GET /api/display/room/69490a065e1a04f70b859ca9
[7:14:04 AM] 📝 GET /api/display/room/69490a065e1a04f70b859ca9
[7:15:05 AM] 📝 GET /api/display/room/69490a065e1a04f70b859ca9
[7:16:04 AM] 📝 GET /api/display/room/69490a065e1a04f70b859ca9
[7:17:04 AM] 📝 GET /api/display/room/69490a065e1a04f70b859ca9
[7:18:05 AM] 📝 GET /api/display/room/69490a065e1a04f70b859ca9
[7:19:05 AM] 📝 GET /api/display/room/69490a065e1a04f70b859ca9
[7:20:04 AM] 📝 GET /api/display/room/69490a065e1a04f70b859ca9
[7:21:05 AM] 📝 GET /api/display/room/69490a065e1a04f70b859ca9
[7:22:04 AM] 📝 GET /api/display/room/69490a065e1a04f70b859ca9
[7:23:04 AM] 📝 GET /api/display/room/69490a065e1a04f70b859ca9
[7:24:04 AM] 📝 GET /api/display/room/69490a065e1a04f70b859ca9
[7:25:05 AM] 📝 GET /api/display/room/69490a065e1a04f70b859ca9
[7:26:05 AM] 📝 GET /api/display/room/69490a065e1a04f70b859ca9
[7:27:05 AM] 📝 GET /api/display/room/69490a065e1a04f70b859ca9
[7:28:05 AM] 📝 GET /api/display/room/69490a065e1a04f70b859ca9
[7:29:04 AM] 📝 GET /api/display/room/69490a065e1a04f70b859ca9
[7:30:05 AM] 📝 GET /api/display/room/69490a065e1a04f70b859ca9
[7:31:05 AM] 📝 GET /api/display/room/69490a065e1a04f70b859ca9
[7:32:04 AM] 📝 GET /api/display/room/69490a065e1a04f70b859ca9
[7:33:04 AM] 📝 GET /api/display/room/69490a065e1a04f70b859ca9
[7:34:04 AM] 📝 GET /api/display/room/69490a065e1a04f70b859ca9
[7:35:04 AM] 📝 GET /api/display/room/69490a065e1a04f70b859ca9
[7:36:04 AM] 📝 GET /api/display/room/69490a065e1a04f70b859ca9
[7:37:05 AM] 📝 GET /api/display/room/69490a065e1a04f70b859ca9
[7:38:04 AM] 📝 GET /api/display/room/69490a065e1a04f70b859ca9
[7:39:04 AM] 📝 GET /api/display/room/69490a065e1a04f70b859ca9
[7:39:06 AM] 📝 GET /api/bookings
[7:39:55 AM] 📝 POST /api/auth/login
[7:39:56 AM] 📝 GET /api/rooms
[7:40:00 AM] 📝 GET /api/bookings
[7:40:05 AM] 📝 GET /api/display/room/69490a065e1a04f70b859ca9
[7:41:04 AM] 📝 GET /api/display/room/69490a065e1a04f70b859ca9
[7:41:34 AM] 📝 GET /api/rooms/69490a065e1a04f70b859ca9
[7:41:34 AM] 📝 GET /api/bookings
[7:41:56 AM] 📝 GET /api/bookings
[7:41:56 AM] 📝 GET /api/rooms
[7:42:01 AM] 📝 GET /api/bookings
[7:42:04 AM] 📝 GET /api/display/room/69490a065e1a04f70b859ca9
[7:42:24 AM] 📝 GET /api/rooms/69490a065e1a04f70b859cab
[7:42:24 AM] 📝 GET /api/bookings
[7:43:04 AM] 📝 GET /api/display/room/69490a065e1a04f70b859ca9
[7:43:48 AM] 📝 GET /api/bookings/my-bookings
[7:44:04 AM] 📝 GET /api/display/room/69490a065e1a04f70b859ca9
[7:45:05 AM] 📝 GET /api/display/room/69490a065e1a04f70b859ca9
[7:45:55 AM] 📝 GET /api/bookings
[7:46:05 AM] 📝 GET /api/display/room/69490a065e1a04f70b859ca9
[7:47:04 AM] 📝 GET /api/display/room/69490a065e1a04f70b859ca9
[7:47:17 AM] 📝 GET /api/rooms
[7:47:22 AM] 📝 GET /api/rooms/69490a065e1a04f70b859cab
[7:47:22 AM] 📝 GET /api/bookings
[7:48:05 AM] 📝 GET /api/display/room/69490a065e1a04f70b859ca9
[7:48:15 AM] 📝 GET /api/admin/dashboard/statistics
[7:48:24 AM] 📝 GET /api/rooms
[7:49:04 AM] 📝 GET /api/display/room/69490a065e1a04f70b859ca9
[7:50:05 AM] 📝 GET /api/display/room/69490a065e1a04f70b859ca9
[7:51:04 AM] 📝 GET /api/display/room/69490a065e1a04f70b859ca9
[7:52:04 AM] 📝 GET /api/display/room/69490a065e1a04f70b859ca9
[7:53:05 AM] 📝 GET /api/display/room/69490a065e1a04f70b859ca9
[7:54:05 AM] 📝 GET /api/display/room/69490a065e1a04f70b859ca9
[7:55:04 AM] 📝 GET /api/display/room/69490a065e1a04f70b859ca9
[7:56:04 AM] 📝 GET /api/display/room/69490a065e1a04f70b859ca9
[7:57:05 AM] 📝 GET /api/display/room/69490a065e1a04f70b859ca9
[7:58:05 AM] 📝 GET /api/display/room/69490a065e1a04f70b859ca9
[7:59:05 AM] 📝 GET /api/display/room/69490a065e1a04f70b859ca9
[8:00:05 AM] 📝 GET /api/display/room/69490a065e1a04f70b859ca9
[8:01:05 AM] 📝 GET /api/display/room/69490a065e1a04f70b859ca9
[8:02:04 AM] 📝 GET /api/display/room/69490a065e1a04f70b859ca9
[8:03:04 AM] 📝 GET /api/display/room/69490a065e1a04f70b859ca9
[8:04:05 AM] 📝 GET /api/display/room/69490a065e1a04f70b859ca9
[8:05:05 AM] 📝 GET /api/display/room/69490a065e1a04f70b859ca9
[8:06:04 AM] 📝 GET /api/display/room/69490a065e1a04f70b859ca9
[8:07:05 AM] 📝 GET /api/display/room/69490a065e1a04f70b859ca9
[8:08:04 AM] 📝 GET /api/display/room/69490a065e1a04f70b859ca9
[8:09:04 AM] 📝 GET /api/display/room/69490a065e1a04f70b859ca9
[8:10:05 AM] 📝 GET /api/display/room/69490a065e1a04f70b859ca9
[8:11:05 AM] 📝 GET /api/display/room/69490a065e1a04f70b859ca9
[8:12:05 AM] 📝 GET /api/display/room/69490a065e1a04f70b859ca9
[8:13:05 AM] 📝 GET /api/display/room/69490a065e1a04f70b859ca9
[8:14:05 AM] 📝 GET /api/display/room/69490a065e1a04f70b859ca9
[8:15:05 AM] 📝 GET /api/display/room/69490a065e1a04f70b859ca9
[8:16:05 AM] 📝 GET /api/display/room/69490a065e1a04f70b859ca9
[8:17:05 AM] 📝 GET /api/display/room/69490a065e1a04f70b859ca9
[8:18:05 AM] 📝 GET /api/display/room/69490a065e1a04f70b859ca9
[8:19:05 AM] 📝 GET /api/display/room/69490a065e1a04f70b859ca9
[8:20:05 AM] 📝 GET /api/display/room/69490a065e1a04f70b859ca9
[8:21:05 AM] 📝 GET /api/display/room/69490a065e1a04f70b859ca9
[8:22:05 AM] 📝 GET /api/display/room/69490a065e1a04f70b859ca9
[8:23:05 AM] 📝 GET /api/display/room/69490a065e1a04f70b859ca9
[8:24:05 AM] 📝 GET /api/display/room/69490a065e1a04f70b859ca9
[8:25:05 AM] 📝 GET /api/display/room/69490a065e1a04f70b859ca9
[8:26:05 AM] 📝 GET /api/display/room/69490a065e1a04f70b859ca9
[8:27:05 AM] 📝 GET /api/display/room/69490a065e1a04f70b859ca9
[8:28:05 AM] 📝 GET /api/display/room/69490a065e1a04f70b859ca9
[8:29:05 AM] 📝 GET /api/display/room/69490a065e1a04f70b859ca9
[8:30:05 AM] 📝 GET /api/display/room/69490a065e1a04f70b859ca9
[8:31:05 AM] 📝 GET /api/display/room/69490a065e1a04f70b859ca9
[8:32:05 AM] 📝 GET /api/display/room/69490a065e1a04f70b859ca9
[8:33:05 AM] 📝 GET /api/display/room/69490a065e1a04f70b859ca9
[8:34:05 AM] 📝 GET /api/display/room/69490a065e1a04f70b859ca9
[8:35:05 AM] 📝 GET /api/display/room/69490a065e1a04f70b859ca9
[8:36:05 AM] 📝 GET /api/display/room/69490a065e1a04f70b859ca9
[8:37:05 AM] 📝 GET /api/display/room/69490a065e1a04f70b859ca9
[8:38:05 AM] 📝 GET /api/display/room/69490a065e1a04f70b859ca9
[8:39:05 AM] 📝 GET /api/display/room/69490a065e1a04f70b859ca9
[8:40:05 AM] 📝 GET /api/display/room/69490a065e1a04f70b859ca9
[8:41:05 AM] 📝 GET /api/display/room/69490a065e1a04f70b859ca9
[8:42:05 AM] 📝 GET /api/display/room/69490a065e1a04f70b859ca9
[8:43:05 AM] 📝 GET /api/display/room/69490a065e1a04f70b859ca9
[8:44:05 AM] 📝 GET /api/display/room/69490a065e1a04f70b859ca9
[8:45:05 AM] 📝 GET /api/display/room/69490a065e1a04f70b859ca9
[8:46:05 AM] 📝 GET /api/display/room/69490a065e1a04f70b859ca9
[8:47:05 AM] 📝 GET /api/display/room/69490a065e1a04f70b859ca9
[8:48:05 AM] 📝 GET /api/display/room/69490a065e1a04f70b859ca9
[8:49:05 AM] 📝 GET /api/display/room/69490a065e1a04f70b859ca9
[8:50:05 AM] 📝 GET /api/display/room/69490a065e1a04f70b859ca9
[8:51:05 AM] 📝 GET /api/display/room/69490a065e1a04f70b859ca9
[8:52:05 AM] 📝 GET /api/display/room/69490a065e1a04f70b859ca9
[8:53:05 AM] 📝 GET /api/display/room/69490a065e1a04f70b859ca9
[8:54:05 AM] 📝 GET /api/display/room/69490a065e1a04f70b859ca9
[8:55:05 AM] 📝 GET /api/display/room/69490a065e1a04f70b859ca9
[8:56:05 AM] 📝 GET /api/display/room/69490a065e1a04f70b859ca9
[8:57:05 AM] 📝 GET /api/display/room/69490a065e1a04f70b859ca9
[8:58:05 AM] 📝 GET /api/display/room/69490a065e1a04f70b859ca9
[8:59:05 AM] 📝 GET /api/display/room/69490a065e1a04f70b859ca9
[9:00:05 AM] 📝 GET /api/display/room/69490a065e1a04f70b859ca9
[9:01:05 AM] 📝 GET /api/display/room/69490a065e1a04f70b859ca9
[9:02:05 AM] 📝 GET /api/display/room/69490a065e1a04f70b859ca9
[9:03:05 AM] 📝 GET /api/display/room/69490a065e1a04f70b859ca9
[9:04:05 AM] 📝 GET /api/display/room/69490a065e1a04f70b859ca9
[9:05:05 AM] 📝 GET /api/display/room/69490a065e1a04f70b859ca9
[9:06:05 AM] 📝 GET /api/display/room/69490a065e1a04f70b859ca9
[9:07:05 AM] 📝 GET /api/display/room/69490a065e1a04f70b859ca9
[9:08:05 AM] 📝 GET /api/display/room/69490a065e1a04f70b859ca9
[9:09:05 AM] 📝 GET /api/display/room/69490a065e1a04f70b859ca9
[9:10:05 AM] 📝 GET /api/display/room/69490a065e1a04f70b859ca9
[9:11:05 AM] 📝 GET /api/display/room/69490a065e1a04f70b859ca9
[9:12:05 AM] 📝 GET /api/display/room/69490a065e1a04f70b859ca9
[9:13:05 AM] 📝 GET /api/display/room/69490a065e1a04f70b859ca9
[9:14:05 AM] 📝 GET /api/display/room/69490a065e1a04f70b859ca9
[9:14:05 AM] 📝 GET /api/bookings
[9:15:05 AM] 📝 GET /api/display/room/69490a065e1a04f70b859ca9
[9:16:05 AM] 📝 GET /api/display/room/69490a065e1a04f70b859ca9
[9:17:05 AM] 📝 GET /api/display/room/69490a065e1a04f70b859ca9
[9:17:20 AM] 📝 GET /api/auth/me
[9:17:20 AM] 📝 GET /api/rooms
[9:17:38 AM] 📝 GET /api/auth/me
[9:17:38 AM] 📝 GET /api/rooms
[9:17:48 AM] 📝 GET /api/departments
[9:18:05 AM] 📝 GET /api/display/room/69490a065e1a04f70b859ca9
[9:18:48 AM] 📝 POST /api/auth/exchange-code
━━━━━━━━━━━━━━━━━━━━━━━━━━━━━━━━━━
🔐 UMS Exchange Code Request
   📥 Method: POST
   📥 IP: 116.58.249.207
   📥 Origin: https://nssv.nsm.go.th
   📥 Referer: https://nssv.nsm.go.th/napp/auth/callback?code=3cd7cdf88bf9b934005148fb50aca309d2696cf58e1cf70b6969ea982c2571d0
   📥 User-Agent: Mozilla/5.0 (Windows NT 10.0; Win64; x64) AppleWebKit/537.36 (KHTML, like Gecko) Chrome/148.0.0.0 Safari/537.36
   📥 Content-Type: application/json
   📥 Body Keys: [ 'code', 'projectCode' ]
   📥 code: 3cd7cdf88bf9b934005148fb50aca309d2696cf58e1cf70b6969ea982c2571d0
   📥 projectCode: MEETBOOKING
   🔄 Calling: POST https://nssv.nsm.go.th/ums/api/auth/exchange-code
   📤 UMS Status: 200
   📤 UMS Response: {
  "status": "success",
  "token": "eyJhbGciOiJIUzI1NiIsInR5cCI6IkpXVCJ9.eyJpZCI6IjY5ODAwNTM2ZGNiYzM1ZDM0NmQ3NGI2MyIsInJvbGUiOiJtZW1iZXIiLCJ1c2VybmFtZSI6IkdhcCIsImlhdCI6MTc3OTE4MjMyOCwiZXhwIjoxNzc5MjY4NzI4fQ.iUDzMRBVAJ6l65ROZ0vzSpJsZzXxxSVPS9TWNV_4aOE",
  "user": {
    "id": "69800536dcbc35d346d74b63",
    "username": "Gap",
    "email": "gap389@gmail.com",
    "firstName": "Prasong",
    "lastName": "Yimyoung",
    "role": "member",
    "phone": "0910277999"
  }
}
   🎯 Role: member → user
   ✅ Login success: Prasong Yimyoung (user)
━━━━━━━━━━━━━━━━━━━━━━━━━━━━━━━━━━
[9:18:49 AM] 📝 GET /api/rooms
[9:19:05 AM] 📝 GET /api/display/room/69490a065e1a04f70b859ca9
[9:20:05 AM] 📝 GET /api/display/room/69490a065e1a04f70b859ca9
[9:21:05 AM] 📝 GET /api/display/room/69490a065e1a04f70b859ca9
[9:22:05 AM] 📝 GET /api/display/room/69490a065e1a04f70b859ca9
[9:23:05 AM] 📝 GET /api/display/room/69490a065e1a04f70b859ca9
[9:24:05 AM] 📝 GET /api/display/room/69490a065e1a04f70b859ca9
[9:24:34 AM] 📝 GET /api/departments
[9:25:05 AM] 📝 GET /api/display/room/69490a065e1a04f70b859ca9
[9:25:10 AM] 📝 POST /api/auth/register
[9:25:37 AM] 📝 POST /api/auth/register
[9:26:01 AM] 📝 POST /api/auth/register
[9:26:05 AM] 📝 GET /api/display/room/69490a065e1a04f70b859ca9
[9:26:07 AM] 📝 POST /api/auth/login
[9:26:07 AM] 📝 GET /api/rooms
[9:26:14 AM] 📝 GET /api/rooms/69609bbbaa301e5a9d0e57c0
[9:26:14 AM] 📝 GET /api/bookings
[9:26:36 AM] 📝 GET /api/bookings/my-bookings
[9:26:38 AM] 📝 GET /api/departments
[9:26:38 AM] 📝 GET /api/rooms
[9:26:55 AM] 📝 GET /api/bookings
[9:27:05 AM] 📝 GET /api/display/room/69490a065e1a04f70b859ca9
[9:27:22 AM] 📝 POST /api/bookings
[9:27:24 AM] 📝 GET /api/bookings/my-bookings
[9:27:42 AM] 📝 GET /api/auth/me
[9:27:42 AM] 📝 GET /api/bookings/my-bookings
[9:27:56 AM] 📝 GET /api/departments
[9:28:05 AM] 📝 GET /api/display/room/69490a065e1a04f70b859ca9
[9:29:05 AM] 📝 GET /api/display/room/69490a065e1a04f70b859ca9
[9:29:55 AM] 📝 POST /api/auth/login
[9:29:55 AM] 📝 GET /api/rooms
[9:29:58 AM] 📝 GET /api/rooms/69609bbbaa301e5a9d0e57c0
[9:29:58 AM] 📝 GET /api/bookings
[9:30:05 AM] 📝 GET /api/display/room/69490a065e1a04f70b859ca9
[dotenv@17.2.3] injecting env (7) from .env -- tip: 🔐 prevent building .env in docker: https://dotenvx.com/prebuild
  ✓ Registered: POST /

╔═══════════════════════════════════════╗
║  🚀 Server Started Successfully!      ║
╠═══════════════════════════════════════╣
║  Port: 5000                           ║
║  Host: 0.0.0.0 (Public Access)        ║
║  Time: 5/20/2026, 12:37:46 AM     ║
║  JSON Limit: 10MB (Images Supported)  ║
╚═══════════════════════════════════════╝
  
✅ MongoDB Connected Successfully
[2:13:35 AM] 📝 POST /api/auth/login
[2:13:35 AM] 📝 GET /api/rooms
[2:13:41 AM] 📝 GET /api/admin/dashboard/statistics
[2:13:49 AM] 📝 GET /api/admin/stats/bookings-trend
[2:13:49 AM] 📝 GET /api/admin/stats/monthly-stats
[2:13:49 AM] 📝 GET /api/admin/stats/popular-rooms
[2:13:49 AM] 📝 GET /api/admin/stats/department-usage
[2:13:53 AM] 📝 GET /api/rooms
[2:13:54 AM] 📝 GET /api/bookings
[2:13:57 AM] 📝 GET /api/rooms/696f36019adeec8a6063cb8c
[2:13:57 AM] 📝 GET /api/bookings
[2:14:06 AM] 📝 GET /api/bookings
[2:14:18 AM] 📝 GET /api/bookings
[2:14:19 AM] 📝 GET /api/bookings
[2:50:34 AM] 📝 GET /api/bookings
[2:50:41 AM] 📝 POST /api/auth/exchange-code
━━━━━━━━━━━━━━━━━━━━━━━━━━━━━━━━━━
🔐 UMS Exchange Code Request
   📥 Method: POST
   📥 IP: 49.231.15.98
   📥 Origin: https://nssv.nsm.go.th
   📥 Referer: https://nssv.nsm.go.th/napp/auth/callback?code=3676641ea00395a97f42486219f316e8ebe6b7bcd9c40f05c001b787598d1d01
   📥 User-Agent: Mozilla/5.0 (Linux; Android 10; K) AppleWebKit/537.36 (KHTML, like Gecko) Chrome/148.0.0.0 Mobile Safari/537.36
   📥 Content-Type: application/json
   📥 Body Keys: [ 'code', 'projectCode' ]
   📥 code: 3676641ea00395a97f42486219f316e8ebe6b7bcd9c40f05c001b787598d1d01
   📥 projectCode: MEETBOOKING
   🔄 Calling: POST https://nssv.nsm.go.th/ums/api/auth/exchange-code
   📤 UMS Status: 200
   📤 UMS Response: {
  "status": "success",
  "token": "eyJhbGciOiJIUzI1NiIsInR5cCI6IkpXVCJ9.eyJpZCI6IjY5ODAwNTM2ZGNiYzM1ZDM0NmQ3NGI2MyIsInJvbGUiOiJtZW1iZXIiLCJ1c2VybmFtZSI6IkdhcCIsImlhdCI6MTc3OTI0NTQ0MiwiZXhwIjoxNzc5MzMxODQyfQ.mE7KuMKpJdtzFQzixQaHW9SEUBh0PBKFcXz8XQxfI5U",
  "user": {
    "id": "69800536dcbc35d346d74b63",
    "username": "Gap",
    "email": "gap389@gmail.com",
    "firstName": "Prasong",
    "lastName": "Yimyoung",
    "role": "member",
    "phone": "0910277999"
  }
}
   🎯 Role: member → user
   ✅ Login success: Prasong Yimyoung (user)
━━━━━━━━━━━━━━━━━━━━━━━━━━━━━━━━━━
[2:50:42 AM] 📝 GET /api/rooms
[2:50:48 AM] 📝 GET /api/rooms/69490a065e1a04f70b859cab
[2:50:48 AM] 📝 GET /api/bookings
[2:51:19 AM] 📝 GET /api/rooms
[2:51:24 AM] 📝 GET /api/rooms/69490a065e1a04f70b859cab
[2:51:24 AM] 📝 GET /api/bookings
[2:51:34 AM] 📝 GET /api/rooms
[2:51:37 AM] 📝 GET /api/bookings/my-bookings
[2:51:47 AM] 📝 GET /api/rooms
[2:52:03 AM] 📝 GET /api/rooms/69490a065e1a04f70b859cab
[2:52:03 AM] 📝 GET /api/bookings
[2:52:16 AM] 📝 GET /api/rooms
[2:54:25 AM] 📝 POST /api/auth/login
[2:54:26 AM] 📝 GET /api/rooms
[2:54:35 AM] 📝 GET /api/rooms/69490a065e1a04f70b859cab
[2:54:35 AM] 📝 GET /api/bookings
[2:57:00 AM] 📝 HEAD /
[2:57:00 AM] 📝 GET /health
[3:54:25 AM] 📝 POST /api/auth/exchange-code
━━━━━━━━━━━━━━━━━━━━━━━━━━━━━━━━━━
🔐 UMS Exchange Code Request
   📥 Method: POST
   📥 IP: 49.231.15.98
   📥 Origin: https://nssv.nsm.go.th
   📥 Referer: https://nssv.nsm.go.th/napp/auth/callback?code=2813d794d32557865d1f546af4bcbc8acafcde6af7ea5d08f87b62bcb4fe9ded
   📥 User-Agent: Mozilla/5.0 (X11; Linux x86_64) AppleWebKit/537.36 (KHTML, like Gecko) Chrome/148.0.0.0 Safari/537.36
   📥 Content-Type: application/json
   📥 Body Keys: [ 'code', 'projectCode' ]
   📥 code: 2813d794d32557865d1f546af4bcbc8acafcde6af7ea5d08f87b62bcb4fe9ded
   📥 projectCode: MEETBOOKING
   🔄 Calling: POST https://nssv.nsm.go.th/ums/api/auth/exchange-code
   📤 UMS Status: 200
   📤 UMS Response: {
  "status": "success",
  "token": "eyJhbGciOiJIUzI1NiIsInR5cCI6IkpXVCJ9.eyJpZCI6IjY5NmUyYTljYWUxMTg0OWFmYTdhNTM5ZCIsInJvbGUiOiJzdXBlcmFkbWluIiwidXNlcm5hbWUiOiJuYWlvb2IiLCJpYXQiOjE3NzkyNDkyNjUsImV4cCI6MTc3OTMzNTY2NX0.nIWUiIqN6TT5NbV9jh9gOD6-D98JHgbmg7kJNJCwdyE",
  "user": {
    "id": "696e2a9cae11849afa7a539d",
    "username": "naioob",
    "email": "naioob@gmail.com",
    "firstName": "ธนะรักษ์ oob",
    "lastName": "สุขสันต์",
    "role": "superadmin",
    "phone": "0931317150"
  }
}
   🎯 Role: superadmin → admin
   ✅ Login success: ธนะรักษ์ oob สุขสันต์ (admin)
━━━━━━━━━━━━━━━━━━━━━━━━━━━━━━━━━━
[3:54:26 AM] 📝 GET /api/rooms
[3:54:29 AM] 📝 GET /api/admin/dashboard/statistics
[3:54:30 AM] 📝 GET /api/display/rooms
[3:54:35 AM] 📝 GET /api/display/room/69490a065e1a04f70b859ca9
[3:54:35 AM] 📝 GET /api/display/media/69490a065e1a04f70b859ca9
[3:54:35 AM] 📝 GET /api/display/config/69490a065e1a04f70b859ca9
[3:54:35 AM] 📝 GET /api/display/uploads/69490a065e1a04f70b859ca9_1778836722246.png
[3:54:35 AM] 📝 GET /api/display/uploads/69490a065e1a04f70b859ca9_1778836720904.png
[3:54:35 AM] 📝 GET /api/display/uploads/69490a065e1a04f70b859ca9_1778836721329.png
[3:54:35 AM] 📝 GET /api/display/uploads/69490a065e1a04f70b859ca9_1778836721767.png
[3:54:50 AM] 📝 GET /api/display/media/69490a065e1a04f70b859cab
[3:54:50 AM] 📝 GET /api/display/config/69490a065e1a04f70b859cab
[3:54:50 AM] 📝 GET /api/display/room/69490a065e1a04f70b859cab
[3:54:51 AM] 📝 GET /api/display/uploads/69490a065e1a04f70b859cab_1778837066914.png
[3:54:51 AM] 📝 GET /api/display/uploads/69490a065e1a04f70b859cab_1778837067368.png
[3:54:51 AM] 📝 GET /api/display/uploads/69490a065e1a04f70b859cab_1778837066488.png
[3:54:51 AM] 📝 GET /api/display/uploads/69490a065e1a04f70b859cab_1778837066057.png
[3:55:16 AM] 📝 GET /api/bookings
[3:55:47 AM] 📝 GET /api/bookings
[4:21:18 AM] 📝 POST /api/auth/exchange-code
━━━━━━━━━━━━━━━━━━━━━━━━━━━━━━━━━━
🔐 UMS Exchange Code Request
   📥 Method: POST
   📥 IP: 110.77.203.49
   📥 Origin: https://nssv.nsm.go.th
   📥 Referer: https://nssv.nsm.go.th/napp/auth/callback?code=f1fa15f2730869f61c8bfdb96fb2402db7833dced47bd3e55a4d7fdc361bf2b8
   📥 User-Agent: Mozilla/5.0 (Windows NT 10.0; Win64; x64) AppleWebKit/537.36 (KHTML, like Gecko) Chrome/148.0.0.0 Safari/537.36
   📥 Content-Type: application/json
   📥 Body Keys: [ 'code', 'projectCode' ]
   📥 code: f1fa15f2730869f61c8bfdb96fb2402db7833dced47bd3e55a4d7fdc361bf2b8
   📥 projectCode: MEETBOOKING
   🔄 Calling: POST https://nssv.nsm.go.th/ums/api/auth/exchange-code
   📤 UMS Status: 200
   📤 UMS Response: {
  "status": "success",
  "token": "eyJhbGciOiJIUzI1NiIsInR5cCI6IkpXVCJ9.eyJpZCI6IjY5ODAwNTM2ZGNiYzM1ZDM0NmQ3NGI2MyIsInJvbGUiOiJtZW1iZXIiLCJ1c2VybmFtZSI6IkdhcCIsImlhdCI6MTc3OTI1MDg3OCwiZXhwIjoxNzc5MzM3Mjc4fQ.Y7hM5bM_2edhF6zrh9sQB3wbaTpvYls3l-y2Gn6MaEw",
  "user": {
    "id": "69800536dcbc35d346d74b63",
    "username": "Gap",
    "email": "gap389@gmail.com",
    "firstName": "Prasong",
    "lastName": "Yimyoung",
    "role": "member",
    "phone": "0910277999"
  }
}
   🎯 Role: member → user
   ✅ Login success: Prasong Yimyoung (user)
━━━━━━━━━━━━━━━━━━━━━━━━━━━━━━━━━━
[4:21:18 AM] 📝 GET /api/rooms
[4:21:20 AM] 📝 GET /api/bookings
[4:21:55 AM] 📝 GET /api/bookings/my-bookings
[4:21:58 AM] 📝 GET /api/bookings
[4:22:03 AM] 📝 GET /api/rooms
[4:22:06 AM] 📝 GET /api/bookings
[4:22:10 AM] 📝 GET /api/rooms
[4:22:18 AM] 📝 GET /api/rooms/69490a065e1a04f70b859cab
[4:22:19 AM] 📝 GET /api/bookings
[4:34:15 AM] 📝 POST /api/auth/login
[4:34:16 AM] 📝 GET /api/rooms
[4:34:24 AM] 📝 GET /api/rooms/69609bbbaa301e5a9d0e57c0
[4:34:24 AM] 📝 GET /api/bookings
[4:35:17 AM] 📝 GET /api/bookings/my-bookings
[4:36:11 AM] 📝 GET /api/bookings/6a0a941de5d9f4b1d9bedae1
[4:36:11 AM] 📝 GET /api/rooms
[4:36:11 AM] 📝 GET /api/departments
[4:36:11 AM] 📝 GET /api/bookings
[4:39:03 AM] 📝 GET /api/bookings
[4:39:41 AM] 📝 GET /api/rooms/69490a065e1a04f70b859cab
[4:39:41 AM] 📝 GET /api/bookings
[4:39:54 AM] 📝 GET /api/admin/dashboard/statistics
[4:40:02 AM] 📝 GET /api/rooms
[4:40:14 AM] 📝 GET /api/admin/bookings
[4:43:32 AM] 📝 POST /api/auth/login
[4:43:32 AM] 📝 GET /api/rooms
[4:43:34 AM] 📝 GET /api/bookings
[4:45:43 AM] 📝 GET /api/bookings
[4:46:16 AM] 📝 GET /api/rooms
[4:46:19 AM] 📝 GET /api/admin/dashboard/statistics
[4:46:23 AM] 📝 GET /api/admin/bookings
[4:46:45 AM] 📝 PUT /api/admin/bookings/6a0c2cfae5d9f4b1d9bedf46/status
[4:46:48 AM] 📝 GET /api/admin/bookings
[4:46:49 AM] 📝 GET /api/bookings
[4:51:31 AM] 📝 GET /api/bookings/my-bookings
[8:16:07 AM] 📝 POST /api/auth/login
[8:16:13 AM] 📝 POST /api/auth/login
[8:16:24 AM] 📝 POST /api/auth/login
[8:17:41 AM] 📝 GET /api/bookings
[8:18:15 AM] 📝 POST /api/auth/login
[8:18:31 AM] 📝 POST /api/auth/login
[8:18:32 AM] 📝 GET /api/rooms
[8:18:42 AM] 📝 GET /api/admin/dashboard/statistics
[8:20:25 AM] 📝 POST /api/auth/login
[8:22:04 AM] 📝 POST /api/auth/exchange-code
━━━━━━━━━━━━━━━━━━━━━━━━━━━━━━━━━━
🔐 UMS Exchange Code Request
   📥 Method: POST
   📥 IP: 110.77.203.49
   📥 Origin: https://nssv.nsm.go.th
   📥 Referer: https://nssv.nsm.go.th/napp/auth/callback?code=338e8b322bfb3aacb770a2a88fadb0a62a750fc4734bd7278530ab9e7ffb7e1a
   📥 User-Agent: Mozilla/5.0 (Windows NT 10.0; Win64; x64) AppleWebKit/537.36 (KHTML, like Gecko) Chrome/147.0.0.0 Safari/537.36
   📥 Content-Type: application/json
   📥 Body Keys: [ 'code', 'projectCode' ]
   📥 code: 338e8b322bfb3aacb770a2a88fadb0a62a750fc4734bd7278530ab9e7ffb7e1a
   📥 projectCode: MEETBOOKING
   🔄 Calling: POST https://nssv.nsm.go.th/ums/api/auth/exchange-code
   📤 UMS Status: 200
   📤 UMS Response: {
  "status": "success",
  "token": "eyJhbGciOiJIUzI1NiIsInR5cCI6IkpXVCJ9.eyJpZCI6IjY5OGMzMTMxZGNiYzM1ZDM0NmQ3NGY1NyIsInJvbGUiOiJhZG1pbiIsInVzZXJuYW1lIjoidGF5ZmFyMDEyIiwiaWF0IjoxNzc5MjY1MzI0LCJleHAiOjE3NzkzNTE3MjR9.Y-u9Fg80J4S_6R14U6yGOQrHn86nkY1q2UFlBSxPhqo",
  "user": {
    "id": "698c3131dcbc35d346d74f57",
    "username": "tayfar012",
    "email": "tarata.khameam@gmail.com",
    "firstName": "ธราธาร์",
    "lastName": "คำเอี่ยม",
    "role": "admin",
    "phone": "0897034254"
  }
}
   🎯 Role: admin → admin
   ✅ Login success: ธราธาร์ คำเอี่ยม (admin)
━━━━━━━━━━━━━━━━━━━━━━━━━━━━━━━━━━
[8:22:06 AM] 📝 GET /api/rooms
[8:22:14 AM] 📝 GET /api/bookings/my-bookings
[8:22:41 AM] 📝 GET /api/rooms
[8:22:41 AM] 📝 GET /api/departments
[8:23:02 AM] 📝 GET /api/bookings
[8:23:33 AM] 📝 POST /api/bookings
[8:23:48 AM] 📝 GET /api/bookings
[8:23:57 AM] 📝 GET /api/bookings
[8:24:01 AM] 📝 POST /api/bookings
[8:24:09 AM] 📝 GET /api/bookings/my-bookings
[8:24:18 AM] 📝 GET /api/departments
[8:24:18 AM] 📝 GET /api/rooms
[8:24:18 AM] 📝 GET /api/bookings/6a0d6fa1ed025f779993dd8c
[8:24:18 AM] 📝 GET /api/bookings
[8:24:21 AM] 📝 PUT /api/bookings/6a0d6fa1ed025f779993dd8c
[8:24:22 AM] 📝 GET /api/bookings/my-bookings
[8:24:26 AM] 📝 GET /api/rooms
[8:24:34 AM] 📝 GET /api/admin/dashboard/statistics
[8:24:37 AM] 📝 GET /api/admin/bookings
[8:25:24 AM] 📝 GET /api/rooms
[8:25:26 AM] 📝 GET /api/bookings/my-bookings
[8:25:37 AM] 📝 GET /api/departments
[8:25:37 AM] 📝 GET /api/rooms
[8:25:37 AM] 📝 GET /api/bookings/6a0d6fa1ed025f779993dd8c
[8:25:37 AM] 📝 GET /api/bookings
[8:27:00 AM] 📝 GET /api/admin/dashboard/statistics
[8:27:03 AM] 📝 GET /api/admin/bookings
[8:27:16 AM] 📝 GET /api/admin/users
[8:27:42 AM] 📝 PATCH /api/admin/users/699814f52a1bcbb4292e28f8/role
[8:29:09 AM] 📝 GET /api/admin/bookings
[8:29:33 AM] 📝 GET /api/rooms
[8:29:39 AM] 📝 GET /api/rooms
[8:29:49 AM] 📝 GET /api/rooms/69490a065e1a04f70b859ca9
[8:29:49 AM] 📝 GET /api/bookings
[8:30:01 AM] 📝 GET /api/rooms
[8:30:03 AM] 📝 GET /api/rooms/69490a065e1a04f70b859caa
[8:30:03 AM] 📝 GET /api/bookings
[8:30:56 AM] 📝 GET /api/bookings/my-bookings
[8:30:58 AM] 📝 GET /api/rooms
[8:30:58 AM] 📝 GET /api/bookings/6a0d6fa1ed025f779993dd8c
[8:30:58 AM] 📝 GET /api/departments
[8:30:58 AM] 📝 GET /api/bookings
[8:42:53 AM] 📝 GET /api/rooms/69490a065e1a04f70b859cab
[8:42:53 AM] 📝 GET /api/bookings
[8:45:40 AM] 📝 GET /api/auth/me
[8:45:40 AM] 📝 GET /api/rooms/696f36019adeec8a6063cb8c
[8:45:40 AM] 📝 GET /api/bookings
[8:45:56 AM] 📝 GET /api/bookings
[8:46:16 AM] 📝 GET /api/bookings
[8:46:33 AM] 📝 GET /api/bookings
[8:49:55 AM] 📝 GET /api/display/room/69490a065e1a04f70b859ca9
[8:49:55 AM] 📝 GET /api/display/room/69490a065e1a04f70b859ca9
[8:49:55 AM] 📝 GET /api/display/uploads/69490a065e1a04f70b859ca9_1778836722246.png
[8:50:58 AM] 📝 GET /api/display/room/69490a065e1a04f70b859cab
[8:50:58 AM] 📝 GET /api/display/room/69490a065e1a04f70b859cab
[8:50:58 AM] 📝 GET /api/display/uploads/69490a065e1a04f70b859cab_1778837066488.png
[8:51:58 AM] 📝 GET /api/display/room/69490a065e1a04f70b859cab
[8:51:58 AM] 📝 GET /api/display/room/69490a065e1a04f70b859cab
[8:52:41 AM] 📝 GET /api/display/room/69490a065e1a04f70b859cab
[8:52:41 AM] 📝 GET /api/display/room/69490a065e1a04f70b859cab
[8:53:13 AM] 📝 GET /api/display/room/69490a065e1a04f70b859cab
[8:55:34 AM] 📝 GET /api/display/room/69490a065e1a04f70b859ca9
[8:55:34 AM] 📝 GET /api/display/room/69490a065e1a04f70b859ca9
[9:17:11 AM] 📝 GET /api/admin/dashboard/statistics
[9:17:12 AM] 📝 GET /api/bookings/my-bookings
[9:17:14 AM] 📝 GET /api/rooms
[9:17:14 AM] 📝 GET /api/departments
[9:19:35 AM] 📝 GET /api/bookings
[9:20:34 AM] 📝 POST /api/bookings
[9:20:36 AM] 📝 GET /api/bookings/my-bookings
[9:21:56 AM] 📝 GET /api/admin/dashboard/statistics
[9:22:01 AM] 📝 GET /api/admin/bookings
[9:22:12 AM] 📝 PUT /api/admin/bookings/6a0d7ce2ed025f779993de31/status
[9:22:14 AM] 📝 GET /api/admin/bookings
[9:40:01 AM] 📝 GET /api/auth/me
[9:40:01 AM] 📝 GET /api/admin/dashboard/statistics
[12:33:41 PM] 📝 POST /api/auth/exchange-code
━━━━━━━━━━━━━━━━━━━━━━━━━━━━━━━━━━
🔐 UMS Exchange Code Request
   📥 Method: POST
   📥 IP: 184.82.154.124
   📥 Origin: https://nssv.nsm.go.th
   📥 Referer: https://nssv.nsm.go.th/napp/auth/callback?code=2e1a6c24f4a766a7864ed1254b0ddbabbbf248b23d51ace2efff6d99df64eaec
   📥 User-Agent: Mozilla/5.0 (Windows NT 10.0; Win64; x64) AppleWebKit/537.36 (KHTML, like Gecko) Chrome/148.0.0.0 Safari/537.36
   📥 Content-Type: application/json
   📥 Body Keys: [ 'code', 'projectCode' ]
   📥 code: 2e1a6c24f4a766a7864ed1254b0ddbabbbf248b23d51ace2efff6d99df64eaec
   📥 projectCode: MEETBOOKING
   🔄 Calling: POST https://nssv.nsm.go.th/ums/api/auth/exchange-code
   📤 UMS Status: 200
   📤 UMS Response: {
  "status": "success",
  "token": "eyJhbGciOiJIUzI1NiIsInR5cCI6IkpXVCJ9.eyJpZCI6IjY5NmUyYTljYWUxMTg0OWFmYTdhNTM5ZCIsInJvbGUiOiJzdXBlcmFkbWluIiwidXNlcm5hbWUiOiJuYWlvb2IiLCJpYXQiOjE3NzkyODA0MjEsImV4cCI6MTc3OTM2NjgyMX0.n61nRt3EaYcP4VF_JKwi06lKIgr-1s0VmeOao_neuT4",
  "user": {
    "id": "696e2a9cae11849afa7a539d",
    "username": "naioob",
    "email": "naioob@gmail.com",
    "firstName": "ธนะรักษ์ oob",
    "lastName": "สุขสันต์",
    "role": "superadmin",
    "phone": "0931317150"
  }
}
   🎯 Role: superadmin → admin
   ✅ Login success: ธนะรักษ์ oob สุขสันต์ (admin)
━━━━━━━━━━━━━━━━━━━━━━━━━━━━━━━━━━
[12:33:42 PM] 📝 GET /api/rooms
[1:10:55 AM] 📝 GET /api/display/room/696f36019adeec8a6063cb8c
[1:10:56 AM] 📝 GET /api/display/uploads/696f36019adeec8a6063cb8c_1778837162683.png
[1:11:05 AM] 📝 GET /api/display/room/696f36019adeec8a6063cb8c
[1:11:06 AM] 📝 GET /api/display/uploads/696f36019adeec8a6063cb8c_1778837162683.png
[1:11:56 AM] 📝 GET /api/display/room/696f36019adeec8a6063cb8c
[1:12:05 AM] 📝 GET /api/display/room/696f36019adeec8a6063cb8c
[1:12:55 AM] 📝 GET /api/display/room/696f36019adeec8a6063cb8c
[1:13:05 AM] 📝 GET /api/display/room/696f36019adeec8a6063cb8c
[1:13:55 AM] 📝 GET /api/display/room/696f36019adeec8a6063cb8c
[1:14:05 AM] 📝 GET /api/display/room/696f36019adeec8a6063cb8c
[1:14:55 AM] 📝 GET /api/display/room/696f36019adeec8a6063cb8c
[1:15:05 AM] 📝 GET /api/display/room/696f36019adeec8a6063cb8c
[1:15:55 AM] 📝 GET /api/display/room/696f36019adeec8a6063cb8c
[1:16:05 AM] 📝 GET /api/display/room/696f36019adeec8a6063cb8c
[1:16:55 AM] 📝 GET /api/display/room/696f36019adeec8a6063cb8c
[1:17:05 AM] 📝 GET /api/display/room/696f36019adeec8a6063cb8c
[1:17:55 AM] 📝 GET /api/display/room/696f36019adeec8a6063cb8c
[1:18:05 AM] 📝 GET /api/display/room/696f36019adeec8a6063cb8c
[1:18:55 AM] 📝 GET /api/display/room/696f36019adeec8a6063cb8c
[1:19:05 AM] 📝 GET /api/display/room/696f36019adeec8a6063cb8c
[1:19:55 AM] 📝 GET /api/display/room/696f36019adeec8a6063cb8c
[1:20:05 AM] 📝 GET /api/display/room/696f36019adeec8a6063cb8c
[1:20:55 AM] 📝 GET /api/display/room/696f36019adeec8a6063cb8c
[1:21:05 AM] 📝 GET /api/display/room/696f36019adeec8a6063cb8c
[1:21:55 AM] 📝 GET /api/display/room/696f36019adeec8a6063cb8c
[1:22:05 AM] 📝 GET /api/display/room/696f36019adeec8a6063cb8c
[1:22:55 AM] 📝 GET /api/display/room/696f36019adeec8a6063cb8c
[1:23:05 AM] 📝 GET /api/display/room/696f36019adeec8a6063cb8c
[1:23:55 AM] 📝 GET /api/display/room/696f36019adeec8a6063cb8c
[1:24:05 AM] 📝 GET /api/display/room/696f36019adeec8a6063cb8c
[1:24:55 AM] 📝 GET /api/display/room/696f36019adeec8a6063cb8c
[1:25:05 AM] 📝 GET /api/display/room/696f36019adeec8a6063cb8c
[1:25:55 AM] 📝 GET /api/display/room/696f36019adeec8a6063cb8c
[1:26:05 AM] 📝 GET /api/display/room/696f36019adeec8a6063cb8c
[1:26:55 AM] 📝 GET /api/display/room/696f36019adeec8a6063cb8c
[1:27:05 AM] 📝 GET /api/display/room/696f36019adeec8a6063cb8c
[1:27:55 AM] 📝 GET /api/display/room/696f36019adeec8a6063cb8c
[1:28:05 AM] 📝 GET /api/display/room/696f36019adeec8a6063cb8c
[1:28:55 AM] 📝 GET /api/display/room/696f36019adeec8a6063cb8c
[1:29:05 AM] 📝 GET /api/display/room/696f36019adeec8a6063cb8c
[1:29:55 AM] 📝 GET /api/display/room/696f36019adeec8a6063cb8c
[1:30:05 AM] 📝 GET /api/display/room/696f36019adeec8a6063cb8c
[1:30:55 AM] 📝 GET /api/display/room/696f36019adeec8a6063cb8c
[1:31:05 AM] 📝 GET /api/display/room/696f36019adeec8a6063cb8c
[1:31:55 AM] 📝 GET /api/display/room/696f36019adeec8a6063cb8c
[1:32:05 AM] 📝 GET /api/display/room/696f36019adeec8a6063cb8c
[1:32:55 AM] 📝 GET /api/display/room/696f36019adeec8a6063cb8c
[1:33:05 AM] 📝 GET /api/display/room/696f36019adeec8a6063cb8c
[1:33:55 AM] 📝 GET /api/display/room/696f36019adeec8a6063cb8c
[1:34:05 AM] 📝 GET /api/display/room/696f36019adeec8a6063cb8c
[1:34:45 AM] 📝 GET /api/rooms
[1:34:55 AM] 📝 GET /api/display/room/696f36019adeec8a6063cb8c
[1:35:02 AM] 📝 POST /api/auth/login
[1:35:03 AM] 📝 GET /api/rooms
[1:35:04 AM] 📝 GET /api/bookings
[1:35:05 AM] 📝 GET /api/display/room/696f36019adeec8a6063cb8c
[1:35:55 AM] 📝 GET /api/display/room/696f36019adeec8a6063cb8c
[1:36:05 AM] 📝 GET /api/display/room/696f36019adeec8a6063cb8c
[1:36:55 AM] 📝 GET /api/display/room/696f36019adeec8a6063cb8c
[1:37:05 AM] 📝 GET /api/display/room/696f36019adeec8a6063cb8c
[1:37:55 AM] 📝 GET /api/display/room/696f36019adeec8a6063cb8c
[1:38:05 AM] 📝 GET /api/display/room/696f36019adeec8a6063cb8c
[1:38:55 AM] 📝 GET /api/display/room/696f36019adeec8a6063cb8c
[1:39:05 AM] 📝 GET /api/display/room/696f36019adeec8a6063cb8c
[1:39:55 AM] 📝 GET /api/display/room/696f36019adeec8a6063cb8c
[1:40:05 AM] 📝 GET /api/display/room/696f36019adeec8a6063cb8c
[1:40:22 AM] 📝 GET /api/admin/dashboard/statistics
[1:40:24 AM] 📝 GET /api/rooms
[1:40:25 AM] 📝 GET /api/admin/bookings
[1:40:55 AM] 📝 GET /api/display/room/696f36019adeec8a6063cb8c
[1:41:05 AM] 📝 GET /api/display/room/696f36019adeec8a6063cb8c
[1:41:55 AM] 📝 GET /api/display/room/696f36019adeec8a6063cb8c
[1:42:05 AM] 📝 GET /api/display/room/696f36019adeec8a6063cb8c
[1:42:55 AM] 📝 GET /api/display/room/696f36019adeec8a6063cb8c
[1:43:05 AM] 📝 GET /api/display/room/696f36019adeec8a6063cb8c
[1:43:55 AM] 📝 GET /api/display/room/696f36019adeec8a6063cb8c
[1:44:05 AM] 📝 GET /api/display/room/696f36019adeec8a6063cb8c
[1:44:55 AM] 📝 GET /api/display/room/696f36019adeec8a6063cb8c
[1:45:05 AM] 📝 GET /api/display/room/696f36019adeec8a6063cb8c
[1:45:55 AM] 📝 GET /api/display/room/696f36019adeec8a6063cb8c
[1:46:05 AM] 📝 GET /api/display/room/696f36019adeec8a6063cb8c
[1:46:18 AM] 📝 GET /api/auth/me
[1:46:29 AM] 📝 POST /api/auth/login
[1:46:30 AM] 📝 GET /api/rooms
[1:46:36 AM] 📝 GET /api/rooms/69490a065e1a04f70b859cab
[1:46:36 AM] 📝 GET /api/bookings
[1:46:55 AM] 📝 GET /api/display/room/696f36019adeec8a6063cb8c
[1:47:05 AM] 📝 GET /api/display/room/696f36019adeec8a6063cb8c
[1:47:50 AM] 📝 GET /api/display/room/69490a065e1a04f70b859ca9
[1:47:50 AM] 📝 GET /api/display/uploads/69490a065e1a04f70b859ca9_1778836722246.png
[1:47:55 AM] 📝 GET /api/display/room/696f36019adeec8a6063cb8c
[1:47:58 AM] 📝 GET /api/display/room/69490a065e1a04f70b859caa
[1:47:59 AM] 📝 GET /api/display/uploads/69490a065e1a04f70b859caa_1778836968444.png
[1:48:05 AM] 📝 GET /api/display/room/696f36019adeec8a6063cb8c
[1:48:55 AM] 📝 GET /api/display/room/696f36019adeec8a6063cb8c
[1:49:05 AM] 📝 GET /api/display/room/696f36019adeec8a6063cb8c
[1:49:55 AM] 📝 GET /api/display/room/696f36019adeec8a6063cb8c
[1:50:05 AM] 📝 GET /api/display/room/696f36019adeec8a6063cb8c
[1:50:55 AM] 📝 GET /api/display/room/696f36019adeec8a6063cb8c
[1:51:05 AM] 📝 GET /api/display/room/696f36019adeec8a6063cb8c
[1:51:55 AM] 📝 GET /api/display/room/696f36019adeec8a6063cb8c
[1:52:05 AM] 📝 GET /api/display/room/696f36019adeec8a6063cb8c
[1:52:55 AM] 📝 GET /api/display/room/696f36019adeec8a6063cb8c
[1:53:05 AM] 📝 GET /api/display/room/696f36019adeec8a6063cb8c
[1:53:55 AM] 📝 GET /api/display/room/696f36019adeec8a6063cb8c
[1:54:05 AM] 📝 GET /api/display/room/696f36019adeec8a6063cb8c
[1:54:55 AM] 📝 GET /api/display/room/696f36019adeec8a6063cb8c
[1:55:05 AM] 📝 GET /api/display/room/696f36019adeec8a6063cb8c
[1:55:55 AM] 📝 GET /api/display/room/696f36019adeec8a6063cb8c
[1:56:05 AM] 📝 GET /api/display/room/696f36019adeec8a6063cb8c
[1:56:55 AM] 📝 GET /api/display/room/696f36019adeec8a6063cb8c
[1:57:05 AM] 📝 GET /api/display/room/696f36019adeec8a6063cb8c
[1:57:55 AM] 📝 GET /api/display/room/696f36019adeec8a6063cb8c
[1:58:05 AM] 📝 GET /api/display/room/696f36019adeec8a6063cb8c
[1:58:55 AM] 📝 GET /api/display/room/696f36019adeec8a6063cb8c
[1:59:05 AM] 📝 GET /api/display/room/696f36019adeec8a6063cb8c
[1:59:55 AM] 📝 GET /api/display/room/696f36019adeec8a6063cb8c
[2:00:05 AM] 📝 GET /api/display/room/696f36019adeec8a6063cb8c
[2:00:55 AM] 📝 GET /api/display/room/696f36019adeec8a6063cb8c
[2:01:05 AM] 📝 GET /api/display/room/696f36019adeec8a6063cb8c
[2:01:55 AM] 📝 GET /api/display/room/696f36019adeec8a6063cb8c
[2:02:05 AM] 📝 GET /api/display/room/696f36019adeec8a6063cb8c
[2:02:55 AM] 📝 GET /api/display/room/696f36019adeec8a6063cb8c
[2:03:05 AM] 📝 GET /api/display/room/696f36019adeec8a6063cb8c
[2:03:55 AM] 📝 GET /api/display/room/696f36019adeec8a6063cb8c
[2:04:05 AM] 📝 GET /api/display/room/696f36019adeec8a6063cb8c
[2:04:55 AM] 📝 GET /api/display/room/696f36019adeec8a6063cb8c
[2:05:05 AM] 📝 GET /api/display/room/696f36019adeec8a6063cb8c
[2:05:55 AM] 📝 GET /api/display/room/696f36019adeec8a6063cb8c
[2:06:05 AM] 📝 GET /api/display/room/696f36019adeec8a6063cb8c
[2:06:55 AM] 📝 GET /api/display/room/696f36019adeec8a6063cb8c
[2:07:05 AM] 📝 GET /api/display/room/696f36019adeec8a6063cb8c
[2:07:55 AM] 📝 GET /api/display/room/696f36019adeec8a6063cb8c
[2:08:05 AM] 📝 GET /api/display/room/696f36019adeec8a6063cb8c
[2:08:55 AM] 📝 GET /api/display/room/696f36019adeec8a6063cb8c
[2:09:05 AM] 📝 GET /api/display/room/696f36019adeec8a6063cb8c
[2:09:55 AM] 📝 GET /api/display/room/696f36019adeec8a6063cb8c
[2:10:05 AM] 📝 GET /api/display/room/696f36019adeec8a6063cb8c
[2:10:55 AM] 📝 GET /api/display/room/696f36019adeec8a6063cb8c
[2:11:05 AM] 📝 GET /api/display/room/696f36019adeec8a6063cb8c
[2:11:42 AM] 📝 GET /api/display/room/69490a065e1a04f70b859ca9
[2:11:42 AM] 📝 GET /api/display/uploads/69490a065e1a04f70b859ca9_1778836722246.png
[2:11:55 AM] 📝 GET /api/display/room/696f36019adeec8a6063cb8c
[2:12:00 AM] 📝 GET /api/display/room/69490a065e1a04f70b859ca9
[2:12:05 AM] 📝 GET /api/display/room/696f36019adeec8a6063cb8c
[2:12:27 AM] 📝 GET /api/display/room/69490a065e1a04f70b859ca9
[2:12:55 AM] 📝 GET /api/display/room/696f36019adeec8a6063cb8c
[2:13:05 AM] 📝 GET /api/display/room/696f36019adeec8a6063cb8c
[2:13:28 AM] 📝 GET /api/display/room/69490a065e1a04f70b859ca9
[2:13:55 AM] 📝 GET /api/display/room/696f36019adeec8a6063cb8c
[2:14:05 AM] 📝 GET /api/display/room/696f36019adeec8a6063cb8c
[2:14:45 AM] 📝 GET /api/display/room/69490a065e1a04f70b859ca9
[2:14:55 AM] 📝 GET /api/display/room/696f36019adeec8a6063cb8c
[2:15:05 AM] 📝 GET /api/display/room/696f36019adeec8a6063cb8c
[2:15:26 AM] 📝 GET /api/auth/me
[2:15:29 AM] 📝 POST /api/auth/login
[2:15:29 AM] 📝 GET /api/rooms
[2:15:32 AM] 📝 GET /api/bookings
[2:15:43 AM] 📝 GET /api/bookings/my-bookings
[2:15:49 AM] 📝 DELETE /api/bookings/6a06e219f11bf2fb12b9c4a6
[2:15:54 AM] 📝 DELETE /api/bookings/6a06e1fcf11bf2fb12b9c49c
[2:15:55 AM] 📝 GET /api/display/room/696f36019adeec8a6063cb8c
[2:15:58 AM] 📝 DELETE /api/bookings/6a06e1b7f11bf2fb12b9c492
[2:16:01 AM] 📝 DELETE /api/bookings/6a06e1a5f11bf2fb12b9c488
[2:16:05 AM] 📝 GET /api/admin/dashboard/statistics
[2:16:05 AM] 📝 GET /api/display/room/696f36019adeec8a6063cb8c
[2:16:06 AM] 📝 GET /api/admin/bookings
[2:16:17 AM] 📝 PUT /api/admin/bookings/6a0d6fa1ed025f779993dd8c/status
[2:16:18 AM] 📝 GET /api/admin/bookings
[2:16:25 AM] 📝 GET /api/admin/bookings
[2:16:26 AM] 📝 GET /api/admin/bookings
[2:16:55 AM] 📝 GET /api/display/room/696f36019adeec8a6063cb8c
[2:17:05 AM] 📝 GET /api/display/room/696f36019adeec8a6063cb8c
[2:17:55 AM] 📝 GET /api/display/room/696f36019adeec8a6063cb8c
[2:18:05 AM] 📝 GET /api/display/room/696f36019adeec8a6063cb8c
[2:18:42 AM] 📝 GET /api/display/room/69490a065e1a04f70b859ca9
[2:18:42 AM] 📝 GET /api/display/room/69490a065e1a04f70b859ca9
[2:18:55 AM] 📝 GET /api/display/room/696f36019adeec8a6063cb8c
[2:19:05 AM] 📝 GET /api/display/room/696f36019adeec8a6063cb8c
[2:19:55 AM] 📝 GET /api/display/room/696f36019adeec8a6063cb8c
[2:20:05 AM] 📝 GET /api/display/room/696f36019adeec8a6063cb8c
[2:20:55 AM] 📝 GET /api/display/room/696f36019adeec8a6063cb8c
[2:21:05 AM] 📝 GET /api/display/room/696f36019adeec8a6063cb8c
[2:21:51 AM] 📝 GET /api/display/room/696f36019adeec8a6063cb8c
[2:21:51 AM] 📝 GET /api/display/room/696f36019adeec8a6063cb8c
[2:21:51 AM] 📝 GET /api/display/uploads/696f36019adeec8a6063cb8c_1778837162683.png
[2:21:55 AM] 📝 GET /api/display/room/696f36019adeec8a6063cb8c
[2:22:05 AM] 📝 GET /api/display/room/696f36019adeec8a6063cb8c
[2:22:55 AM] 📝 GET /api/display/room/696f36019adeec8a6063cb8c
[2:23:05 AM] 📝 GET /api/display/room/696f36019adeec8a6063cb8c
[2:23:55 AM] 📝 GET /api/display/room/696f36019adeec8a6063cb8c
[2:24:05 AM] 📝 GET /api/display/room/696f36019adeec8a6063cb8c
[2:24:55 AM] 📝 GET /api/display/room/696f36019adeec8a6063cb8c
[2:25:05 AM] 📝 GET /api/display/room/696f36019adeec8a6063cb8c
[2:25:55 AM] 📝 GET /api/display/room/696f36019adeec8a6063cb8c
[2:26:05 AM] 📝 GET /api/display/room/696f36019adeec8a6063cb8c
[2:26:55 AM] 📝 GET /api/display/room/696f36019adeec8a6063cb8c
[2:27:55 AM] 📝 GET /api/display/room/696f36019adeec8a6063cb8c
[2:28:05 AM] 📝 GET /api/display/room/696f36019adeec8a6063cb8c
[2:28:55 AM] 📝 GET /api/display/room/696f36019adeec8a6063cb8c
[2:29:05 AM] 📝 GET /api/display/room/696f36019adeec8a6063cb8c
[2:29:55 AM] 📝 GET /api/display/room/696f36019adeec8a6063cb8c
[2:30:05 AM] 📝 GET /api/display/room/696f36019adeec8a6063cb8c
[2:30:55 AM] 📝 GET /api/display/room/696f36019adeec8a6063cb8c
[2:31:05 AM] 📝 GET /api/display/room/696f36019adeec8a6063cb8c
[2:31:55 AM] 📝 GET /api/display/room/696f36019adeec8a6063cb8c
[2:32:05 AM] 📝 GET /api/display/room/696f36019adeec8a6063cb8c
[2:32:55 AM] 📝 GET /api/display/room/696f36019adeec8a6063cb8c
[2:33:05 AM] 📝 GET /api/display/room/696f36019adeec8a6063cb8c
[2:33:55 AM] 📝 GET /api/display/room/696f36019adeec8a6063cb8c
[2:34:05 AM] 📝 GET /api/display/room/696f36019adeec8a6063cb8c
[2:34:55 AM] 📝 GET /api/display/room/696f36019adeec8a6063cb8c
[2:35:05 AM] 📝 GET /api/display/room/696f36019adeec8a6063cb8c
[2:35:55 AM] 📝 GET /api/display/room/696f36019adeec8a6063cb8c
[2:36:05 AM] 📝 GET /api/display/room/696f36019adeec8a6063cb8c
[2:36:55 AM] 📝 GET /api/display/room/696f36019adeec8a6063cb8c
[2:37:05 AM] 📝 GET /api/display/room/696f36019adeec8a6063cb8c
[2:37:55 AM] 📝 GET /api/display/room/696f36019adeec8a6063cb8c
[2:38:05 AM] 📝 GET /api/display/room/696f36019adeec8a6063cb8c
[2:38:55 AM] 📝 GET /api/display/room/696f36019adeec8a6063cb8c
[2:39:05 AM] 📝 GET /api/display/room/696f36019adeec8a6063cb8c
[2:39:55 AM] 📝 GET /api/display/room/696f36019adeec8a6063cb8c
[2:40:05 AM] 📝 GET /api/display/room/696f36019adeec8a6063cb8c
[2:40:55 AM] 📝 GET /api/display/room/696f36019adeec8a6063cb8c
[2:41:05 AM] 📝 GET /api/display/room/696f36019adeec8a6063cb8c
[2:41:55 AM] 📝 GET /api/display/room/696f36019adeec8a6063cb8c
[2:42:05 AM] 📝 GET /api/display/room/696f36019adeec8a6063cb8c
[2:42:55 AM] 📝 GET /api/display/room/696f36019adeec8a6063cb8c
[2:43:05 AM] 📝 GET /api/display/room/696f36019adeec8a6063cb8c
[2:43:55 AM] 📝 GET /api/display/room/696f36019adeec8a6063cb8c
[2:44:05 AM] 📝 GET /api/display/room/696f36019adeec8a6063cb8c
[2:44:55 AM] 📝 GET /api/display/room/696f36019adeec8a6063cb8c
[2:45:05 AM] 📝 GET /api/display/room/696f36019adeec8a6063cb8c
[2:45:55 AM] 📝 GET /api/display/room/696f36019adeec8a6063cb8c
[2:46:05 AM] 📝 GET /api/display/room/696f36019adeec8a6063cb8c
[2:46:55 AM] 📝 GET /api/display/room/696f36019adeec8a6063cb8c
[2:47:05 AM] 📝 GET /api/display/room/696f36019adeec8a6063cb8c
[2:47:55 AM] 📝 GET /api/display/room/696f36019adeec8a6063cb8c
[2:48:05 AM] 📝 GET /api/display/room/696f36019adeec8a6063cb8c
[2:48:55 AM] 📝 GET /api/display/room/696f36019adeec8a6063cb8c
[2:49:05 AM] 📝 GET /api/display/room/696f36019adeec8a6063cb8c
[2:49:56 AM] 📝 GET /api/display/room/696f36019adeec8a6063cb8c
[2:50:05 AM] 📝 GET /api/display/room/696f36019adeec8a6063cb8c
[2:50:55 AM] 📝 GET /api/display/room/696f36019adeec8a6063cb8c
[2:51:05 AM] 📝 GET /api/display/room/696f36019adeec8a6063cb8c
[2:51:55 AM] 📝 GET /api/display/room/696f36019adeec8a6063cb8c
[2:52:05 AM] 📝 GET /api/display/room/696f36019adeec8a6063cb8c
[2:52:55 AM] 📝 GET /api/display/room/696f36019adeec8a6063cb8c
[2:53:05 AM] 📝 GET /api/display/room/696f36019adeec8a6063cb8c
[2:53:55 AM] 📝 GET /api/display/room/696f36019adeec8a6063cb8c
[2:54:05 AM] 📝 GET /api/display/room/696f36019adeec8a6063cb8c
[2:54:55 AM] 📝 GET /api/display/room/696f36019adeec8a6063cb8c
[2:55:05 AM] 📝 GET /api/display/room/696f36019adeec8a6063cb8c
[2:55:55 AM] 📝 GET /api/display/room/696f36019adeec8a6063cb8c
[2:56:05 AM] 📝 GET /api/display/room/696f36019adeec8a6063cb8c
[2:56:55 AM] 📝 GET /api/display/room/696f36019adeec8a6063cb8c
[2:57:05 AM] 📝 GET /api/display/room/696f36019adeec8a6063cb8c
[2:57:55 AM] 📝 GET /api/display/room/696f36019adeec8a6063cb8c
[2:58:05 AM] 📝 GET /api/display/room/696f36019adeec8a6063cb8c
[2:58:55 AM] 📝 GET /api/display/room/696f36019adeec8a6063cb8c
[2:59:05 AM] 📝 GET /api/display/room/696f36019adeec8a6063cb8c
[2:59:55 AM] 📝 GET /api/display/room/696f36019adeec8a6063cb8c
[3:00:05 AM] 📝 GET /api/display/room/696f36019adeec8a6063cb8c
[3:00:55 AM] 📝 GET /api/display/room/696f36019adeec8a6063cb8c
[3:01:05 AM] 📝 GET /api/display/room/696f36019adeec8a6063cb8c
[3:01:55 AM] 📝 GET /api/display/room/696f36019adeec8a6063cb8c
[3:02:05 AM] 📝 GET /api/display/room/696f36019adeec8a6063cb8c
[3:02:55 AM] 📝 GET /api/display/room/696f36019adeec8a6063cb8c
[3:03:05 AM] 📝 GET /api/display/room/696f36019adeec8a6063cb8c
[3:03:55 AM] 📝 GET /api/display/room/696f36019adeec8a6063cb8c
[3:04:05 AM] 📝 GET /api/display/room/696f36019adeec8a6063cb8c
[3:04:55 AM] 📝 GET /api/display/room/696f36019adeec8a6063cb8c
[3:05:05 AM] 📝 GET /api/display/room/696f36019adeec8a6063cb8c
[3:05:55 AM] 📝 GET /api/display/room/696f36019adeec8a6063cb8c
[3:06:05 AM] 📝 GET /api/display/room/696f36019adeec8a6063cb8c
[3:06:55 AM] 📝 GET /api/display/room/696f36019adeec8a6063cb8c
[3:07:05 AM] 📝 GET /api/display/room/696f36019adeec8a6063cb8c
[3:07:55 AM] 📝 GET /api/display/room/696f36019adeec8a6063cb8c
[3:08:05 AM] 📝 GET /api/display/room/696f36019adeec8a6063cb8c
[3:08:55 AM] 📝 GET /api/display/room/696f36019adeec8a6063cb8c
[3:09:05 AM] 📝 GET /api/display/room/696f36019adeec8a6063cb8c
[3:09:55 AM] 📝 GET /api/display/room/696f36019adeec8a6063cb8c
[3:10:05 AM] 📝 GET /api/display/room/696f36019adeec8a6063cb8c
[3:10:55 AM] 📝 GET /api/display/room/696f36019adeec8a6063cb8c
[3:11:05 AM] 📝 GET /api/display/room/696f36019adeec8a6063cb8c
[3:11:55 AM] 📝 GET /api/display/room/696f36019adeec8a6063cb8c
[3:12:05 AM] 📝 GET /api/display/room/696f36019adeec8a6063cb8c
[3:12:55 AM] 📝 GET /api/display/room/696f36019adeec8a6063cb8c
[3:13:05 AM] 📝 GET /api/display/room/696f36019adeec8a6063cb8c
[3:13:55 AM] 📝 GET /api/display/room/696f36019adeec8a6063cb8c
[3:14:05 AM] 📝 GET /api/display/room/696f36019adeec8a6063cb8c
[3:14:55 AM] 📝 GET /api/display/room/696f36019adeec8a6063cb8c
[3:15:05 AM] 📝 GET /api/display/room/696f36019adeec8a6063cb8c
[3:15:55 AM] 📝 GET /api/display/room/696f36019adeec8a6063cb8c
[3:16:05 AM] 📝 GET /api/display/room/696f36019adeec8a6063cb8c
[3:16:55 AM] 📝 GET /api/display/room/696f36019adeec8a6063cb8c
[3:17:05 AM] 📝 GET /api/display/room/696f36019adeec8a6063cb8c
[3:17:55 AM] 📝 GET /api/display/room/696f36019adeec8a6063cb8c
[3:18:05 AM] 📝 GET /api/display/room/696f36019adeec8a6063cb8c
[3:18:55 AM] 📝 GET /api/display/room/696f36019adeec8a6063cb8c
[3:19:05 AM] 📝 GET /api/display/room/696f36019adeec8a6063cb8c
[3:19:55 AM] 📝 GET /api/display/room/696f36019adeec8a6063cb8c
[3:20:05 AM] 📝 GET /api/display/room/696f36019adeec8a6063cb8c
[3:20:55 AM] 📝 GET /api/display/room/696f36019adeec8a6063cb8c
[3:21:05 AM] 📝 GET /api/display/room/696f36019adeec8a6063cb8c
[3:21:55 AM] 📝 GET /api/display/room/696f36019adeec8a6063cb8c
[3:22:05 AM] 📝 GET /api/display/room/696f36019adeec8a6063cb8c
[3:22:55 AM] 📝 GET /api/display/room/696f36019adeec8a6063cb8c
[3:23:05 AM] 📝 GET /api/display/room/696f36019adeec8a6063cb8c
[3:23:55 AM] 📝 GET /api/display/room/696f36019adeec8a6063cb8c
[3:24:05 AM] 📝 GET /api/display/room/696f36019adeec8a6063cb8c
[3:24:55 AM] 📝 GET /api/display/room/696f36019adeec8a6063cb8c
[3:25:05 AM] 📝 GET /api/display/room/696f36019adeec8a6063cb8c
[3:25:55 AM] 📝 GET /api/display/room/696f36019adeec8a6063cb8c
[3:26:05 AM] 📝 GET /api/display/room/696f36019adeec8a6063cb8c
[3:26:55 AM] 📝 GET /api/display/room/696f36019adeec8a6063cb8c
[3:27:05 AM] 📝 GET /api/display/room/696f36019adeec8a6063cb8c
[3:27:55 AM] 📝 GET /api/display/room/696f36019adeec8a6063cb8c
[3:28:05 AM] 📝 GET /api/display/room/696f36019adeec8a6063cb8c
[3:28:55 AM] 📝 GET /api/display/room/696f36019adeec8a6063cb8c
[3:29:05 AM] 📝 GET /api/display/room/696f36019adeec8a6063cb8c
[3:29:55 AM] 📝 GET /api/display/room/696f36019adeec8a6063cb8c
[3:30:05 AM] 📝 GET /api/display/room/696f36019adeec8a6063cb8c
[3:30:55 AM] 📝 GET /api/display/room/696f36019adeec8a6063cb8c
[3:31:05 AM] 📝 GET /api/display/room/696f36019adeec8a6063cb8c
[3:31:55 AM] 📝 GET /api/display/room/696f36019adeec8a6063cb8c
[3:32:05 AM] 📝 GET /api/display/room/696f36019adeec8a6063cb8c
[3:32:55 AM] 📝 GET /api/display/room/696f36019adeec8a6063cb8c
[3:33:05 AM] 📝 GET /api/display/room/696f36019adeec8a6063cb8c
[3:33:55 AM] 📝 GET /api/display/room/696f36019adeec8a6063cb8c
[3:34:05 AM] 📝 GET /api/display/room/696f36019adeec8a6063cb8c
[3:34:55 AM] 📝 GET /api/display/room/696f36019adeec8a6063cb8c
[3:35:05 AM] 📝 GET /api/display/room/696f36019adeec8a6063cb8c
[3:35:55 AM] 📝 GET /api/display/room/696f36019adeec8a6063cb8c
[3:36:05 AM] 📝 GET /api/display/room/696f36019adeec8a6063cb8c
[3:36:55 AM] 📝 GET /api/display/room/696f36019adeec8a6063cb8c
[3:37:05 AM] 📝 GET /api/display/room/696f36019adeec8a6063cb8c
[3:37:55 AM] 📝 GET /api/display/room/696f36019adeec8a6063cb8c
[3:38:05 AM] 📝 GET /api/display/room/696f36019adeec8a6063cb8c
[3:38:55 AM] 📝 GET /api/display/room/696f36019adeec8a6063cb8c
[3:39:05 AM] 📝 GET /api/display/room/696f36019adeec8a6063cb8c
[3:39:55 AM] 📝 GET /api/display/room/696f36019adeec8a6063cb8c
[3:40:05 AM] 📝 GET /api/display/room/696f36019adeec8a6063cb8c
[3:40:55 AM] 📝 GET /api/display/room/696f36019adeec8a6063cb8c
[3:41:05 AM] 📝 GET /api/display/room/696f36019adeec8a6063cb8c
[3:41:55 AM] 📝 GET /api/display/room/696f36019adeec8a6063cb8c
[3:42:05 AM] 📝 GET /api/display/room/696f36019adeec8a6063cb8c
[3:42:55 AM] 📝 GET /api/display/room/696f36019adeec8a6063cb8c
[3:43:05 AM] 📝 GET /api/display/room/696f36019adeec8a6063cb8c
[3:43:55 AM] 📝 GET /api/display/room/696f36019adeec8a6063cb8c
[3:44:05 AM] 📝 GET /api/display/room/696f36019adeec8a6063cb8c
[3:44:55 AM] 📝 GET /api/display/room/696f36019adeec8a6063cb8c
[3:45:05 AM] 📝 GET /api/display/room/696f36019adeec8a6063cb8c
[3:45:55 AM] 📝 GET /api/display/room/696f36019adeec8a6063cb8c
[3:46:05 AM] 📝 GET /api/display/room/696f36019adeec8a6063cb8c
[3:46:55 AM] 📝 GET /api/display/room/696f36019adeec8a6063cb8c
[3:47:05 AM] 📝 GET /api/display/room/696f36019adeec8a6063cb8c
[3:47:55 AM] 📝 GET /api/display/room/696f36019adeec8a6063cb8c
[3:48:06 AM] 📝 GET /api/display/room/696f36019adeec8a6063cb8c
[3:48:55 AM] 📝 GET /api/display/room/696f36019adeec8a6063cb8c
[3:49:05 AM] 📝 GET /api/display/room/696f36019adeec8a6063cb8c
[3:49:55 AM] 📝 GET /api/display/room/696f36019adeec8a6063cb8c
[3:50:05 AM] 📝 GET /api/display/room/696f36019adeec8a6063cb8c
[3:50:55 AM] 📝 GET /api/display/room/696f36019adeec8a6063cb8c
[3:51:05 AM] 📝 GET /api/display/room/696f36019adeec8a6063cb8c
[3:51:55 AM] 📝 GET /api/display/room/696f36019adeec8a6063cb8c
[3:52:05 AM] 📝 GET /api/display/room/696f36019adeec8a6063cb8c
[3:52:55 AM] 📝 GET /api/display/room/696f36019adeec8a6063cb8c
[3:53:05 AM] 📝 GET /api/display/room/696f36019adeec8a6063cb8c
[3:53:55 AM] 📝 GET /api/display/room/696f36019adeec8a6063cb8c
[3:54:05 AM] 📝 GET /api/display/room/696f36019adeec8a6063cb8c
[3:54:55 AM] 📝 GET /api/display/room/696f36019adeec8a6063cb8c
[3:55:05 AM] 📝 GET /api/display/room/696f36019adeec8a6063cb8c
[3:55:55 AM] 📝 GET /api/display/room/696f36019adeec8a6063cb8c
[3:56:05 AM] 📝 GET /api/display/room/696f36019adeec8a6063cb8c
[3:56:55 AM] 📝 GET /api/display/room/696f36019adeec8a6063cb8c
[3:57:05 AM] 📝 GET /api/display/room/696f36019adeec8a6063cb8c
[3:57:55 AM] 📝 GET /api/display/room/696f36019adeec8a6063cb8c
[3:58:05 AM] 📝 GET /api/display/room/696f36019adeec8a6063cb8c
[3:58:55 AM] 📝 GET /api/display/room/696f36019adeec8a6063cb8c
[3:59:05 AM] 📝 GET /api/display/room/696f36019adeec8a6063cb8c
[3:59:55 AM] 📝 GET /api/display/room/696f36019adeec8a6063cb8c
[4:00:05 AM] 📝 GET /api/display/room/696f36019adeec8a6063cb8c
[4:00:55 AM] 📝 GET /api/display/room/696f36019adeec8a6063cb8c
[4:01:05 AM] 📝 GET /api/display/room/696f36019adeec8a6063cb8c
[4:01:55 AM] 📝 GET /api/display/room/696f36019adeec8a6063cb8c
[4:02:05 AM] 📝 GET /api/display/room/696f36019adeec8a6063cb8c
[4:02:55 AM] 📝 GET /api/display/room/696f36019adeec8a6063cb8c
[4:03:05 AM] 📝 GET /api/display/room/696f36019adeec8a6063cb8c
[4:03:56 AM] 📝 GET /api/display/room/696f36019adeec8a6063cb8c
[4:04:05 AM] 📝 GET /api/display/room/696f36019adeec8a6063cb8c
[4:04:55 AM] 📝 GET /api/display/room/696f36019adeec8a6063cb8c
[4:05:05 AM] 📝 GET /api/display/room/696f36019adeec8a6063cb8c
[4:05:55 AM] 📝 GET /api/display/room/696f36019adeec8a6063cb8c
[4:06:05 AM] 📝 GET /api/display/room/696f36019adeec8a6063cb8c
[4:06:55 AM] 📝 GET /api/display/room/696f36019adeec8a6063cb8c
[4:07:05 AM] 📝 GET /api/display/room/696f36019adeec8a6063cb8c
[4:07:55 AM] 📝 GET /api/display/room/696f36019adeec8a6063cb8c
[4:08:05 AM] 📝 GET /api/display/room/696f36019adeec8a6063cb8c
[4:08:55 AM] 📝 GET /api/display/room/696f36019adeec8a6063cb8c
[4:09:05 AM] 📝 GET /api/display/room/696f36019adeec8a6063cb8c
[4:09:55 AM] 📝 GET /api/display/room/696f36019adeec8a6063cb8c
[4:10:05 AM] 📝 GET /api/display/room/696f36019adeec8a6063cb8c
[4:10:55 AM] 📝 GET /api/display/room/696f36019adeec8a6063cb8c
[4:11:05 AM] 📝 GET /api/display/room/696f36019adeec8a6063cb8c
[4:11:55 AM] 📝 GET /api/display/room/696f36019adeec8a6063cb8c
[4:12:05 AM] 📝 GET /api/display/room/696f36019adeec8a6063cb8c
[4:12:55 AM] 📝 GET /api/display/room/696f36019adeec8a6063cb8c
[4:13:05 AM] 📝 GET /api/display/room/696f36019adeec8a6063cb8c
[4:13:55 AM] 📝 GET /api/display/room/696f36019adeec8a6063cb8c
[4:14:05 AM] 📝 GET /api/display/room/696f36019adeec8a6063cb8c
[4:14:55 AM] 📝 GET /api/display/room/696f36019adeec8a6063cb8c
[4:15:05 AM] 📝 GET /api/display/room/696f36019adeec8a6063cb8c
[4:15:55 AM] 📝 GET /api/display/room/696f36019adeec8a6063cb8c
[4:16:05 AM] 📝 GET /api/display/room/696f36019adeec8a6063cb8c
[4:16:55 AM] 📝 GET /api/display/room/696f36019adeec8a6063cb8c
[4:17:05 AM] 📝 GET /api/display/room/696f36019adeec8a6063cb8c
[4:17:55 AM] 📝 GET /api/display/room/696f36019adeec8a6063cb8c
[4:18:05 AM] 📝 GET /api/display/room/696f36019adeec8a6063cb8c
[4:18:55 AM] 📝 GET /api/display/room/696f36019adeec8a6063cb8c
[4:19:05 AM] 📝 GET /api/display/room/696f36019adeec8a6063cb8c
[4:19:55 AM] 📝 GET /api/display/room/696f36019adeec8a6063cb8c
[4:20:05 AM] 📝 GET /api/display/room/696f36019adeec8a6063cb8c
[4:20:55 AM] 📝 GET /api/display/room/696f36019adeec8a6063cb8c
[4:21:05 AM] 📝 GET /api/display/room/696f36019adeec8a6063cb8c
[4:21:55 AM] 📝 GET /api/display/room/696f36019adeec8a6063cb8c
[4:22:05 AM] 📝 GET /api/display/room/696f36019adeec8a6063cb8c
[4:22:55 AM] 📝 GET /api/display/room/696f36019adeec8a6063cb8c
[4:23:05 AM] 📝 GET /api/display/room/696f36019adeec8a6063cb8c
[4:23:55 AM] 📝 GET /api/display/room/696f36019adeec8a6063cb8c
[4:24:05 AM] 📝 GET /api/display/room/696f36019adeec8a6063cb8c
[4:24:55 AM] 📝 GET /api/display/room/696f36019adeec8a6063cb8c
[4:25:05 AM] 📝 GET /api/display/room/696f36019adeec8a6063cb8c
[4:25:55 AM] 📝 GET /api/display/room/696f36019adeec8a6063cb8c
[4:26:05 AM] 📝 GET /api/display/room/696f36019adeec8a6063cb8c
[4:26:55 AM] 📝 GET /api/display/room/696f36019adeec8a6063cb8c
[4:27:05 AM] 📝 GET /api/display/room/696f36019adeec8a6063cb8c
[4:27:55 AM] 📝 GET /api/display/room/696f36019adeec8a6063cb8c
[4:28:05 AM] 📝 GET /api/display/room/696f36019adeec8a6063cb8c
[4:28:55 AM] 📝 GET /api/display/room/696f36019adeec8a6063cb8c
[4:29:05 AM] 📝 GET /api/display/room/696f36019adeec8a6063cb8c
[4:29:55 AM] 📝 GET /api/display/room/696f36019adeec8a6063cb8c
[4:30:05 AM] 📝 GET /api/display/room/696f36019adeec8a6063cb8c
[4:30:55 AM] 📝 GET /api/display/room/696f36019adeec8a6063cb8c
[4:31:05 AM] 📝 GET /api/display/room/696f36019adeec8a6063cb8c
[4:31:55 AM] 📝 GET /api/display/room/696f36019adeec8a6063cb8c
[4:32:05 AM] 📝 GET /api/display/room/696f36019adeec8a6063cb8c
[4:32:56 AM] 📝 GET /api/display/room/696f36019adeec8a6063cb8c
[4:33:05 AM] 📝 GET /api/display/room/696f36019adeec8a6063cb8c
[4:33:55 AM] 📝 GET /api/display/room/696f36019adeec8a6063cb8c
[4:34:05 AM] 📝 GET /api/display/room/696f36019adeec8a6063cb8c
[4:34:55 AM] 📝 GET /api/display/room/696f36019adeec8a6063cb8c
[4:35:05 AM] 📝 GET /api/display/room/696f36019adeec8a6063cb8c
[4:35:55 AM] 📝 GET /api/display/room/696f36019adeec8a6063cb8c
[4:36:05 AM] 📝 GET /api/display/room/696f36019adeec8a6063cb8c
[4:36:55 AM] 📝 GET /api/display/room/696f36019adeec8a6063cb8c
[4:37:05 AM] 📝 GET /api/display/room/696f36019adeec8a6063cb8c
[4:37:55 AM] 📝 GET /api/display/room/696f36019adeec8a6063cb8c
[4:38:05 AM] 📝 GET /api/display/room/696f36019adeec8a6063cb8c
[4:38:55 AM] 📝 GET /api/display/room/696f36019adeec8a6063cb8c
[4:39:05 AM] 📝 GET /api/display/room/696f36019adeec8a6063cb8c
[4:39:55 AM] 📝 GET /api/display/room/696f36019adeec8a6063cb8c
[4:40:05 AM] 📝 GET /api/display/room/696f36019adeec8a6063cb8c
[4:40:55 AM] 📝 GET /api/display/room/696f36019adeec8a6063cb8c
[4:41:05 AM] 📝 GET /api/display/room/696f36019adeec8a6063cb8c
[4:41:55 AM] 📝 GET /api/display/room/696f36019adeec8a6063cb8c
[4:42:05 AM] 📝 GET /api/display/room/696f36019adeec8a6063cb8c
[4:42:55 AM] 📝 GET /api/display/room/696f36019adeec8a6063cb8c
[4:43:05 AM] 📝 GET /api/display/room/696f36019adeec8a6063cb8c
[4:43:55 AM] 📝 GET /api/display/room/696f36019adeec8a6063cb8c
[4:44:05 AM] 📝 GET /api/display/room/696f36019adeec8a6063cb8c
[4:44:55 AM] 📝 GET /api/display/room/696f36019adeec8a6063cb8c
[4:45:05 AM] 📝 GET /api/display/room/696f36019adeec8a6063cb8c
[4:45:55 AM] 📝 GET /api/display/room/696f36019adeec8a6063cb8c
[4:46:05 AM] 📝 GET /api/display/room/696f36019adeec8a6063cb8c
[4:46:55 AM] 📝 GET /api/display/room/696f36019adeec8a6063cb8c
[4:47:05 AM] 📝 GET /api/display/room/696f36019adeec8a6063cb8c
[4:47:55 AM] 📝 GET /api/display/room/696f36019adeec8a6063cb8c
[4:48:05 AM] 📝 GET /api/display/room/696f36019adeec8a6063cb8c
[4:48:55 AM] 📝 GET /api/display/room/696f36019adeec8a6063cb8c
[4:49:05 AM] 📝 GET /api/display/room/696f36019adeec8a6063cb8c
[4:49:55 AM] 📝 GET /api/display/room/696f36019adeec8a6063cb8c
[4:50:05 AM] 📝 GET /api/display/room/696f36019adeec8a6063cb8c
[4:50:55 AM] 📝 GET /api/display/room/696f36019adeec8a6063cb8c
[4:51:05 AM] 📝 GET /api/display/room/696f36019adeec8a6063cb8c
[4:51:55 AM] 📝 GET /api/display/room/696f36019adeec8a6063cb8c
[4:52:05 AM] 📝 GET /api/display/room/696f36019adeec8a6063cb8c
[4:52:55 AM] 📝 GET /api/display/room/696f36019adeec8a6063cb8c
[4:53:05 AM] 📝 GET /api/display/room/696f36019adeec8a6063cb8c
[4:53:55 AM] 📝 GET /api/display/room/696f36019adeec8a6063cb8c
[4:54:05 AM] 📝 GET /api/display/room/696f36019adeec8a6063cb8c
[4:54:55 AM] 📝 GET /api/display/room/696f36019adeec8a6063cb8c
[4:55:05 AM] 📝 GET /api/display/room/696f36019adeec8a6063cb8c
[4:55:55 AM] 📝 GET /api/display/room/696f36019adeec8a6063cb8c
[4:56:05 AM] 📝 GET /api/display/room/696f36019adeec8a6063cb8c
[4:56:55 AM] 📝 GET /api/display/room/696f36019adeec8a6063cb8c
[4:57:05 AM] 📝 GET /api/display/room/696f36019adeec8a6063cb8c
[4:57:55 AM] 📝 GET /api/display/room/696f36019adeec8a6063cb8c
[4:58:05 AM] 📝 GET /api/display/room/696f36019adeec8a6063cb8c
[4:58:55 AM] 📝 GET /api/display/room/696f36019adeec8a6063cb8c
[4:59:05 AM] 📝 GET /api/display/room/696f36019adeec8a6063cb8c
[4:59:55 AM] 📝 GET /api/display/room/696f36019adeec8a6063cb8c
[5:00:05 AM] 📝 GET /api/display/room/696f36019adeec8a6063cb8c
[5:00:55 AM] 📝 GET /api/display/room/696f36019adeec8a6063cb8c
[5:01:05 AM] 📝 GET /api/display/room/696f36019adeec8a6063cb8c
[5:01:55 AM] 📝 GET /api/display/room/696f36019adeec8a6063cb8c
[5:02:05 AM] 📝 GET /api/display/room/696f36019adeec8a6063cb8c
[5:02:55 AM] 📝 GET /api/display/room/696f36019adeec8a6063cb8c
[5:03:05 AM] 📝 GET /api/display/room/696f36019adeec8a6063cb8c
[5:03:55 AM] 📝 GET /api/display/room/696f36019adeec8a6063cb8c
[5:04:05 AM] 📝 GET /api/display/room/696f36019adeec8a6063cb8c
[5:04:55 AM] 📝 GET /api/display/room/696f36019adeec8a6063cb8c
[5:05:05 AM] 📝 GET /api/display/room/696f36019adeec8a6063cb8c
[5:05:55 AM] 📝 GET /api/display/room/696f36019adeec8a6063cb8c
[5:06:05 AM] 📝 GET /api/display/room/696f36019adeec8a6063cb8c
[5:06:55 AM] 📝 GET /api/display/room/696f36019adeec8a6063cb8c
[5:07:05 AM] 📝 GET /api/display/room/696f36019adeec8a6063cb8c
[5:07:55 AM] 📝 GET /api/display/room/696f36019adeec8a6063cb8c
[5:08:05 AM] 📝 GET /api/display/room/696f36019adeec8a6063cb8c
[5:08:55 AM] 📝 GET /api/display/room/696f36019adeec8a6063cb8c
[5:09:05 AM] 📝 GET /api/display/room/696f36019adeec8a6063cb8c
[5:09:55 AM] 📝 GET /api/display/room/696f36019adeec8a6063cb8c
[5:10:05 AM] 📝 GET /api/display/room/696f36019adeec8a6063cb8c
[5:10:55 AM] 📝 GET /api/display/room/696f36019adeec8a6063cb8c
[5:11:05 AM] 📝 GET /api/display/room/696f36019adeec8a6063cb8c
[5:11:55 AM] 📝 GET /api/display/room/696f36019adeec8a6063cb8c
[5:12:05 AM] 📝 GET /api/display/room/696f36019adeec8a6063cb8c
[5:12:55 AM] 📝 GET /api/display/room/696f36019adeec8a6063cb8c
[5:13:05 AM] 📝 GET /api/display/room/696f36019adeec8a6063cb8c
[5:13:56 AM] 📝 GET /api/display/room/696f36019adeec8a6063cb8c
[5:14:05 AM] 📝 GET /api/display/room/696f36019adeec8a6063cb8c
[5:14:55 AM] 📝 GET /api/display/room/696f36019adeec8a6063cb8c
[5:15:05 AM] 📝 GET /api/display/room/696f36019adeec8a6063cb8c
[5:15:56 AM] 📝 GET /api/display/room/696f36019adeec8a6063cb8c
[5:16:05 AM] 📝 GET /api/display/room/696f36019adeec8a6063cb8c
[5:16:55 AM] 📝 GET /api/display/room/696f36019adeec8a6063cb8c
[5:17:05 AM] 📝 GET /api/display/room/696f36019adeec8a6063cb8c
[5:17:55 AM] 📝 GET /api/display/room/696f36019adeec8a6063cb8c
[5:18:05 AM] 📝 GET /api/display/room/696f36019adeec8a6063cb8c
[5:18:55 AM] 📝 GET /api/display/room/696f36019adeec8a6063cb8c
[5:19:05 AM] 📝 GET /api/display/room/696f36019adeec8a6063cb8c
[5:19:55 AM] 📝 GET /api/display/room/696f36019adeec8a6063cb8c
[5:20:05 AM] 📝 GET /api/display/room/696f36019adeec8a6063cb8c
[5:20:55 AM] 📝 GET /api/display/room/696f36019adeec8a6063cb8c
[5:21:05 AM] 📝 GET /api/display/room/696f36019adeec8a6063cb8c
[5:21:55 AM] 📝 GET /api/display/room/696f36019adeec8a6063cb8c
[5:22:05 AM] 📝 GET /api/display/room/696f36019adeec8a6063cb8c
[5:22:55 AM] 📝 GET /api/display/room/696f36019adeec8a6063cb8c
[5:23:05 AM] 📝 GET /api/display/room/696f36019adeec8a6063cb8c
[5:23:55 AM] 📝 GET /api/display/room/696f36019adeec8a6063cb8c
[5:24:05 AM] 📝 GET /api/display/room/696f36019adeec8a6063cb8c
[5:24:55 AM] 📝 GET /api/display/room/696f36019adeec8a6063cb8c
[5:25:05 AM] 📝 GET /api/display/room/696f36019adeec8a6063cb8c
[5:25:55 AM] 📝 GET /api/display/room/696f36019adeec8a6063cb8c
[5:26:05 AM] 📝 GET /api/display/room/696f36019adeec8a6063cb8c
[5:26:55 AM] 📝 GET /api/display/room/696f36019adeec8a6063cb8c
[5:27:05 AM] 📝 GET /api/display/room/696f36019adeec8a6063cb8c
[5:27:55 AM] 📝 GET /api/display/room/696f36019adeec8a6063cb8c
[5:28:05 AM] 📝 GET /api/display/room/696f36019adeec8a6063cb8c
[5:28:55 AM] 📝 GET /api/display/room/696f36019adeec8a6063cb8c
[5:29:05 AM] 📝 GET /api/display/room/696f36019adeec8a6063cb8c
[5:29:55 AM] 📝 GET /api/display/room/696f36019adeec8a6063cb8c
[5:30:05 AM] 📝 GET /api/display/room/696f36019adeec8a6063cb8c
[5:30:55 AM] 📝 GET /api/display/room/696f36019adeec8a6063cb8c
[5:31:05 AM] 📝 GET /api/display/room/696f36019adeec8a6063cb8c
[5:31:55 AM] 📝 GET /api/display/room/696f36019adeec8a6063cb8c
[5:32:05 AM] 📝 GET /api/display/room/696f36019adeec8a6063cb8c
[5:32:55 AM] 📝 GET /api/display/room/696f36019adeec8a6063cb8c
[5:33:05 AM] 📝 GET /api/display/room/696f36019adeec8a6063cb8c
[5:33:55 AM] 📝 GET /api/display/room/696f36019adeec8a6063cb8c
[5:34:05 AM] 📝 GET /api/display/room/696f36019adeec8a6063cb8c
[5:34:55 AM] 📝 GET /api/display/room/696f36019adeec8a6063cb8c
[5:35:05 AM] 📝 GET /api/display/room/696f36019adeec8a6063cb8c
[5:35:55 AM] 📝 GET /api/display/room/696f36019adeec8a6063cb8c
[5:36:05 AM] 📝 GET /api/display/room/696f36019adeec8a6063cb8c
[5:36:55 AM] 📝 GET /api/display/room/696f36019adeec8a6063cb8c
[5:37:05 AM] 📝 GET /api/display/room/696f36019adeec8a6063cb8c
[5:37:55 AM] 📝 GET /api/display/room/696f36019adeec8a6063cb8c
[5:38:05 AM] 📝 GET /api/display/room/696f36019adeec8a6063cb8c
[5:38:55 AM] 📝 GET /api/display/room/696f36019adeec8a6063cb8c
[5:39:05 AM] 📝 GET /api/display/room/696f36019adeec8a6063cb8c
[5:39:55 AM] 📝 GET /api/display/room/696f36019adeec8a6063cb8c
[5:40:05 AM] 📝 GET /api/display/room/696f36019adeec8a6063cb8c
[5:40:55 AM] 📝 GET /api/display/room/696f36019adeec8a6063cb8c
[5:41:05 AM] 📝 GET /api/display/room/696f36019adeec8a6063cb8c
[5:41:55 AM] 📝 GET /api/display/room/696f36019adeec8a6063cb8c
[5:42:05 AM] 📝 GET /api/display/room/696f36019adeec8a6063cb8c
[5:42:55 AM] 📝 GET /api/display/room/696f36019adeec8a6063cb8c
[5:43:05 AM] 📝 GET /api/display/room/696f36019adeec8a6063cb8c
[5:43:55 AM] 📝 GET /api/display/room/696f36019adeec8a6063cb8c
[5:44:05 AM] 📝 GET /api/display/room/696f36019adeec8a6063cb8c
[5:44:55 AM] 📝 GET /api/display/room/696f36019adeec8a6063cb8c
[5:45:05 AM] 📝 GET /api/display/room/696f36019adeec8a6063cb8c
[5:45:55 AM] 📝 GET /api/display/room/696f36019adeec8a6063cb8c
[5:46:05 AM] 📝 GET /api/display/room/696f36019adeec8a6063cb8c
[5:46:55 AM] 📝 GET /api/display/room/696f36019adeec8a6063cb8c
[5:47:05 AM] 📝 GET /api/display/room/696f36019adeec8a6063cb8c
[5:47:55 AM] 📝 GET /api/display/room/696f36019adeec8a6063cb8c
[5:48:05 AM] 📝 GET /api/display/room/696f36019adeec8a6063cb8c
[5:48:55 AM] 📝 GET /api/display/room/696f36019adeec8a6063cb8c
[5:49:05 AM] 📝 GET /api/display/room/696f36019adeec8a6063cb8c
[5:49:55 AM] 📝 GET /api/display/room/696f36019adeec8a6063cb8c
[5:50:05 AM] 📝 GET /api/display/room/696f36019adeec8a6063cb8c
[5:50:55 AM] 📝 GET /api/display/room/696f36019adeec8a6063cb8c
[5:51:05 AM] 📝 GET /api/display/room/696f36019adeec8a6063cb8c
[5:51:55 AM] 📝 GET /api/display/room/696f36019adeec8a6063cb8c
[5:52:05 AM] 📝 GET /api/display/room/696f36019adeec8a6063cb8c
[5:52:55 AM] 📝 GET /api/display/room/696f36019adeec8a6063cb8c
[5:53:05 AM] 📝 GET /api/display/room/696f36019adeec8a6063cb8c
[5:53:55 AM] 📝 GET /api/display/room/696f36019adeec8a6063cb8c
[5:54:05 AM] 📝 GET /api/display/room/696f36019adeec8a6063cb8c
[5:54:55 AM] 📝 GET /api/display/room/696f36019adeec8a6063cb8c
[5:55:05 AM] 📝 GET /api/display/room/696f36019adeec8a6063cb8c
[5:55:55 AM] 📝 GET /api/display/room/696f36019adeec8a6063cb8c
[5:56:05 AM] 📝 GET /api/display/room/696f36019adeec8a6063cb8c
[5:56:55 AM] 📝 GET /api/display/room/696f36019adeec8a6063cb8c
[5:57:05 AM] 📝 GET /api/display/room/696f36019adeec8a6063cb8c
[5:57:55 AM] 📝 GET /api/display/room/696f36019adeec8a6063cb8c
[5:58:05 AM] 📝 GET /api/display/room/696f36019adeec8a6063cb8c
[5:58:55 AM] 📝 GET /api/display/room/696f36019adeec8a6063cb8c
[5:59:05 AM] 📝 GET /api/display/room/696f36019adeec8a6063cb8c
[5:59:55 AM] 📝 GET /api/display/room/696f36019adeec8a6063cb8c
[6:00:05 AM] 📝 GET /api/display/room/69490a065e1a04f70b859ca9
[6:00:05 AM] 📝 GET /api/display/uploads/69490a065e1a04f70b859ca9_1778836722246.png
[6:00:05 AM] 📝 GET /api/display/room/696f36019adeec8a6063cb8c
[6:00:55 AM] 📝 GET /api/display/room/696f36019adeec8a6063cb8c
[6:01:05 AM] 📝 GET /api/display/room/69490a065e1a04f70b859ca9
[6:01:05 AM] 📝 GET /api/display/room/696f36019adeec8a6063cb8c
[6:01:55 AM] 📝 GET /api/display/room/696f36019adeec8a6063cb8c
[6:02:05 AM] 📝 GET /api/display/room/69490a065e1a04f70b859ca9
[6:02:05 AM] 📝 GET /api/display/room/696f36019adeec8a6063cb8c
[6:02:55 AM] 📝 GET /api/display/room/696f36019adeec8a6063cb8c
[6:03:05 AM] 📝 GET /api/display/room/69490a065e1a04f70b859ca9
[6:03:05 AM] 📝 GET /api/display/room/696f36019adeec8a6063cb8c
[6:03:55 AM] 📝 GET /api/display/room/696f36019adeec8a6063cb8c
[6:04:05 AM] 📝 GET /api/display/room/69490a065e1a04f70b859ca9
[6:04:05 AM] 📝 GET /api/display/room/696f36019adeec8a6063cb8c
[6:04:55 AM] 📝 GET /api/display/room/696f36019adeec8a6063cb8c
[6:05:05 AM] 📝 GET /api/display/room/69490a065e1a04f70b859ca9
[6:05:05 AM] 📝 GET /api/display/room/696f36019adeec8a6063cb8c
[6:05:55 AM] 📝 GET /api/display/room/696f36019adeec8a6063cb8c
[6:06:05 AM] 📝 GET /api/display/room/69490a065e1a04f70b859ca9
[6:06:05 AM] 📝 GET /api/display/room/696f36019adeec8a6063cb8c
[6:06:55 AM] 📝 GET /api/display/room/696f36019adeec8a6063cb8c
[6:07:05 AM] 📝 GET /api/display/room/69490a065e1a04f70b859ca9
[6:07:05 AM] 📝 GET /api/display/room/696f36019adeec8a6063cb8c
[6:08:05 AM] 📝 GET /api/display/room/69490a065e1a04f70b859ca9
[6:09:05 AM] 📝 GET /api/display/room/69490a065e1a04f70b859ca9
[6:10:05 AM] 📝 GET /api/display/room/69490a065e1a04f70b859ca9
[6:11:05 AM] 📝 GET /api/display/room/69490a065e1a04f70b859ca9
[6:12:05 AM] 📝 GET /api/display/room/69490a065e1a04f70b859ca9
[6:13:05 AM] 📝 GET /api/display/room/69490a065e1a04f70b859ca9
[6:14:05 AM] 📝 GET /api/display/room/69490a065e1a04f70b859ca9
[6:15:05 AM] 📝 GET /api/display/room/69490a065e1a04f70b859ca9
[6:16:05 AM] 📝 GET /api/display/room/69490a065e1a04f70b859ca9
[6:17:05 AM] 📝 GET /api/display/room/69490a065e1a04f70b859ca9
[6:18:05 AM] 📝 GET /api/display/room/69490a065e1a04f70b859ca9
[6:19:05 AM] 📝 GET /api/display/room/69490a065e1a04f70b859ca9
[6:20:05 AM] 📝 GET /api/display/room/69490a065e1a04f70b859ca9
[6:20:34 AM] 📝 GET /api/auth/me
[6:20:34 AM] 📝 GET /api/rooms
[6:20:38 AM] 📝 GET /api/bookings
[6:21:05 AM] 📝 GET /api/display/room/69490a065e1a04f70b859ca9
[6:22:05 AM] 📝 GET /api/display/room/69490a065e1a04f70b859ca9
[6:22:36 AM] 📝 GET /api/rooms
[6:22:44 AM] 📝 GET /api/rooms/69490a065e1a04f70b859ca9
[6:22:44 AM] 📝 GET /api/bookings
[6:23:05 AM] 📝 GET /api/display/room/69490a065e1a04f70b859ca9
[6:23:05 AM] 📝 GET /api/bookings
[6:24:05 AM] 📝 GET /api/display/room/69490a065e1a04f70b859ca9
[6:24:33 AM] 📝 GET /api/rooms/69490a065e1a04f70b859cab
[6:24:33 AM] 📝 GET /api/bookings
[6:25:05 AM] 📝 GET /api/display/room/69490a065e1a04f70b859ca9
[6:26:05 AM] 📝 GET /api/display/room/69490a065e1a04f70b859ca9
[6:27:05 AM] 📝 GET /api/display/room/69490a065e1a04f70b859ca9
[6:28:05 AM] 📝 GET /api/display/room/69490a065e1a04f70b859ca9
[6:28:08 AM] 📝 GET /api/bookings
[6:28:32 AM] 📝 GET /api/auth/me
[6:28:32 AM] 📝 GET /api/bookings
[6:29:05 AM] 📝 GET /api/display/room/69490a065e1a04f70b859ca9
[6:29:06 AM] 📝 GET /api/bookings/my-bookings
[6:29:13 AM] 📝 GET /api/departments
[6:29:13 AM] 📝 GET /api/rooms
[6:29:27 AM] 📝 GET /api/bookings
[6:29:42 AM] 📝 GET /api/auth/me
[6:29:43 AM] 📝 GET /api/bookings
[6:30:05 AM] 📝 GET /api/display/room/69490a065e1a04f70b859ca9
[6:30:25 AM] 📝 GET /api/display/room/69490a065e1a04f70b859ca9
[6:30:25 AM] 📝 GET /api/display/uploads/69490a065e1a04f70b859ca9_1778836722246.png
[6:31:05 AM] 📝 GET /api/display/room/69490a065e1a04f70b859ca9
[6:31:25 AM] 📝 GET /api/display/room/69490a065e1a04f70b859ca9
[6:32:05 AM] 📝 GET /api/display/room/69490a065e1a04f70b859ca9
[6:32:14 AM] 📝 GET /api/bookings
[6:32:21 AM] 📝 POST /api/bookings
[6:32:23 AM] 📝 GET /api/bookings/my-bookings
[6:32:24 AM] 📝 GET /api/departments
[6:32:24 AM] 📝 GET /api/rooms
[6:32:25 AM] 📝 GET /api/display/room/69490a065e1a04f70b859ca9
[6:32:52 AM] 📝 GET /api/bookings
[6:33:05 AM] 📝 GET /api/display/room/69490a065e1a04f70b859ca9
[6:33:25 AM] 📝 GET /api/display/room/69490a065e1a04f70b859ca9
[6:34:05 AM] 📝 GET /api/display/room/69490a065e1a04f70b859ca9
[6:34:26 AM] 📝 GET /api/display/room/69490a065e1a04f70b859ca9
[6:35:05 AM] 📝 GET /api/display/room/69490a065e1a04f70b859ca9
[6:35:15 AM] 📝 POST /api/bookings
[6:35:18 AM] 📝 GET /api/bookings/my-bookings
[6:35:26 AM] 📝 GET /api/display/room/69490a065e1a04f70b859ca9
[6:35:36 AM] 📝 GET /api/departments
[6:35:36 AM] 📝 GET /api/rooms
[6:36:05 AM] 📝 GET /api/display/room/69490a065e1a04f70b859ca9
[6:36:26 AM] 📝 GET /api/display/room/69490a065e1a04f70b859ca9
[6:36:28 AM] 📝 GET /api/auth/me
[6:36:28 AM] 📝 GET /api/bookings
[6:36:48 AM] 📝 GET /api/rooms
[6:36:54 AM] 📝 GET /api/rooms/69490a065e1a04f70b859ca9
[6:36:54 AM] 📝 GET /api/bookings
[6:37:05 AM] 📝 GET /api/display/room/69490a065e1a04f70b859ca9
[6:37:19 AM] 📝 GET /api/bookings
[6:37:33 AM] 📝 GET /api/bookings
[6:37:33 AM] 📝 POST /api/bookings
[6:37:33 AM] 📝 POST /api/bookings
[6:37:35 AM] 📝 GET /api/bookings/my-bookings
[6:37:40 AM] 📝 GET /api/display/room/69490a065e1a04f70b859ca9
[6:37:50 AM] 📝 GET /api/rooms
[6:37:50 AM] 📝 GET /api/bookings/6a0ea82ded025f779993eb7c
[6:37:50 AM] 📝 GET /api/departments
[6:37:50 AM] 📝 GET /api/bookings
[6:37:59 AM] 📝 GET /api/bookings/my-bookings
[6:38:05 AM] 📝 GET /api/display/room/69490a065e1a04f70b859ca9
[6:38:10 AM] 📝 GET /api/rooms
[6:38:10 AM] 📝 GET /api/departments
[6:38:40 AM] 📝 GET /api/display/room/69490a065e1a04f70b859ca9
[6:39:40 AM] 📝 GET /api/display/room/69490a065e1a04f70b859ca9
[6:39:46 AM] 📝 GET /api/bookings
[6:39:50 AM] 📝 POST /api/bookings
[6:39:51 AM] 📝 GET /api/bookings/my-bookings
[6:39:53 AM] 📝 GET /api/rooms
[6:39:53 AM] 📝 GET /api/departments
[6:40:08 AM] 📝 GET /api/admin/dashboard/statistics
[6:40:13 AM] 📝 GET /api/admin/bookings
[6:40:27 AM] 📝 GET /api/bookings
[6:40:33 AM] 📝 POST /api/bookings
[6:40:35 AM] 📝 GET /api/bookings/my-bookings
[6:40:37 AM] 📝 GET /api/rooms
[6:40:37 AM] 📝 GET /api/departments
[6:40:40 AM] 📝 GET /api/display/room/69490a065e1a04f70b859ca9
[6:40:43 AM] 📝 GET /api/auth/me
[6:40:43 AM] 📝 GET /api/admin/dashboard/statistics
[6:40:45 AM] 📝 GET /api/admin/bookings
[6:40:51 AM] 📝 GET /api/bookings
[6:41:01 AM] 📝 POST /api/bookings
[6:41:05 AM] 📝 GET /api/bookings/my-bookings
[6:41:23 AM] 📝 GET /api/departments
[6:41:23 AM] 📝 GET /api/bookings/6a0ea6f5ed025f779993eb29
[6:41:23 AM] 📝 GET /api/rooms
[6:41:23 AM] 📝 GET /api/bookings
[6:41:30 AM] 📝 POST /api/auth/exchange-code
━━━━━━━━━━━━━━━━━━━━━━━━━━━━━━━━━━
🔐 UMS Exchange Code Request
   📥 Method: POST
   📥 IP: 49.231.15.98
   📥 Origin: https://nssv.nsm.go.th
   📥 Referer: https://nssv.nsm.go.th/napp/auth/callback?code=c0ca408c01942a7408197fb0b9fd2fb4c427ddbc2f48edaf4cd64f6dc2ee4067
   📥 User-Agent: Mozilla/5.0 (Linux; Android 10; K) AppleWebKit/537.36 (KHTML, like Gecko) Chrome/148.0.0.0 Mobile Safari/537.36
   📥 Content-Type: application/json
   📥 Body Keys: [ 'code', 'projectCode' ]
   📥 code: c0ca408c01942a7408197fb0b9fd2fb4c427ddbc2f48edaf4cd64f6dc2ee4067
   📥 projectCode: MEETBOOKING
   🔄 Calling: POST https://nssv.nsm.go.th/ums/api/auth/exchange-code
   📤 UMS Status: 200
   📤 UMS Response: {
  "status": "success",
  "token": "eyJhbGciOiJIUzI1NiIsInR5cCI6IkpXVCJ9.eyJpZCI6IjY5NmUyYTljYWUxMTg0OWFmYTdhNTM5ZCIsInJvbGUiOiJzdXBlcmFkbWluIiwidXNlcm5hbWUiOiJuYWlvb2IiLCJpYXQiOjE3NzkzNDU2OTAsImV4cCI6MTc3OTQzMjA5MH0.8FA3c6YEeD2jv4C3AjtWSFQxsjIjjqOQ2ooD_c8xelQ",
  "user": {
    "id": "696e2a9cae11849afa7a539d",
    "username": "naioob",
    "email": "naioob@gmail.com",
    "firstName": "ธนะรักษ์ oob",
    "lastName": "สุขสันต์",
    "role": "superadmin",
    "phone": "0931317150"
  }
}
   🎯 Role: superadmin → admin
   ✅ Login success: ธนะรักษ์ oob สุขสันต์ (admin)
━━━━━━━━━━━━━━━━━━━━━━━━━━━━━━━━━━
[6:41:31 AM] 📝 GET /api/rooms
[6:41:36 AM] 📝 GET /api/admin/dashboard/statistics
[6:41:36 AM] 📝 GET /api/auth/me
[6:41:39 AM] 📝 GET /api/admin/bookings
[6:41:40 AM] 📝 GET /api/display/room/69490a065e1a04f70b859ca9
[6:41:40 AM] 📝 POST /api/auth/login
[6:41:41 AM] 📝 GET /api/rooms
[6:41:45 AM] 📝 GET /api/bookings
[6:41:48 AM] 📝 GET /api/admin/dashboard/statistics
[6:41:53 AM] 📝 GET /api/admin/bookings
[6:42:16 AM] 📝 PUT /api/bookings/6a0ea6f5ed025f779993eb29
[6:42:18 AM] 📝 GET /api/bookings/my-bookings
[6:42:24 AM] 📝 GET /api/rooms
[6:42:24 AM] 📝 GET /api/departments
[6:42:39 AM] 📝 PUT /api/admin/bookings/6a0ea6f5ed025f779993eb29/status
[6:42:40 AM] 📝 GET /api/display/room/69490a065e1a04f70b859ca9
[6:42:40 AM] 📝 GET /api/admin/bookings
[6:42:42 AM] 📝 GET /api/bookings
[6:42:50 AM] 📝 GET /api/display/room/69490a065e1a04f70b859ca9
[6:42:55 AM] 📝 POST /api/bookings
[6:42:57 AM] 📝 GET /api/bookings/my-bookings
[6:42:57 AM] 📝 GET /api/admin/dashboard/statistics
[6:42:59 AM] 📝 GET /api/admin/bookings
[6:43:19 AM] 📝 PUT /api/admin/bookings/6a0ea96fed025f779993ec39/status
[6:43:21 AM] 📝 GET /api/admin/bookings
[6:43:23 AM] 📝 GET /api/display/room/69490a065e1a04f70b859ca9
[6:43:24 AM] 📝 PUT /api/admin/bookings/6a0ea8fded025f779993ebe9/status
[6:43:26 AM] 📝 GET /api/admin/bookings
[6:43:27 AM] 📝 PUT /api/admin/bookings/6a0ea8b6ed025f779993ebad/status
[6:43:29 AM] 📝 GET /api/admin/bookings
[6:43:31 AM] 📝 PUT /api/admin/bookings/6a0ea82ded025f779993eb82/status
[6:43:32 AM] 📝 GET /api/admin/bookings
[6:43:40 AM] 📝 GET /api/display/room/69490a065e1a04f70b859ca9
[6:43:41 AM] 📝 PUT /api/admin/bookings/6a0ea8e1ed025f779993ebc8/status
[6:43:42 AM] 📝 GET /api/admin/bookings
[6:43:49 AM] 📝 PUT /api/admin/bookings/6a0ea82ded025f779993eb7c/status
[6:43:50 AM] 📝 GET /api/admin/bookings
[6:43:57 AM] 📝 PUT /api/admin/bookings/6a0ea7a3ed025f779993eb4f/status
[6:43:59 AM] 📝 GET /api/admin/bookings
[6:44:16 AM] 📝 GET /api/bookings/my-bookings
[6:44:23 AM] 📝 GET /api/display/room/69490a065e1a04f70b859ca9
[6:44:30 AM] 📝 GET /api/display/rooms
[6:44:39 AM] 📝 GET /api/display/config/69490a065e1a04f70b859caa
[6:44:39 AM] 📝 GET /api/display/media/69490a065e1a04f70b859caa
[6:44:39 AM] 📝 GET /api/display/room/69490a065e1a04f70b859caa
[6:44:39 AM] 📝 GET /api/display/uploads/69490a065e1a04f70b859caa_1778836968895.png
[6:44:39 AM] 📝 GET /api/display/uploads/69490a065e1a04f70b859caa_1778836967381.png
[6:44:39 AM] 📝 GET /api/display/uploads/69490a065e1a04f70b859caa_1778836968444.png
[6:44:39 AM] 📝 GET /api/display/uploads/69490a065e1a04f70b859caa_1778836967898.png
[6:44:40 AM] 📝 GET /api/display/room/69490a065e1a04f70b859ca9
[6:45:23 AM] 📝 GET /api/display/room/69490a065e1a04f70b859ca9
[6:45:30 AM] 📝 GET /api/bookings
[6:45:40 AM] 📝 GET /api/display/room/69490a065e1a04f70b859ca9
[6:46:23 AM] 📝 GET /api/display/room/69490a065e1a04f70b859ca9
[6:46:40 AM] 📝 GET /api/display/room/69490a065e1a04f70b859ca9
[6:47:16 AM] 📝 PUT /api/display/config/69490a065e1a04f70b859caa
[6:47:17 AM] 📝 GET /api/display/rooms
[6:47:19 AM] 📝 GET /api/rooms
[6:47:23 AM] 📝 GET /api/display/room/69490a065e1a04f70b859ca9
[6:47:23 AM] 📝 GET /api/admin/dashboard/statistics
[6:47:26 AM] 📝 GET /api/admin/bookings
[6:47:40 AM] 📝 GET /api/display/room/69490a065e1a04f70b859ca9
[6:48:23 AM] 📝 GET /api/display/room/69490a065e1a04f70b859ca9
[6:48:40 AM] 📝 GET /api/display/room/69490a065e1a04f70b859ca9
[6:48:59 AM] 📝 GET /api/display/rooms
[6:49:02 AM] 📝 GET /api/display/room/69490a065e1a04f70b859ca9
[6:49:02 AM] 📝 GET /api/display/media/69490a065e1a04f70b859ca9
[6:49:02 AM] 📝 GET /api/display/config/69490a065e1a04f70b859ca9
[6:49:02 AM] 📝 GET /api/display/uploads/69490a065e1a04f70b859ca9_1778836721767.png
[6:49:02 AM] 📝 GET /api/display/uploads/69490a065e1a04f70b859ca9_1778836722246.png
[6:49:02 AM] 📝 GET /api/display/uploads/69490a065e1a04f70b859ca9_1778836720904.png
[6:49:02 AM] 📝 GET /api/display/uploads/69490a065e1a04f70b859ca9_1778836721329.png
[6:49:23 AM] 📝 GET /api/display/room/69490a065e1a04f70b859ca9
[6:49:39 AM] 📝 PUT /api/display/config/69490a065e1a04f70b859ca9
[6:49:39 AM] 📝 GET /api/display/rooms
[6:49:40 AM] 📝 GET /api/display/room/69490a065e1a04f70b859ca9
[6:50:23 AM] 📝 GET /api/display/room/69490a065e1a04f70b859ca9
[6:50:24 AM] 📝 GET /api/display/uploads/69490a065e1a04f70b859ca9_1778836721329.png
[6:50:40 AM] 📝 GET /api/display/room/69490a065e1a04f70b859ca9
[6:51:23 AM] 📝 GET /api/display/room/69490a065e1a04f70b859ca9
[6:51:40 AM] 📝 GET /api/display/room/69490a065e1a04f70b859ca9
[6:52:23 AM] 📝 GET /api/display/room/69490a065e1a04f70b859ca9
[6:52:40 AM] 📝 GET /api/display/room/69490a065e1a04f70b859ca9
[6:53:23 AM] 📝 GET /api/display/room/69490a065e1a04f70b859ca9
[6:53:40 AM] 📝 GET /api/display/room/69490a065e1a04f70b859ca9
[6:54:23 AM] 📝 GET /api/display/room/69490a065e1a04f70b859ca9
[6:54:40 AM] 📝 GET /api/display/room/69490a065e1a04f70b859ca9
[6:55:23 AM] 📝 GET /api/display/room/69490a065e1a04f70b859ca9
[6:55:40 AM] 📝 GET /api/display/room/69490a065e1a04f70b859ca9
[6:56:23 AM] 📝 GET /api/display/room/69490a065e1a04f70b859ca9
[6:56:40 AM] 📝 GET /api/display/room/69490a065e1a04f70b859ca9
[6:57:23 AM] 📝 GET /api/display/room/69490a065e1a04f70b859ca9
[6:57:40 AM] 📝 GET /api/display/room/69490a065e1a04f70b859ca9
[6:58:23 AM] 📝 GET /api/display/room/69490a065e1a04f70b859ca9
[6:58:40 AM] 📝 GET /api/display/room/69490a065e1a04f70b859ca9
[6:59:23 AM] 📝 GET /api/display/room/69490a065e1a04f70b859ca9
[6:59:40 AM] 📝 GET /api/display/room/69490a065e1a04f70b859ca9
[7:00:23 AM] 📝 GET /api/display/room/69490a065e1a04f70b859ca9
[7:00:40 AM] 📝 GET /api/display/room/69490a065e1a04f70b859ca9
[7:01:23 AM] 📝 GET /api/display/room/69490a065e1a04f70b859ca9
[7:01:40 AM] 📝 GET /api/display/room/69490a065e1a04f70b859ca9
[7:02:23 AM] 📝 GET /api/display/room/69490a065e1a04f70b859ca9
[7:02:40 AM] 📝 GET /api/display/room/69490a065e1a04f70b859ca9
[7:03:23 AM] 📝 GET /api/display/room/69490a065e1a04f70b859ca9
[7:03:40 AM] 📝 GET /api/display/room/69490a065e1a04f70b859ca9
[7:04:23 AM] 📝 GET /api/display/room/69490a065e1a04f70b859ca9
[7:04:40 AM] 📝 GET /api/display/room/69490a065e1a04f70b859ca9
[7:05:23 AM] 📝 GET /api/display/room/69490a065e1a04f70b859ca9
[7:05:40 AM] 📝 GET /api/display/room/69490a065e1a04f70b859ca9
[7:06:23 AM] 📝 GET /api/display/room/69490a065e1a04f70b859ca9
[7:06:40 AM] 📝 GET /api/display/room/69490a065e1a04f70b859ca9
[7:07:23 AM] 📝 GET /api/display/room/69490a065e1a04f70b859ca9
[7:07:40 AM] 📝 GET /api/display/room/69490a065e1a04f70b859ca9
[7:08:23 AM] 📝 GET /api/display/room/69490a065e1a04f70b859ca9
[7:08:40 AM] 📝 GET /api/display/room/69490a065e1a04f70b859ca9
[7:09:23 AM] 📝 GET /api/display/room/69490a065e1a04f70b859ca9
[7:09:40 AM] 📝 GET /api/display/room/69490a065e1a04f70b859ca9
[7:10:23 AM] 📝 GET /api/display/room/69490a065e1a04f70b859ca9
[7:10:40 AM] 📝 GET /api/display/room/69490a065e1a04f70b859ca9
[7:11:23 AM] 📝 GET /api/display/room/69490a065e1a04f70b859ca9
[7:11:40 AM] 📝 GET /api/display/room/69490a065e1a04f70b859ca9
[7:12:23 AM] 📝 GET /api/display/room/69490a065e1a04f70b859ca9
[7:12:40 AM] 📝 GET /api/display/room/69490a065e1a04f70b859ca9
[7:13:23 AM] 📝 GET /api/display/room/69490a065e1a04f70b859ca9
[7:13:40 AM] 📝 GET /api/display/room/69490a065e1a04f70b859ca9
[7:14:23 AM] 📝 GET /api/display/room/69490a065e1a04f70b859ca9
[7:14:40 AM] 📝 GET /api/display/room/69490a065e1a04f70b859ca9
[7:15:23 AM] 📝 GET /api/display/room/69490a065e1a04f70b859ca9
[7:15:40 AM] 📝 GET /api/display/room/69490a065e1a04f70b859ca9
[7:16:23 AM] 📝 GET /api/display/room/69490a065e1a04f70b859ca9
[7:16:40 AM] 📝 GET /api/display/room/69490a065e1a04f70b859ca9
[7:17:23 AM] 📝 GET /api/display/room/69490a065e1a04f70b859ca9
[7:17:40 AM] 📝 GET /api/display/room/69490a065e1a04f70b859ca9
[7:18:23 AM] 📝 GET /api/display/room/69490a065e1a04f70b859ca9
[7:18:40 AM] 📝 GET /api/display/room/69490a065e1a04f70b859ca9
[7:19:23 AM] 📝 GET /api/display/room/69490a065e1a04f70b859ca9
[7:19:40 AM] 📝 GET /api/display/room/69490a065e1a04f70b859ca9
[7:20:23 AM] 📝 GET /api/display/room/69490a065e1a04f70b859ca9
[7:20:40 AM] 📝 GET /api/display/room/69490a065e1a04f70b859ca9
[7:21:23 AM] 📝 GET /api/display/room/69490a065e1a04f70b859ca9
[7:21:40 AM] 📝 GET /api/display/room/69490a065e1a04f70b859ca9
[7:22:23 AM] 📝 GET /api/display/room/69490a065e1a04f70b859ca9
[7:22:40 AM] 📝 GET /api/display/room/69490a065e1a04f70b859ca9
[7:23:23 AM] 📝 GET /api/display/room/69490a065e1a04f70b859ca9
[7:23:40 AM] 📝 GET /api/display/room/69490a065e1a04f70b859ca9
[7:24:23 AM] 📝 GET /api/display/room/69490a065e1a04f70b859ca9
[7:24:40 AM] 📝 GET /api/display/room/69490a065e1a04f70b859ca9
[7:25:23 AM] 📝 GET /api/display/room/69490a065e1a04f70b859ca9
[7:25:40 AM] 📝 GET /api/display/room/69490a065e1a04f70b859ca9
[7:26:23 AM] 📝 GET /api/display/room/69490a065e1a04f70b859ca9
[7:26:40 AM] 📝 GET /api/display/room/69490a065e1a04f70b859ca9
[7:27:23 AM] 📝 GET /api/display/room/69490a065e1a04f70b859ca9
[7:27:40 AM] 📝 GET /api/display/room/69490a065e1a04f70b859ca9
[7:28:23 AM] 📝 GET /api/display/room/69490a065e1a04f70b859ca9
[7:28:40 AM] 📝 GET /api/display/room/69490a065e1a04f70b859ca9
[7:29:23 AM] 📝 GET /api/display/room/69490a065e1a04f70b859ca9
[7:29:40 AM] 📝 GET /api/display/room/69490a065e1a04f70b859ca9
[7:30:23 AM] 📝 GET /api/display/room/69490a065e1a04f70b859ca9
[7:30:40 AM] 📝 GET /api/display/room/69490a065e1a04f70b859ca9
[7:31:23 AM] 📝 GET /api/display/room/69490a065e1a04f70b859ca9
[7:31:40 AM] 📝 GET /api/display/room/69490a065e1a04f70b859ca9
[7:32:23 AM] 📝 GET /api/display/room/69490a065e1a04f70b859ca9
[7:32:40 AM] 📝 GET /api/display/room/69490a065e1a04f70b859ca9
[7:33:23 AM] 📝 GET /api/display/room/69490a065e1a04f70b859ca9
[7:33:40 AM] 📝 GET /api/display/room/69490a065e1a04f70b859ca9
[7:34:23 AM] 📝 GET /api/display/room/69490a065e1a04f70b859ca9
[7:34:40 AM] 📝 GET /api/display/room/69490a065e1a04f70b859ca9
[7:35:23 AM] 📝 GET /api/display/room/69490a065e1a04f70b859ca9
[7:35:40 AM] 📝 GET /api/display/room/69490a065e1a04f70b859ca9
[7:36:23 AM] 📝 GET /api/display/room/69490a065e1a04f70b859ca9
[7:36:40 AM] 📝 GET /api/display/room/69490a065e1a04f70b859ca9
[7:37:23 AM] 📝 GET /api/display/room/69490a065e1a04f70b859ca9
[7:37:40 AM] 📝 GET /api/display/room/69490a065e1a04f70b859ca9
[7:38:23 AM] 📝 GET /api/display/room/69490a065e1a04f70b859ca9
[7:38:40 AM] 📝 GET /api/display/room/69490a065e1a04f70b859ca9
[7:39:23 AM] 📝 GET /api/display/room/69490a065e1a04f70b859ca9
[7:39:40 AM] 📝 GET /api/display/room/69490a065e1a04f70b859ca9
[7:40:23 AM] 📝 GET /api/display/room/69490a065e1a04f70b859ca9
[7:40:40 AM] 📝 GET /api/display/room/69490a065e1a04f70b859ca9
[7:41:23 AM] 📝 GET /api/display/room/69490a065e1a04f70b859ca9
[7:41:40 AM] 📝 GET /api/display/room/69490a065e1a04f70b859ca9
[7:42:23 AM] 📝 GET /api/display/room/69490a065e1a04f70b859ca9
[7:42:40 AM] 📝 GET /api/display/room/69490a065e1a04f70b859ca9
[7:43:23 AM] 📝 GET /api/display/room/69490a065e1a04f70b859ca9
[7:43:40 AM] 📝 GET /api/display/room/69490a065e1a04f70b859ca9
[7:44:23 AM] 📝 GET /api/display/room/69490a065e1a04f70b859ca9
[7:44:40 AM] 📝 GET /api/display/room/69490a065e1a04f70b859ca9
[7:45:23 AM] 📝 GET /api/display/room/69490a065e1a04f70b859ca9
[7:45:40 AM] 📝 GET /api/display/room/69490a065e1a04f70b859ca9
[7:46:23 AM] 📝 GET /api/display/room/69490a065e1a04f70b859ca9
[7:46:40 AM] 📝 GET /api/display/room/69490a065e1a04f70b859ca9
[7:47:23 AM] 📝 GET /api/display/room/69490a065e1a04f70b859ca9
[7:47:40 AM] 📝 GET /api/display/room/69490a065e1a04f70b859ca9
[7:48:23 AM] 📝 GET /api/display/room/69490a065e1a04f70b859ca9
[7:48:40 AM] 📝 GET /api/display/room/69490a065e1a04f70b859ca9
[7:49:23 AM] 📝 GET /api/display/room/69490a065e1a04f70b859ca9
[7:49:40 AM] 📝 GET /api/display/room/69490a065e1a04f70b859ca9
[7:50:23 AM] 📝 GET /api/display/room/69490a065e1a04f70b859ca9
[7:50:40 AM] 📝 GET /api/display/room/69490a065e1a04f70b859ca9
[7:51:23 AM] 📝 GET /api/display/room/69490a065e1a04f70b859ca9
[7:51:40 AM] 📝 GET /api/display/room/69490a065e1a04f70b859ca9
[7:52:23 AM] 📝 GET /api/display/room/69490a065e1a04f70b859ca9
[7:52:40 AM] 📝 GET /api/display/room/69490a065e1a04f70b859ca9
[7:53:24 AM] 📝 GET /api/display/room/69490a065e1a04f70b859ca9
[7:53:40 AM] 📝 GET /api/display/room/69490a065e1a04f70b859ca9
[7:54:23 AM] 📝 GET /api/display/room/69490a065e1a04f70b859ca9
[7:54:40 AM] 📝 GET /api/display/room/69490a065e1a04f70b859ca9
[7:55:23 AM] 📝 GET /api/display/room/69490a065e1a04f70b859ca9
[7:55:40 AM] 📝 GET /api/display/room/69490a065e1a04f70b859ca9
[7:56:23 AM] 📝 GET /api/display/room/69490a065e1a04f70b859ca9
[7:56:40 AM] 📝 GET /api/display/room/69490a065e1a04f70b859ca9
[7:57:23 AM] 📝 GET /api/display/room/69490a065e1a04f70b859ca9
[7:57:40 AM] 📝 GET /api/display/room/69490a065e1a04f70b859ca9
[7:58:23 AM] 📝 GET /api/display/room/69490a065e1a04f70b859ca9
[7:58:40 AM] 📝 GET /api/display/room/69490a065e1a04f70b859ca9
[7:59:23 AM] 📝 GET /api/display/room/69490a065e1a04f70b859ca9
[7:59:40 AM] 📝 GET /api/display/room/69490a065e1a04f70b859ca9
[8:00:23 AM] 📝 GET /api/display/room/69490a065e1a04f70b859ca9
[8:00:40 AM] 📝 GET /api/display/room/69490a065e1a04f70b859ca9
[8:01:23 AM] 📝 GET /api/display/room/69490a065e1a04f70b859ca9
[8:01:40 AM] 📝 GET /api/display/room/69490a065e1a04f70b859ca9
[8:02:23 AM] 📝 GET /api/display/room/69490a065e1a04f70b859ca9
[8:02:40 AM] 📝 GET /api/display/room/69490a065e1a04f70b859ca9
[8:03:23 AM] 📝 GET /api/display/room/69490a065e1a04f70b859ca9
[8:03:40 AM] 📝 GET /api/display/room/69490a065e1a04f70b859ca9
[8:04:23 AM] 📝 GET /api/display/room/69490a065e1a04f70b859ca9
[8:04:40 AM] 📝 GET /api/display/room/69490a065e1a04f70b859ca9
[8:05:23 AM] 📝 GET /api/display/room/69490a065e1a04f70b859ca9
[8:05:40 AM] 📝 GET /api/display/room/69490a065e1a04f70b859ca9
[8:06:15 AM] 📝 GET /api/display/uploads/69490a065e1a04f70b859ca9_1778836721329.png
[8:06:23 AM] 📝 GET /api/display/room/69490a065e1a04f70b859ca9
[8:06:26 AM] 📝 GET /api/display/room/69490a065e1a04f70b859ca9
[8:07:23 AM] 📝 GET /api/display/room/69490a065e1a04f70b859ca9
[8:07:26 AM] 📝 GET /api/display/room/69490a065e1a04f70b859ca9
[8:08:23 AM] 📝 GET /api/display/room/69490a065e1a04f70b859ca9
[8:08:40 AM] 📝 GET /api/display/room/69490a065e1a04f70b859ca9
[8:09:23 AM] 📝 GET /api/display/room/69490a065e1a04f70b859ca9
[8:09:26 AM] 📝 GET /api/display/room/69490a065e1a04f70b859ca9
[8:10:23 AM] 📝 GET /api/display/room/69490a065e1a04f70b859ca9
[8:10:26 AM] 📝 GET /api/display/room/69490a065e1a04f70b859ca9
[8:11:23 AM] 📝 GET /api/display/room/69490a065e1a04f70b859ca9
[8:11:26 AM] 📝 GET /api/display/room/69490a065e1a04f70b859ca9
[8:12:23 AM] 📝 GET /api/display/room/69490a065e1a04f70b859ca9
[8:12:40 AM] 📝 GET /api/display/room/69490a065e1a04f70b859ca9
[8:13:23 AM] 📝 GET /api/display/room/69490a065e1a04f70b859ca9
[8:13:40 AM] 📝 GET /api/display/room/69490a065e1a04f70b859ca9
[8:14:23 AM] 📝 GET /api/display/room/69490a065e1a04f70b859ca9
[8:14:40 AM] 📝 GET /api/display/room/69490a065e1a04f70b859ca9
[8:15:23 AM] 📝 GET /api/display/room/69490a065e1a04f70b859ca9
[8:15:40 AM] 📝 GET /api/display/room/69490a065e1a04f70b859ca9
[8:16:23 AM] 📝 GET /api/display/room/69490a065e1a04f70b859ca9
[8:16:40 AM] 📝 GET /api/display/room/69490a065e1a04f70b859ca9
[8:17:10 AM] 📝 POST /api/auth/exchange-code
━━━━━━━━━━━━━━━━━━━━━━━━━━━━━━━━━━
🔐 UMS Exchange Code Request
   📥 Method: POST
   📥 IP: 110.78.175.148
   📥 Origin: https://nssv.nsm.go.th
   📥 Referer: https://nssv.nsm.go.th/napp/auth/callback?code=2d8de054c91a3fad4dc45ff6b73e72e43e4434058581ea1ca8f0a323c9f7edda
   📥 User-Agent: Mozilla/5.0 (Windows NT 10.0; Win64; x64) AppleWebKit/537.36 (KHTML, like Gecko) Chrome/148.0.0.0 Safari/537.36
   📥 Content-Type: application/json
   📥 Body Keys: [ 'code', 'projectCode' ]
   📥 code: 2d8de054c91a3fad4dc45ff6b73e72e43e4434058581ea1ca8f0a323c9f7edda
   📥 projectCode: MEETBOOKING
   🔄 Calling: POST https://nssv.nsm.go.th/ums/api/auth/exchange-code
   📤 UMS Status: 200
   📤 UMS Response: {
  "status": "success",
  "token": "eyJhbGciOiJIUzI1NiIsInR5cCI6IkpXVCJ9.eyJpZCI6IjY5OGMzMTMxZGNiYzM1ZDM0NmQ3NGY1NyIsInJvbGUiOiJhZG1pbiIsInVzZXJuYW1lIjoidGF5ZmFyMDEyIiwiaWF0IjoxNzc5MzUxNDMxLCJleHAiOjE3Nzk0Mzc4MzF9.9MWw45U04RYWaPOLc2z79y4Kmp2DUuOw5L5M7MW8Dkc",
  "user": {
    "id": "698c3131dcbc35d346d74f57",
    "username": "tayfar012",
    "email": "tarata.khameam@gmail.com",
    "firstName": "ธราธาร์",
    "lastName": "คำเอี่ยม",
    "role": "admin",
    "phone": "0897034254"
  }
}
   🎯 Role: admin → admin
   ✅ Login success: ธราธาร์ คำเอี่ยม (admin)
━━━━━━━━━━━━━━━━━━━━━━━━━━━━━━━━━━
[8:17:11 AM] 📝 GET /api/rooms
[8:17:15 AM] 📝 GET /api/admin/dashboard/statistics
[8:17:23 AM] 📝 GET /api/display/room/69490a065e1a04f70b859ca9
[8:17:24 AM] 📝 GET /api/admin/users
[8:17:40 AM] 📝 GET /api/display/room/69490a065e1a04f70b859ca9
[8:18:23 AM] 📝 GET /api/display/room/69490a065e1a04f70b859ca9
[8:18:40 AM] 📝 GET /api/display/room/69490a065e1a04f70b859ca9
[8:19:22 AM] 📝 POST /api/auth/exchange-code
━━━━━━━━━━━━━━━━━━━━━━━━━━━━━━━━━━
🔐 UMS Exchange Code Request
   📥 Method: POST
   📥 IP: 110.78.175.148
   📥 Origin: https://nssv.nsm.go.th
   📥 Referer: https://nssv.nsm.go.th/napp/auth/callback?code=42691096395d065d6efae9125d5358f65e75e40810c87ad8b069155a7c7824fc
   📥 User-Agent: Mozilla/5.0 (Windows NT 10.0; Win64; x64) AppleWebKit/537.36 (KHTML, like Gecko) Chrome/148.0.0.0 Safari/537.36
   📥 Content-Type: application/json
   📥 Body Keys: [ 'code', 'projectCode' ]
   📥 code: 42691096395d065d6efae9125d5358f65e75e40810c87ad8b069155a7c7824fc
   📥 projectCode: MEETBOOKING
   🔄 Calling: POST https://nssv.nsm.go.th/ums/api/auth/exchange-code
   📤 UMS Status: 200
   📤 UMS Response: {
  "status": "success",
  "token": "eyJhbGciOiJIUzI1NiIsInR5cCI6IkpXVCJ9.eyJpZCI6IjY5OGMzMTMxZGNiYzM1ZDM0NmQ3NGY1NyIsInJvbGUiOiJhZG1pbiIsInVzZXJuYW1lIjoidGF5ZmFyMDEyIiwiaWF0IjoxNzc5MzUxNTYyLCJleHAiOjE3Nzk0Mzc5NjJ9.GIELamG9tKoox-XFVSzLbKbCvBfdO0NM_t0bu39gPVg",
  "user": {
    "id": "698c3131dcbc35d346d74f57",
    "username": "tayfar012",
    "email": "tarata.khameam@gmail.com",
    "firstName": "ธราธาร์",
    "lastName": "คำเอี่ยม",
    "role": "admin",
    "phone": "0897034254"
  }
}
   🎯 Role: admin → admin
   ✅ Login success: ธราธาร์ คำเอี่ยม (admin)
━━━━━━━━━━━━━━━━━━━━━━━━━━━━━━━━━━
[8:19:23 AM] 📝 GET /api/rooms
[8:19:23 AM] 📝 GET /api/display/room/69490a065e1a04f70b859ca9
[8:19:26 AM] 📝 GET /api/admin/dashboard/statistics
[8:19:27 AM] 📝 GET /api/display/rooms
[8:19:35 AM] 📝 GET /api/admin/users
[8:19:40 AM] 📝 GET /api/display/room/69490a065e1a04f70b859ca9
[8:20:23 AM] 📝 GET /api/display/room/69490a065e1a04f70b859ca9
[8:20:40 AM] 📝 GET /api/display/room/69490a065e1a04f70b859ca9
[8:21:23 AM] 📝 GET /api/display/room/69490a065e1a04f70b859ca9
[8:21:40 AM] 📝 GET /api/display/room/69490a065e1a04f70b859ca9
[8:22:23 AM] 📝 GET /api/display/room/69490a065e1a04f70b859ca9
[8:22:40 AM] 📝 GET /api/display/room/69490a065e1a04f70b859ca9
[8:23:23 AM] 📝 GET /api/display/room/69490a065e1a04f70b859ca9
[8:23:40 AM] 📝 GET /api/display/room/69490a065e1a04f70b859ca9
[8:24:18 AM] 📝 POST /api/auth/exchange-code
━━━━━━━━━━━━━━━━━━━━━━━━━━━━━━━━━━
🔐 UMS Exchange Code Request
   📥 Method: POST
   📥 IP: 110.78.175.148
   📥 Origin: https://nssv.nsm.go.th
   📥 Referer: https://nssv.nsm.go.th/napp/auth/callback?code=2dbd283000839aa52bae7071a8a31b5ea9f109174e9994c6e45bda435a9e1c43
   📥 User-Agent: Mozilla/5.0 (Windows NT 10.0; Win64; x64) AppleWebKit/537.36 (KHTML, like Gecko) Chrome/148.0.0.0 Safari/537.36 Edg/148.0.0.0
   📥 Content-Type: application/json
   📥 Body Keys: [ 'code', 'projectCode' ]
   📥 code: 2dbd283000839aa52bae7071a8a31b5ea9f109174e9994c6e45bda435a9e1c43
   📥 projectCode: MEETBOOKING
   🔄 Calling: POST https://nssv.nsm.go.th/ums/api/auth/exchange-code
   📤 UMS Status: 200
   📤 UMS Response: {
  "status": "success",
  "token": "eyJhbGciOiJIUzI1NiIsInR5cCI6IkpXVCJ9.eyJpZCI6IjZhMGViYmQ3YWVmNmE2MDJkNWRhMGI2NyIsInJvbGUiOiJtZW1iZXIiLCJ1c2VybmFtZSI6ImxpbmNvbG56YTAxIiwiaWF0IjoxNzc5MzUxODU4LCJleHAiOjE3Nzk0MzgyNTh9.Ysa2mcfv8xFlJJjunZk-ov1LQsL3j1eBHZYHohspvP4",
  "user": {
    "id": "6a0ebbd7aef6a602d5da0b67",
    "username": "lincolnza01",
    "email": "lincolnza1124@gmail.com",
    "firstName": "watanyou",
    "lastName": "seedabut",
    "role": "member",
    "phone": "0869379339"
  }
}
   🎯 Role: member → user
   ✅ Login success: watanyou seedabut (user)
━━━━━━━━━━━━━━━━━━━━━━━━━━━━━━━━━━
[8:24:19 AM] 📝 GET /api/rooms
[8:24:23 AM] 📝 GET /api/display/room/69490a065e1a04f70b859ca9
[8:24:25 AM] 📝 GET /api/display/room/69490a065e1a04f70b859ca9
[8:24:36 AM] 📝 GET /api/bookings/my-bookings
[8:24:37 AM] 📝 GET /api/bookings/my-bookings
[8:24:42 AM] 📝 GET /api/rooms
[8:24:42 AM] 📝 GET /api/departments
[8:24:46 AM] 📝 DELETE /api/bookings/6a0d6fa1ed025f779993dd8c
[8:24:48 AM] 📝 GET /api/admin/dashboard/statistics
[8:25:23 AM] 📝 GET /api/display/room/69490a065e1a04f70b859ca9
[8:25:45 AM] 📝 GET /api/rooms
[8:25:49 AM] 📝 GET /api/bookings
[8:26:02 AM] 📝 GET /api/rooms
[8:26:02 AM] 📝 GET /api/admin/bookings
[8:26:23 AM] 📝 GET /api/display/room/69490a065e1a04f70b859ca9
[8:27:23 AM] 📝 GET /api/display/room/69490a065e1a04f70b859ca9
[8:28:19 AM] 📝 GET /api/bookings/my-bookings
[8:28:23 AM] 📝 GET /api/display/room/69490a065e1a04f70b859ca9
[8:28:27 AM] 📝 GET /api/departments
[8:28:27 AM] 📝 GET /api/rooms
[8:28:29 AM] 📝 GET /api/rooms
[8:28:29 AM] 📝 GET /api/bookings/my-bookings
[8:28:30 AM] 📝 GET /api/departments
[8:28:30 AM] 📝 GET /api/rooms
[8:28:31 AM] 📝 POST /api/auth/exchange-code
━━━━━━━━━━━━━━━━━━━━━━━━━━━━━━━━━━
🔐 UMS Exchange Code Request
   📥 Method: POST
   📥 IP: 110.78.175.148
   📥 Origin: https://nssv.nsm.go.th
   📥 Referer: https://nssv.nsm.go.th/napp/auth/callback?code=d86904ea20259c33e0ba30adb1d26d966051326efd13f6dd391b27c1adcf4ad5
   📥 User-Agent: Mozilla/5.0 (Windows NT 10.0; Win64; x64) AppleWebKit/537.36 (KHTML, like Gecko) Chrome/148.0.0.0 Safari/537.36
   📥 Content-Type: application/json
   📥 Body Keys: [ 'code', 'projectCode' ]
   📥 code: d86904ea20259c33e0ba30adb1d26d966051326efd13f6dd391b27c1adcf4ad5
   📥 projectCode: MEETBOOKING
   🔄 Calling: POST https://nssv.nsm.go.th/ums/api/auth/exchange-code
   📤 UMS Status: 200
   📤 UMS Response: {
  "status": "success",
  "token": "eyJhbGciOiJIUzI1NiIsInR5cCI6IkpXVCJ9.eyJpZCI6IjY5NmUyYTljYWUxMTg0OWFmYTdhNTM5ZCIsInJvbGUiOiJzdXBlcmFkbWluIiwidXNlcm5hbWUiOiJuYWlvb2IiLCJpYXQiOjE3NzkzNTIxMTEsImV4cCI6MTc3OTQzODUxMX0.GdmMVWFWYQYEpPERFQFqEAsv-HBhApKWh1qTbVV9ZjA",
  "user": {
    "id": "696e2a9cae11849afa7a539d",
    "username": "naioob",
    "email": "naioob@gmail.com",
    "firstName": "ธนะรักษ์ oob",
    "lastName": "สุขสันต์",
    "role": "superadmin",
    "phone": "0931317150"
  }
}
   🎯 Role: superadmin → admin
   ✅ Login success: ธนะรักษ์ oob สุขสันต์ (admin)
━━━━━━━━━━━━━━━━━━━━━━━━━━━━━━━━━━
[8:28:31 AM] 📝 GET /api/rooms
[8:28:31 AM] 📝 GET /api/departments
[8:28:32 AM] 📝 GET /api/rooms
[8:28:34 AM] 📝 GET /api/bookings/my-bookings
[8:28:36 AM] 📝 GET /api/bookings/my-bookings
[8:28:36 AM] 📝 GET /api/departments
[8:28:36 AM] 📝 GET /api/rooms
[8:28:37 AM] 📝 GET /api/departments
[8:28:37 AM] 📝 GET /api/rooms
[8:29:23 AM] 📝 GET /api/display/room/69490a065e1a04f70b859ca9
[8:29:36 AM] 📝 GET /api/admin/dashboard/statistics
[8:29:47 AM] 📝 GET /api/admin/users
[8:30:23 AM] 📝 GET /api/display/room/69490a065e1a04f70b859ca9
[8:30:31 AM] 📝 GET /api/bookings
[8:30:32 AM] 📝 GET /api/bookings/my-bookings
[8:30:33 AM] 📝 GET /api/bookings
[8:30:42 AM] 📝 GET /api/bookings
[8:31:16 AM] 📝 GET /api/rooms/69490a065e1a04f70b859cab
[8:31:16 AM] 📝 GET /api/bookings
[8:31:23 AM] 📝 GET /api/display/room/69490a065e1a04f70b859ca9
[8:31:33 AM] 📝 GET /api/bookings
[8:31:38 AM] 📝 GET /api/bookings
[8:32:23 AM] 📝 GET /api/display/room/69490a065e1a04f70b859ca9
[8:33:23 AM] 📝 GET /api/display/room/69490a065e1a04f70b859ca9
[8:33:42 AM] 📝 POST /api/bookings
[8:33:44 AM] 📝 GET /api/bookings/my-bookings
[8:33:45 AM] 📝 GET /api/bookings/my-bookings
[8:33:46 AM] 📝 GET /api/rooms
[8:33:59 AM] 📝 GET /api/rooms/69490a065e1a04f70b859ca9
[8:33:59 AM] 📝 GET /api/bookings
[8:34:23 AM] 📝 GET /api/display/room/69490a065e1a04f70b859ca9
[8:35:20 AM] 📝 GET /api/rooms
[8:35:22 AM] 📝 GET /api/admin/dashboard/statistics
[8:35:23 AM] 📝 GET /api/display/room/69490a065e1a04f70b859ca9
[8:35:27 AM] 📝 GET /api/admin/bookings
[8:35:36 AM] 📝 PUT /api/admin/bookings/6a0ec366ed025f779993f136/status
[8:35:37 AM] 📝 GET /api/admin/bookings
[8:35:40 AM] 📝 GET /api/bookings/my-bookings
[8:35:46 AM] 📝 GET /api/rooms
[8:35:48 AM] 📝 GET /api/bookings
[8:35:56 AM] 📝 GET /api/rooms
[8:35:59 AM] 📝 GET /api/bookings
[8:36:11 AM] 📝 GET /api/rooms
[8:36:12 AM] 📝 GET /api/bookings/my-bookings
[8:36:14 AM] 📝 GET /api/bookings/6a0ec366ed025f779993f136
[8:36:14 AM] 📝 GET /api/departments
[8:36:14 AM] 📝 GET /api/rooms
[8:36:14 AM] 📝 GET /api/bookings
[8:36:23 AM] 📝 GET /api/rooms
[8:36:23 AM] 📝 GET /api/display/room/69490a065e1a04f70b859ca9
[8:36:27 AM] 📝 GET /api/bookings
[8:36:36 AM] 📝 GET /api/rooms
[8:36:40 AM] 📝 GET /api/bookings
[8:36:45 AM] 📝 GET /api/bookings
[8:36:47 AM] 📝 GET /api/rooms
[8:36:53 AM] 📝 GET /api/bookings
[8:37:23 AM] 📝 GET /api/display/room/69490a065e1a04f70b859ca9
[8:38:15 AM] 📝 GET /api/rooms
[8:38:23 AM] 📝 GET /api/display/room/69490a065e1a04f70b859ca9
[8:39:23 AM] 📝 GET /api/display/room/69490a065e1a04f70b859ca9
[8:40:23 AM] 📝 GET /api/display/room/69490a065e1a04f70b859ca9
[8:40:38 AM] 📝 GET /api/bookings
[8:41:23 AM] 📝 GET /api/display/room/69490a065e1a04f70b859ca9
[8:42:23 AM] 📝 GET /api/display/room/69490a065e1a04f70b859ca9
[8:43:23 AM] 📝 GET /api/display/room/69490a065e1a04f70b859ca9
[8:44:23 AM] 📝 GET /api/display/room/69490a065e1a04f70b859ca9
[8:45:23 AM] 📝 GET /api/display/room/69490a065e1a04f70b859ca9
[8:46:23 AM] 📝 GET /api/display/room/69490a065e1a04f70b859ca9
[8:47:23 AM] 📝 GET /api/display/room/69490a065e1a04f70b859ca9
[8:48:24 AM] 📝 GET /api/display/room/69490a065e1a04f70b859ca9
[8:49:23 AM] 📝 GET /api/display/room/69490a065e1a04f70b859ca9
[8:50:23 AM] 📝 GET /api/display/room/69490a065e1a04f70b859ca9
[8:51:23 AM] 📝 GET /api/display/room/69490a065e1a04f70b859ca9
[8:52:23 AM] 📝 GET /api/display/room/69490a065e1a04f70b859ca9
[8:53:23 AM] 📝 GET /api/display/room/69490a065e1a04f70b859ca9
[8:54:23 AM] 📝 GET /api/display/room/69490a065e1a04f70b859ca9
[8:55:23 AM] 📝 GET /api/display/room/69490a065e1a04f70b859ca9
[8:56:23 AM] 📝 GET /api/display/room/69490a065e1a04f70b859ca9
[8:56:24 AM] 📝 POST /api/auth/exchange-code
━━━━━━━━━━━━━━━━━━━━━━━━━━━━━━━━━━
🔐 UMS Exchange Code Request
   📥 Method: POST
   📥 IP: 110.78.175.148
   📥 Origin: https://nssv.nsm.go.th
   📥 Referer: https://nssv.nsm.go.th/napp/auth/callback?code=58fab681b329090ef3339a43501cd18ea7457831b1d448d638bb7eec45cdc83f
   📥 User-Agent: Mozilla/5.0 (Macintosh; Intel Mac OS X 10_15_7) AppleWebKit/605.1.15 (KHTML, like Gecko) Version/18.1.1 Safari/605.1.15
   📥 Content-Type: application/json
   📥 Body Keys: [ 'code', 'projectCode' ]
   📥 code: 58fab681b329090ef3339a43501cd18ea7457831b1d448d638bb7eec45cdc83f
   📥 projectCode: MEETBOOKING
   🔄 Calling: POST https://nssv.nsm.go.th/ums/api/auth/exchange-code
   📤 UMS Status: 200
   📤 UMS Response: {
  "status": "success",
  "token": "eyJhbGciOiJIUzI1NiIsInR5cCI6IkpXVCJ9.eyJpZCI6IjZhMGViYmQ3YWVmNmE2MDJkNWRhMGI2NyIsInJvbGUiOiJtZW1iZXIiLCJ1c2VybmFtZSI6ImxpbmNvbG56YTAxIiwiaWF0IjoxNzc5MzUzNzg0LCJleHAiOjE3Nzk0NDAxODR9.U4KCq8CCYJL-AQSi9utN2wwQvGNnYDM-k5mIhGh1jFQ",
  "user": {
    "id": "6a0ebbd7aef6a602d5da0b67",
    "username": "lincolnza01",
    "email": "lincolnza1124@gmail.com",
    "firstName": "watanyou",
    "lastName": "seedabut",
    "role": "member",
    "phone": "0869379339"
  }
}
   🎯 Role: member → user
   ✅ Login success: watanyou seedabut (user)
━━━━━━━━━━━━━━━━━━━━━━━━━━━━━━━━━━
[8:56:25 AM] 📝 GET /api/rooms
[8:56:41 AM] 📝 GET /api/bookings/my-bookings
[8:56:49 AM] 📝 GET /api/departments
[8:56:49 AM] 📝 GET /api/rooms
[8:57:23 AM] 📝 GET /api/display/room/69490a065e1a04f70b859ca9
[8:58:21 AM] 📝 GET /api/bookings
[8:58:23 AM] 📝 GET /api/bookings
[8:58:23 AM] 📝 GET /api/display/room/69490a065e1a04f70b859ca9
[8:58:27 AM] 📝 POST /api/bookings
[8:58:29 AM] 📝 GET /api/bookings/my-bookings
[8:59:20 AM] 📝 POST /api/auth/exchange-code
━━━━━━━━━━━━━━━━━━━━━━━━━━━━━━━━━━
🔐 UMS Exchange Code Request
   📥 Method: POST
   📥 IP: 110.78.175.148
   📥 Origin: https://nssv.nsm.go.th
   📥 Referer: https://nssv.nsm.go.th/napp/auth/callback?code=9ac60b224747749f524f3d622c68287d556cd772dd10a88caba12029e44eb639
   📥 User-Agent: Mozilla/5.0 (Macintosh; Intel Mac OS X 10_15_7) AppleWebKit/605.1.15 (KHTML, like Gecko) Version/18.1.1 Safari/605.1.15
   📥 Content-Type: application/json
   📥 Body Keys: [ 'code', 'projectCode' ]
   📥 code: 9ac60b224747749f524f3d622c68287d556cd772dd10a88caba12029e44eb639
   📥 projectCode: MEETBOOKING
   🔄 Calling: POST https://nssv.nsm.go.th/ums/api/auth/exchange-code
   📤 UMS Status: 200
   📤 UMS Response: {
  "status": "success",
  "token": "eyJhbGciOiJIUzI1NiIsInR5cCI6IkpXVCJ9.eyJpZCI6IjY5OGMzMTMxZGNiYzM1ZDM0NmQ3NGY1NyIsInJvbGUiOiJhZG1pbiIsInVzZXJuYW1lIjoidGF5ZmFyMDEyIiwiaWF0IjoxNzc5MzUzOTYxLCJleHAiOjE3Nzk0NDAzNjF9.nlOfaCrzjghoLrfUZBpm58jMW-2WdpBW0aVsMQ-2_BQ",
  "user": {
    "id": "698c3131dcbc35d346d74f57",
    "username": "tayfar012",
    "email": "tarata.khameam@gmail.com",
    "firstName": "ธราธาร์",
    "lastName": "คำเอี่ยม",
    "role": "admin",
    "phone": "0897034254"
  }
}
   🎯 Role: admin → admin
   ✅ Login success: ธราธาร์ คำเอี่ยม (admin)
━━━━━━━━━━━━━━━━━━━━━━━━━━━━━━━━━━
[8:59:21 AM] 📝 GET /api/rooms
[8:59:23 AM] 📝 GET /api/display/room/69490a065e1a04f70b859ca9
[8:59:45 AM] 📝 GET /api/admin/dashboard/statistics
[8:59:50 AM] 📝 GET /api/rooms
[8:59:52 AM] 📝 GET /api/admin/bookings
[9:00:23 AM] 📝 GET /api/display/room/69490a065e1a04f70b859ca9
[9:01:23 AM] 📝 GET /api/display/room/69490a065e1a04f70b859ca9
[9:02:24 AM] 📝 GET /api/display/room/69490a065e1a04f70b859ca9
[9:03:23 AM] 📝 GET /api/display/room/69490a065e1a04f70b859ca9
[9:04:23 AM] 📝 GET /api/display/room/69490a065e1a04f70b859ca9
[9:04:35 AM] 📝 GET /api/admin/dashboard/statistics
[9:05:23 AM] 📝 GET /api/display/room/69490a065e1a04f70b859ca9
[9:06:23 AM] 📝 GET /api/display/room/69490a065e1a04f70b859ca9
[9:07:23 AM] 📝 GET /api/display/room/69490a065e1a04f70b859ca9
[9:08:23 AM] 📝 GET /api/display/room/69490a065e1a04f70b859ca9
[9:09:23 AM] 📝 GET /api/display/room/69490a065e1a04f70b859ca9
[9:10:01 AM] 📝 GET /api/departments
[9:10:01 AM] 📝 GET /api/rooms
[9:10:13 AM] 📝 GET /api/bookings
[9:10:23 AM] 📝 GET /api/display/room/69490a065e1a04f70b859ca9
[9:10:26 AM] 📝 POST /api/bookings
[9:10:27 AM] 📝 GET /api/bookings/my-bookings
[9:10:28 AM] 📝 GET /api/bookings
[9:10:31 AM] 📝 GET /api/admin/dashboard/statistics
[9:10:32 AM] 📝 GET /api/admin/bookings
[9:10:50 AM] 📝 PUT /api/admin/bookings/6a0ecc02ed025f779993f259/status
[9:10:51 AM] 📝 GET /api/admin/bookings
[9:11:23 AM] 📝 GET /api/display/room/69490a065e1a04f70b859ca9
[9:12:23 AM] 📝 GET /api/display/room/69490a065e1a04f70b859ca9
[9:13:23 AM] 📝 GET /api/display/room/69490a065e1a04f70b859ca9
[9:13:34 AM] 📝 GET /api/rooms
[9:14:23 AM] 📝 GET /api/display/room/69490a065e1a04f70b859ca9
[9:15:23 AM] 📝 GET /api/display/room/69490a065e1a04f70b859ca9
[9:16:24 AM] 📝 GET /api/display/room/69490a065e1a04f70b859ca9
[9:17:23 AM] 📝 GET /api/display/room/69490a065e1a04f70b859ca9
[9:18:23 AM] 📝 GET /api/display/room/69490a065e1a04f70b859ca9
[9:19:23 AM] 📝 GET /api/display/room/69490a065e1a04f70b859ca9
[9:19:27 AM] 📝 POST /api/auth/exchange-code
━━━━━━━━━━━━━━━━━━━━━━━━━━━━━━━━━━
🔐 UMS Exchange Code Request
   📥 Method: POST
   📥 IP: 110.78.175.148
   📥 Origin: https://nssv.nsm.go.th
   📥 Referer: https://nssv.nsm.go.th/napp/auth/callback?code=97fe6e1ff747a296a8b179c19b7e6058705c42c85941aa966346bc3beaa1b675
   📥 User-Agent: Mozilla/5.0 (Windows NT 10.0; Win64; x64) AppleWebKit/537.36 (KHTML, like Gecko) Chrome/148.0.0.0 Safari/537.36
   📥 Content-Type: application/json
   📥 Body Keys: [ 'code', 'projectCode' ]
   📥 code: 97fe6e1ff747a296a8b179c19b7e6058705c42c85941aa966346bc3beaa1b675
   📥 projectCode: MEETBOOKING
   🔄 Calling: POST https://nssv.nsm.go.th/ums/api/auth/exchange-code
   📤 UMS Status: 200
   📤 UMS Response: {
  "status": "success",
  "token": "eyJhbGciOiJIUzI1NiIsInR5cCI6IkpXVCJ9.eyJpZCI6IjY5OGMzMTMxZGNiYzM1ZDM0NmQ3NGY1NyIsInJvbGUiOiJhZG1pbiIsInVzZXJuYW1lIjoidGF5ZmFyMDEyIiwiaWF0IjoxNzc5MzU1MTY3LCJleHAiOjE3Nzk0NDE1Njd9.y3lE2X6I2Q4gzICp2Z1wRFpJAXrR2cjfmO1QM0-Vu78",
  "user": {
    "id": "698c3131dcbc35d346d74f57",
    "username": "tayfar012",
    "email": "tarata.khameam@gmail.com",
    "firstName": "ธราธาร์",
    "lastName": "คำเอี่ยม",
    "role": "admin",
    "phone": "0897034254"
  }
}
   🎯 Role: admin → admin
   ✅ Login success: ธราธาร์ คำเอี่ยม (admin)
━━━━━━━━━━━━━━━━━━━━━━━━━━━━━━━━━━
[9:19:28 AM] 📝 GET /api/rooms
[9:20:07 AM] 📝 GET /api/admin/dashboard/statistics
[9:20:15 AM] 📝 GET /api/admin/bookings
[9:20:23 AM] 📝 GET /api/display/room/69490a065e1a04f70b859ca9
[9:21:22 AM] 📝 DELETE /api/admin/bookings/6a0ec933ed025f779993f1fa
[9:21:23 AM] 📝 GET /api/display/room/69490a065e1a04f70b859ca9
[9:21:24 AM] 📝 GET /api/admin/bookings
[9:22:23 AM] 📝 GET /api/display/room/69490a065e1a04f70b859ca9
[9:23:23 AM] 📝 GET /api/display/room/69490a065e1a04f70b859ca9
[9:24:23 AM] 📝 GET /api/display/room/69490a065e1a04f70b859ca9
[9:25:23 AM] 📝 GET /api/display/room/69490a065e1a04f70b859ca9
[9:26:23 AM] 📝 GET /api/display/room/69490a065e1a04f70b859ca9
[9:27:23 AM] 📝 GET /api/display/room/69490a065e1a04f70b859ca9
[9:28:23 AM] 📝 GET /api/display/room/69490a065e1a04f70b859ca9
[9:29:23 AM] 📝 GET /api/display/room/69490a065e1a04f70b859ca9
[9:46:29 AM] 📝 GET /api/admin/bookings
[12:08:45 PM] 📝 POST /api/auth/exchange-code
━━━━━━━━━━━━━━━━━━━━━━━━━━━━━━━━━━
🔐 UMS Exchange Code Request
   📥 Method: POST
   📥 IP: 49.231.15.98
   📥 Origin: https://nssv.nsm.go.th
   📥 Referer: https://nssv.nsm.go.th/napp/auth/callback?code=63b268151c092d0e3845e49d7f75ab3bc40dc3ff8f942c9744596b2c88a622eb
   📥 User-Agent: Mozilla/5.0 (Windows NT 10.0; Win64; x64) AppleWebKit/537.36 (KHTML, like Gecko) Chrome/148.0.0.0 Safari/537.36
   📥 Content-Type: application/json
   📥 Body Keys: [ 'code', 'projectCode' ]
   📥 code: 63b268151c092d0e3845e49d7f75ab3bc40dc3ff8f942c9744596b2c88a622eb
   📥 projectCode: MEETBOOKING
   🔄 Calling: POST https://nssv.nsm.go.th/ums/api/auth/exchange-code
   📤 UMS Status: 200
   📤 UMS Response: {
  "status": "success",
  "token": "eyJhbGciOiJIUzI1NiIsInR5cCI6IkpXVCJ9.eyJpZCI6IjY5NmUyYTljYWUxMTg0OWFmYTdhNTM5ZCIsInJvbGUiOiJzdXBlcmFkbWluIiwidXNlcm5hbWUiOiJuYWlvb2IiLCJpYXQiOjE3NzkzNjUzMjUsImV4cCI6MTc3OTQ1MTcyNX0.KSA73BEM6Tp1F9YulBkggyuYVUG5B7h-B5JNPLnBhZY",
  "user": {
    "id": "696e2a9cae11849afa7a539d",
    "username": "naioob",
    "email": "naioob@gmail.com",
    "firstName": "ธนะรักษ์ oob",
    "lastName": "สุขสันต์",
    "role": "superadmin",
    "phone": "0931317150"
  }
}
   🎯 Role: superadmin → admin
   ✅ Login success: ธนะรักษ์ oob สุขสันต์ (admin)
━━━━━━━━━━━━━━━━━━━━━━━━━━━━━━━━━━
[12:08:46 PM] 📝 GET /api/rooms
[12:08:52 PM] 📝 GET /api/admin/dashboard/statistics
[12:08:54 PM] 📝 GET /api/admin/bookings
[12:11:48 PM] 📝 GET /api/bookings/my-bookings
[12:11:49 PM] 📝 GET /api/departments
[12:11:49 PM] 📝 GET /api/rooms
[12:12:01 PM] 📝 GET /api/admin/dashboard/statistics
[12:12:15 PM] 📝 GET /api/admin/bookings
[12:16:39 PM] 📝 GET /api/bookings/my-bookings
[12:16:40 PM] 📝 GET /api/departments
[12:16:40 PM] 📝 GET /api/rooms
[12:16:42 PM] 📝 GET /api/rooms
[12:16:42 PM] 📝 GET /api/departments
[12:17:19 PM] 📝 GET /api/bookings/my-bookings
[12:17:27 PM] 📝 GET /api/rooms
[12:17:27 PM] 📝 GET /api/departments
[12:17:29 PM] 📝 GET /api/departments
[12:17:29 PM] 📝 GET /api/rooms
[12:17:32 PM] 📝 GET /api/bookings/my-bookings

🔌 Received SIGINT. Shutting down gracefully...
✅ HTTP Server closed
✅ MongoDB connection closed
[dotenv@17.2.3] injecting env (7) from .env -- tip: 📡 add observability to secrets: https://dotenvx.com/ops
  ✓ Registered: POST /

╔═══════════════════════════════════════╗
║  🚀 Server Started Successfully!      ║
╠═══════════════════════════════════════╣
║  Port: 5000                           ║
║  Host: 0.0.0.0 (Public Access)        ║
║  Time: 5/21/2026, 12:22:33 PM     ║
║  JSON Limit: 10MB (Images Supported)  ║
╚═══════════════════════════════════════╝
  
✅ MongoDB Connected Successfully
[12:22:48 PM] 📝 GET /api/bookings/my-bookings
[12:22:49 PM] 📝 GET /api/rooms
[12:22:49 PM] 📝 GET /api/departments
[12:22:54 PM] 📝 GET /api/bookings
[12:23:03 PM] 📝 GET /api/admin/dashboard/statistics
[12:23:04 PM] 📝 GET /api/admin/bookings
[12:24:11 PM] 📝 GET /api/bookings
[12:24:24 PM] 📝 GET /api/admin/dashboard/statistics
[12:24:34 PM] 📝 GET /api/bookings/my-bookings
[12:24:36 PM] 📝 GET /api/rooms
[12:24:36 PM] 📝 GET /api/departments
[12:28:18 PM] 📝 GET /api/bookings/my-bookings
[12:28:20 PM] 📝 GET /api/departments
[12:28:20 PM] 📝 GET /api/rooms
[12:28:24 PM] 📝 GET /api/rooms
[12:28:24 PM] 📝 GET /api/departments
[12:28:30 PM] 📝 GET /api/rooms
[12:28:47 PM] 📝 GET /api/rooms/69609bbbaa301e5a9d0e57c0
[12:28:47 PM] 📝 GET /api/bookings
[12:36:40 PM] 📝 GET /api/bookings
[12:36:42 PM] 📝 GET /api/admin/dashboard/statistics
[12:36:44 PM] 📝 GET /api/admin/bookings
[12:38:33 PM] 📝 GET /api/display/rooms
[12:38:34 PM] 📝 GET /api/display/room/69490a065e1a04f70b859ca9
[12:38:34 PM] 📝 GET /api/display/config/69490a065e1a04f70b859ca9
[12:38:34 PM] 📝 GET /api/display/media/69490a065e1a04f70b859ca9
[12:38:35 PM] 📝 GET /api/display/uploads/69490a065e1a04f70b859ca9_1778836720904.png
[12:38:35 PM] 📝 GET /api/display/uploads/69490a065e1a04f70b859ca9_1778836721767.png
[12:38:35 PM] 📝 GET /api/display/uploads/69490a065e1a04f70b859ca9_1778836722246.png
[12:38:35 PM] 📝 GET /api/display/uploads/69490a065e1a04f70b859ca9_1778836721329.png
[12:38:48 PM] 📝 PUT /api/display/config/69490a065e1a04f70b859ca9
[12:38:48 PM] 📝 GET /api/display/rooms
[12:38:54 PM] 📝 PUT /api/display/config/69490a065e1a04f70b859ca9
[12:38:54 PM] 📝 GET /api/display/rooms
[12:39:02 PM] 📝 POST /api/auth/exchange-code
━━━━━━━━━━━━━━━━━━━━━━━━━━━━━━━━━━
🔐 UMS Exchange Code Request
   📥 Method: POST
   📥 IP: 2403:6200:8840:2c04:c17f:1c0:c06a:1f8d
   📥 Origin: https://nssv.nsm.go.th
   📥 Referer: https://nssv.nsm.go.th/napp/auth/callback?code=c38e2a69d60680f517e9d3b975ce30bd6ec161f993696c4bb9f8eaf08d97e84e
   📥 User-Agent: Mozilla/5.0 (Windows NT 10.0; Win64; x64) AppleWebKit/537.36 (KHTML, like Gecko) Chrome/148.0.0.0 Safari/537.36
   📥 Content-Type: application/json
   📥 Body Keys: [ 'code', 'projectCode' ]
   📥 code: c38e2a69d60680f517e9d3b975ce30bd6ec161f993696c4bb9f8eaf08d97e84e
   📥 projectCode: MEETBOOKING
   🔄 Calling: POST https://nssv.nsm.go.th/ums/api/auth/exchange-code
   📤 UMS Status: 200
   📤 UMS Response: {
  "status": "success",
  "token": "eyJhbGciOiJIUzI1NiIsInR5cCI6IkpXVCJ9.eyJpZCI6IjY5OGMzMTMxZGNiYzM1ZDM0NmQ3NGY1NyIsInJvbGUiOiJhZG1pbiIsInVzZXJuYW1lIjoidGF5ZmFyMDEyIiwiaWF0IjoxNzc5MzY3MTQyLCJleHAiOjE3Nzk0NTM1NDJ9.ehRETR3XbUE2cycVmOutZBrahtJK89shoPS7zB6017Y",
  "user": {
    "id": "698c3131dcbc35d346d74f57",
    "username": "tayfar012",
    "email": "tarata.khameam@gmail.com",
    "firstName": "ธราธาร์",
    "lastName": "คำเอี่ยม",
    "role": "admin",
    "phone": "0897034254"
  }
}
   🎯 Role: admin → admin
   ✅ Login success: ธราธาร์ คำเอี่ยม (admin)
━━━━━━━━━━━━━━━━━━━━━━━━━━━━━━━━━━
[12:39:03 PM] 📝 GET /api/rooms
[12:39:07 PM] 📝 GET /api/bookings/my-bookings
[12:39:10 PM] 📝 GET /api/departments
[12:39:10 PM] 📝 GET /api/rooms
[12:39:19 PM] 📝 GET /api/admin/dashboard/statistics
[12:39:20 PM] 📝 GET /api/display/rooms
[12:39:21 PM] 📝 GET /api/display/media/69490a065e1a04f70b859ca9
[12:39:21 PM] 📝 GET /api/display/room/69490a065e1a04f70b859ca9
[12:39:21 PM] 📝 GET /api/display/config/69490a065e1a04f70b859ca9
[12:39:21 PM] 📝 GET /api/display/uploads/69490a065e1a04f70b859ca9_1778836722246.png
[12:39:21 PM] 📝 GET /api/display/uploads/69490a065e1a04f70b859ca9_1778836721329.png
[12:39:21 PM] 📝 GET /api/display/uploads/69490a065e1a04f70b859ca9_1778836721767.png
[12:39:21 PM] 📝 GET /api/display/uploads/69490a065e1a04f70b859ca9_1778836720904.png
[12:41:38 PM] 📝 PUT /api/display/config/69490a065e1a04f70b859ca9
[12:41:38 PM] 📝 GET /api/display/rooms
[12:42:27 PM] 📝 GET /api/bookings/my-bookings
[12:42:28 PM] 📝 GET /api/admin/dashboard/statistics
[12:42:30 PM] 📝 GET /api/admin/bookings
[12:42:55 PM] 📝 GET /api/rooms
[12:43:00 PM] 📝 GET /api/display/rooms
[12:43:01 PM] 📝 GET /api/display/room/69490a065e1a04f70b859caa
[12:43:01 PM] 📝 GET /api/display/config/69490a065e1a04f70b859caa
[12:43:01 PM] 📝 GET /api/display/media/69490a065e1a04f70b859caa
[12:43:01 PM] 📝 GET /api/display/uploads/69490a065e1a04f70b859caa_1778836967898.png
[12:43:01 PM] 📝 GET /api/display/uploads/69490a065e1a04f70b859caa_1778836967381.png
[12:43:01 PM] 📝 GET /api/display/uploads/69490a065e1a04f70b859caa_1778836968444.png
[12:43:01 PM] 📝 GET /api/display/uploads/69490a065e1a04f70b859caa_1778836968895.png
[12:43:16 PM] 📝 GET /api/rooms
[12:43:18 PM] 📝 GET /api/bookings/my-bookings
[12:43:19 PM] 📝 GET /api/rooms
[12:43:19 PM] 📝 GET /api/departments
[12:43:24 PM] 📝 GET /api/bookings
[12:43:26 PM] 📝 GET /api/rooms/69490a065e1a04f70b859cab
[12:43:26 PM] 📝 GET /api/bookings
[12:44:01 PM] 📝 GET /api/bookings
[12:44:05 PM] 📝 GET /api/rooms
[12:44:18 PM] 📝 GET /api/bookings/my-bookings
[12:44:19 PM] 📝 GET /api/bookings
[12:44:22 PM] 📝 GET /api/admin/dashboard/statistics
[12:44:27 PM] 📝 GET /api/display/rooms
[12:44:28 PM] 📝 GET /api/display/room/69490a065e1a04f70b859cab
[12:44:28 PM] 📝 GET /api/display/config/69490a065e1a04f70b859cab
[12:44:28 PM] 📝 GET /api/display/media/69490a065e1a04f70b859cab
[12:44:28 PM] 📝 GET /api/display/uploads/69490a065e1a04f70b859cab_1778837066488.png
[12:44:28 PM] 📝 GET /api/display/uploads/69490a065e1a04f70b859cab_1778837067368.png
[12:44:28 PM] 📝 GET /api/display/uploads/69490a065e1a04f70b859cab_1778837066057.png
[12:44:28 PM] 📝 GET /api/display/uploads/69490a065e1a04f70b859cab_1778837066914.png
[12:44:41 PM] 📝 GET /api/rooms
[12:44:42 PM] 📝 GET /api/bookings
[12:45:07 PM] 📝 GET /api/admin/dashboard/statistics
[12:45:09 PM] 📝 GET /api/admin/stats/department-usage
[12:45:09 PM] 📝 GET /api/admin/stats/bookings-trend
[12:45:09 PM] 📝 GET /api/admin/stats/monthly-stats
[12:45:09 PM] 📝 GET /api/admin/stats/popular-rooms
[12:45:10 PM] 📝 GET /api/rooms
[12:45:11 PM] 📝 GET /api/admin/bookings
[12:45:18 PM] 📝 GET /api/bookings
[12:45:26 PM] 📝 GET /api/admin/dashboard/statistics
[12:45:29 PM] 📝 GET /api/admin/bookings
[12:45:37 PM] 📝 GET /api/bookings
[12:46:05 PM] 📝 GET /api/admin/dashboard/statistics
[12:46:07 PM] 📝 GET /api/display/rooms
[12:46:08 PM] 📝 GET /api/display/config/69490a065e1a04f70b859ca9
[12:46:08 PM] 📝 GET /api/display/room/69490a065e1a04f70b859ca9
[12:46:08 PM] 📝 GET /api/display/media/69490a065e1a04f70b859ca9
[12:46:51 PM] 📝 GET /api/display/media/69490a065e1a04f70b859caa
[12:46:51 PM] 📝 GET /api/display/room/69490a065e1a04f70b859caa
[12:46:51 PM] 📝 GET /api/display/config/69490a065e1a04f70b859caa
[12:46:51 PM] 📝 GET /api/display/uploads/69490a065e1a04f70b859caa_1778836968895.png
[12:46:51 PM] 📝 GET /api/display/uploads/69490a065e1a04f70b859caa_1778836967381.png
[12:46:51 PM] 📝 GET /api/display/uploads/69490a065e1a04f70b859caa_1778836967898.png
[12:46:51 PM] 📝 GET /api/display/uploads/69490a065e1a04f70b859caa_1778836968444.png
[12:47:03 PM] 📝 GET /api/display/room/69490a065e1a04f70b859cab
[12:47:03 PM] 📝 GET /api/display/config/69490a065e1a04f70b859cab
[12:47:03 PM] 📝 GET /api/display/media/69490a065e1a04f70b859cab
[12:47:03 PM] 📝 GET /api/display/uploads/69490a065e1a04f70b859cab_1778837067368.png
[12:47:03 PM] 📝 GET /api/display/uploads/69490a065e1a04f70b859cab_1778837066057.png
[12:47:03 PM] 📝 GET /api/display/uploads/69490a065e1a04f70b859cab_1778837066914.png
[12:47:03 PM] 📝 GET /api/display/uploads/69490a065e1a04f70b859cab_1778837066488.png
[12:48:06 PM] 📝 GET /api/admin/dashboard/statistics
[12:48:07 PM] 📝 GET /api/admin/bookings
[12:48:10 PM] 📝 GET /api/bookings
[12:48:46 PM] 📝 GET /api/admin/dashboard/statistics
[12:48:47 PM] 📝 GET /api/display/rooms
[12:48:48 PM] 📝 GET /api/display/config/69490a065e1a04f70b859ca9
[12:48:48 PM] 📝 GET /api/display/room/69490a065e1a04f70b859ca9
[12:48:48 PM] 📝 GET /api/display/media/69490a065e1a04f70b859ca9
[12:49:34 PM] 📝 GET /api/admin/dashboard/statistics
[12:49:36 PM] 📝 GET /api/display/rooms
[12:49:37 PM] 📝 GET /api/display/config/69490a065e1a04f70b859ca9
[12:49:37 PM] 📝 GET /api/display/room/69490a065e1a04f70b859ca9
[12:49:37 PM] 📝 GET /api/display/media/69490a065e1a04f70b859ca9
[12:51:42 PM] 📝 PUT /api/display/config/69490a065e1a04f70b859ca9
[12:51:42 PM] 📝 GET /api/display/rooms
[12:51:43 PM] 📝 GET /api/display/config/69490a065e1a04f70b859caa
[12:51:43 PM] 📝 GET /api/display/room/69490a065e1a04f70b859caa
[12:51:43 PM] 📝 GET /api/display/media/69490a065e1a04f70b859caa
[12:52:26 PM] 📝 PUT /api/display/config/69490a065e1a04f70b859caa
[12:52:26 PM] 📝 GET /api/display/rooms
[12:52:30 PM] 📝 GET /api/display/room/69490a065e1a04f70b859ca9
[12:52:30 PM] 📝 GET /api/display/config/69490a065e1a04f70b859ca9
[12:52:30 PM] 📝 GET /api/display/media/69490a065e1a04f70b859ca9
[12:52:32 PM] 📝 GET /api/display/media/69490a065e1a04f70b859caa
[12:52:32 PM] 📝 GET /api/display/config/69490a065e1a04f70b859caa
[12:52:32 PM] 📝 GET /api/display/room/69490a065e1a04f70b859caa
[12:52:33 PM] 📝 GET /api/display/room/69490a065e1a04f70b859ca9
[12:52:33 PM] 📝 GET /api/display/config/69490a065e1a04f70b859ca9
[12:52:33 PM] 📝 GET /api/display/media/69490a065e1a04f70b859ca9
[12:52:38 PM] 📝 PUT /api/display/config/69490a065e1a04f70b859ca9
[12:52:38 PM] 📝 GET /api/display/rooms
[12:52:39 PM] 📝 GET /api/display/config/69490a065e1a04f70b859caa
[12:52:39 PM] 📝 GET /api/display/room/69490a065e1a04f70b859caa
[12:52:39 PM] 📝 GET /api/display/media/69490a065e1a04f70b859caa
[12:52:45 PM] 📝 PUT /api/display/config/69490a065e1a04f70b859caa
[12:52:45 PM] 📝 GET /api/display/rooms
[12:56:06 PM] 📝 PUT /api/display/config/69490a065e1a04f70b859caa
[12:56:06 PM] 📝 GET /api/display/rooms
[12:56:07 PM] 📝 GET /api/display/room/69490a065e1a04f70b859cab
[12:56:07 PM] 📝 GET /api/display/config/69490a065e1a04f70b859cab
[12:56:07 PM] 📝 GET /api/display/media/69490a065e1a04f70b859cab
[12:56:30 PM] 📝 PUT /api/display/config/69490a065e1a04f70b859cab
[12:56:30 PM] 📝 GET /api/display/rooms
[12:56:34 PM] 📝 GET /api/display/room/69609bbbaa301e5a9d0e57c0
[12:56:34 PM] 📝 GET /api/display/config/69609bbbaa301e5a9d0e57c0
[12:56:34 PM] 📝 GET /api/display/media/69609bbbaa301e5a9d0e57c0
[12:56:34 PM] 📝 GET /api/display/uploads/69609bbbaa301e5a9d0e57c0_1779014504831.jpg
[12:56:39 PM] 📝 GET /api/display/media/696f36019adeec8a6063cb8c
[12:56:39 PM] 📝 GET /api/display/room/696f36019adeec8a6063cb8c
[12:56:39 PM] 📝 GET /api/display/config/696f36019adeec8a6063cb8c
[12:56:39 PM] 📝 GET /api/display/uploads/696f36019adeec8a6063cb8c_1778837163242.png
[12:56:39 PM] 📝 GET /api/display/uploads/696f36019adeec8a6063cb8c_1778837163809.png
[12:56:39 PM] 📝 GET /api/display/uploads/696f36019adeec8a6063cb8c_1778837164258.png
[12:56:39 PM] 📝 GET /api/display/uploads/696f36019adeec8a6063cb8c_1778837162683.png
[12:57:13 PM] 📝 PUT /api/display/config/696f36019adeec8a6063cb8c
[12:57:13 PM] 📝 GET /api/display/rooms
[12:57:15 PM] 📝 GET /api/display/config/69490a065e1a04f70b859cab
[12:57:15 PM] 📝 GET /api/display/media/69490a065e1a04f70b859cab
[12:57:15 PM] 📝 GET /api/display/room/69490a065e1a04f70b859cab
[1:45:55 AM] 📝 GET /api/auth/me
[2:00:37 AM] 📝 GET /api/rooms
[2:00:40 AM] 📝 GET /api/admin/dashboard/statistics
[2:00:43 AM] 📝 POST /api/auth/login
[2:00:47 AM] 📝 POST /api/auth/exchange-code
━━━━━━━━━━━━━━━━━━━━━━━━━━━━━━━━━━
🔐 UMS Exchange Code Request
   📥 Method: POST
   📥 IP: 110.77.201.96
   📥 Origin: https://nssv.nsm.go.th
   📥 Referer: https://nssv.nsm.go.th/napp/auth/callback?code=9170deaea841c6f7f1e02a840713c066d935ddf747ff7149712d77c3e09b1533
   📥 User-Agent: Mozilla/5.0 (Windows NT 10.0; Win64; x64) AppleWebKit/537.36 (KHTML, like Gecko) Chrome/148.0.0.0 Safari/537.36
   📥 Content-Type: application/json
   📥 Body Keys: [ 'code', 'projectCode' ]
   📥 code: 9170deaea841c6f7f1e02a840713c066d935ddf747ff7149712d77c3e09b1533
   📥 projectCode: MEETBOOKING
   🔄 Calling: POST https://nssv.nsm.go.th/ums/api/auth/exchange-code
   📤 UMS Status: 200
   📤 UMS Response: {
  "status": "success",
  "token": "eyJhbGciOiJIUzI1NiIsInR5cCI6IkpXVCJ9.eyJpZCI6IjY5OGMzMTMxZGNiYzM1ZDM0NmQ3NGY1NyIsInJvbGUiOiJhZG1pbiIsInVzZXJuYW1lIjoidGF5ZmFyMDEyIiwiaWF0IjoxNzc5NDE1MjQ4LCJleHAiOjE3Nzk1MDE2NDh9.32pqPuPQD38HuPH3PCVOAkTdaL7hi-yk-JNtToExXqU",
  "user": {
    "id": "698c3131dcbc35d346d74f57",
    "username": "tayfar012",
    "email": "tarata.khameam@gmail.com",
    "firstName": "ธราธาร์",
    "lastName": "คำเอี่ยม",
    "role": "admin",
    "phone": "0897034254"
  }
}
   🎯 Role: admin → admin
   ✅ Login success: ธราธาร์ คำเอี่ยม (admin)
━━━━━━━━━━━━━━━━━━━━━━━━━━━━━━━━━━
[2:00:48 AM] 📝 GET /api/rooms
[2:00:59 AM] 📝 GET /api/admin/dashboard/statistics
[2:01:02 AM] 📝 GET /api/display/rooms
[2:01:03 AM] 📝 GET /api/display/config/69490a065e1a04f70b859ca9
[2:01:03 AM] 📝 GET /api/display/media/69490a065e1a04f70b859ca9
[2:01:03 AM] 📝 GET /api/display/room/69490a065e1a04f70b859ca9
[2:01:03 AM] 📝 GET /api/display/uploads/69490a065e1a04f70b859ca9_1778836721329.png
[2:01:03 AM] 📝 GET /api/display/uploads/69490a065e1a04f70b859ca9_1778836720904.png
[2:01:03 AM] 📝 GET /api/display/uploads/69490a065e1a04f70b859ca9_1778836721767.png
[2:01:03 AM] 📝 GET /api/display/uploads/69490a065e1a04f70b859ca9_1778836722246.png
[2:01:05 AM] 📝 GET /api/display/room/69490a065e1a04f70b859caa
[2:01:05 AM] 📝 GET /api/display/config/69490a065e1a04f70b859caa
[2:01:05 AM] 📝 GET /api/display/media/69490a065e1a04f70b859caa
[2:01:05 AM] 📝 GET /api/display/uploads/69490a065e1a04f70b859caa_1778836967381.png
[2:01:05 AM] 📝 GET /api/display/uploads/69490a065e1a04f70b859caa_1778836967898.png
[2:01:05 AM] 📝 GET /api/display/uploads/69490a065e1a04f70b859caa_1778836968444.png
[2:01:05 AM] 📝 GET /api/display/uploads/69490a065e1a04f70b859caa_1778836968895.png
[2:01:06 AM] 📝 GET /api/display/room/69490a065e1a04f70b859ca9
[2:01:06 AM] 📝 GET /api/display/media/69490a065e1a04f70b859ca9
[2:01:06 AM] 📝 GET /api/display/config/69490a065e1a04f70b859ca9
[2:01:15 AM] 📝 GET /api/display/config/69490a065e1a04f70b859cab
[2:01:15 AM] 📝 GET /api/display/room/69490a065e1a04f70b859cab
[2:01:15 AM] 📝 GET /api/display/media/69490a065e1a04f70b859cab
[2:01:15 AM] 📝 GET /api/display/uploads/69490a065e1a04f70b859cab_1778837067368.png
[2:01:15 AM] 📝 GET /api/display/uploads/69490a065e1a04f70b859cab_1778837066488.png
[2:01:15 AM] 📝 GET /api/display/uploads/69490a065e1a04f70b859cab_1778837066057.png
[2:01:15 AM] 📝 GET /api/display/uploads/69490a065e1a04f70b859cab_1778837066914.png
[2:01:32 AM] 📝 PUT /api/display/config/69490a065e1a04f70b859cab
[2:01:32 AM] 📝 GET /api/display/rooms
[2:01:44 AM] 📝 PUT /api/display/config/69490a065e1a04f70b859cab
[2:01:44 AM] 📝 GET /api/display/rooms
[2:01:45 AM] 📝 GET /api/display/room/69490a065e1a04f70b859caa
[2:01:45 AM] 📝 GET /api/display/config/69490a065e1a04f70b859caa
[2:01:45 AM] 📝 GET /api/display/media/69490a065e1a04f70b859caa
[2:01:46 AM] 📝 GET /api/display/room/69490a065e1a04f70b859cab
[2:01:46 AM] 📝 GET /api/display/config/69490a065e1a04f70b859cab
[2:01:46 AM] 📝 GET /api/display/media/69490a065e1a04f70b859cab
[2:01:53 AM] 📝 PUT /api/display/config/69490a065e1a04f70b859cab
[2:01:53 AM] 📝 GET /api/display/rooms
[2:01:54 AM] 📝 GET /api/display/room/69490a065e1a04f70b859caa
[2:01:54 AM] 📝 GET /api/display/config/69490a065e1a04f70b859caa
[2:01:54 AM] 📝 GET /api/display/media/69490a065e1a04f70b859caa
[2:01:55 AM] 📝 GET /api/display/room/69490a065e1a04f70b859cab
[2:01:55 AM] 📝 GET /api/display/media/69490a065e1a04f70b859cab
[2:01:55 AM] 📝 GET /api/display/config/69490a065e1a04f70b859cab
[2:02:00 AM] 📝 PUT /api/display/config/69490a065e1a04f70b859cab
[2:02:00 AM] 📝 GET /api/display/rooms
[2:02:10 AM] 📝 GET /api/display/config/69490a065e1a04f70b859caa
[2:02:10 AM] 📝 GET /api/display/room/69490a065e1a04f70b859caa
[2:02:10 AM] 📝 GET /api/display/media/69490a065e1a04f70b859caa
[2:02:10 AM] 📝 GET /api/display/config/69490a065e1a04f70b859cab
[2:02:10 AM] 📝 GET /api/display/room/69490a065e1a04f70b859cab
[2:02:10 AM] 📝 GET /api/display/media/69490a065e1a04f70b859cab
[2:02:16 AM] 📝 PUT /api/display/config/69490a065e1a04f70b859cab
[2:02:16 AM] 📝 GET /api/display/rooms
[2:02:16 AM] 📝 PUT /api/display/config/69490a065e1a04f70b859cab
[2:02:17 AM] 📝 GET /api/display/rooms
[2:02:25 AM] 📝 GET /api/display/room/69490a065e1a04f70b859cab
[2:02:29 AM] 📝 PUT /api/display/config/69490a065e1a04f70b859cab
[2:02:29 AM] 📝 GET /api/display/rooms
[2:02:30 AM] 📝 GET /api/display/media/69490a065e1a04f70b859caa
[2:02:30 AM] 📝 GET /api/display/room/69490a065e1a04f70b859caa
[2:02:30 AM] 📝 GET /api/display/config/69490a065e1a04f70b859caa
[2:02:30 AM] 📝 GET /api/display/room/69490a065e1a04f70b859cab
[2:02:30 AM] 📝 GET /api/display/config/69490a065e1a04f70b859cab
[2:02:30 AM] 📝 GET /api/display/media/69490a065e1a04f70b859cab
[2:02:31 AM] 📝 GET /api/display/room/69490a065e1a04f70b859cab
[2:02:45 AM] 📝 PUT /api/display/config/69490a065e1a04f70b859cab
[2:02:46 AM] 📝 GET /api/display/rooms
[2:02:48 AM] 📝 GET /api/display/room/69490a065e1a04f70b859cab
[2:14:24 AM] 📝 GET /api/rooms
[2:14:28 AM] 📝 GET /api/admin/dashboard/statistics
[2:14:30 AM] 📝 GET /api/display/rooms
[2:14:32 AM] 📝 GET /api/display/room/69490a065e1a04f70b859caa
[2:14:32 AM] 📝 GET /api/display/media/69490a065e1a04f70b859caa
[2:14:32 AM] 📝 GET /api/display/config/69490a065e1a04f70b859caa
[2:16:14 AM] 📝 GET /api/display/room/69490a065e1a04f70b859ca9
[2:16:14 AM] 📝 GET /api/display/media/69490a065e1a04f70b859ca9
[2:16:14 AM] 📝 GET /api/display/config/69490a065e1a04f70b859ca9
[2:16:20 AM] 📝 GET /api/display/config/696f36019adeec8a6063cb8c
[2:16:20 AM] 📝 GET /api/display/media/696f36019adeec8a6063cb8c
[2:16:20 AM] 📝 GET /api/display/room/696f36019adeec8a6063cb8c
[2:16:20 AM] 📝 GET /api/display/uploads/696f36019adeec8a6063cb8c_1778837162683.png
[2:16:20 AM] 📝 GET /api/display/uploads/696f36019adeec8a6063cb8c_1778837163242.png
[2:16:20 AM] 📝 GET /api/display/uploads/696f36019adeec8a6063cb8c_1778837163809.png
[2:16:20 AM] 📝 GET /api/display/uploads/696f36019adeec8a6063cb8c_1778837164258.png
[2:16:31 AM] 📝 GET /api/display/media/69609bbbaa301e5a9d0e57c0
[2:16:31 AM] 📝 GET /api/display/room/69609bbbaa301e5a9d0e57c0
[2:16:31 AM] 📝 GET /api/display/config/69609bbbaa301e5a9d0e57c0
[2:16:31 AM] 📝 GET /api/display/uploads/69609bbbaa301e5a9d0e57c0_1779014504831.jpg
[2:16:45 AM] 📝 GET /api/display/room/69490a065e1a04f70b859cab
[2:16:45 AM] 📝 GET /api/display/config/69490a065e1a04f70b859cab
[2:16:45 AM] 📝 GET /api/display/media/69490a065e1a04f70b859cab
[2:25:26 AM] 📝 GET /api/rooms
[2:25:27 AM] 📝 GET /api/bookings
[2:25:38 AM] 📝 POST /api/auth/exchange-code
━━━━━━━━━━━━━━━━━━━━━━━━━━━━━━━━━━
🔐 UMS Exchange Code Request
   📥 Method: POST
   📥 IP: 110.77.201.96
   📥 Origin: https://nssv.nsm.go.th
   📥 Referer: https://nssv.nsm.go.th/napp/auth/callback?code=54827ebeb167bfa7796ee46f458d2eb9a022074bf2a62cdd88db345970fd545d
   📥 User-Agent: Mozilla/5.0 (Windows NT 10.0; Win64; x64) AppleWebKit/537.36 (KHTML, like Gecko) Chrome/148.0.0.0 Safari/537.36 Edg/148.0.0.0
   📥 Content-Type: application/json
   📥 Body Keys: [ 'code', 'projectCode' ]
   📥 code: 54827ebeb167bfa7796ee46f458d2eb9a022074bf2a62cdd88db345970fd545d
   📥 projectCode: MEETBOOKING
   🔄 Calling: POST https://nssv.nsm.go.th/ums/api/auth/exchange-code
   📤 UMS Status: 200
   📤 UMS Response: {
  "status": "success",
  "token": "eyJhbGciOiJIUzI1NiIsInR5cCI6IkpXVCJ9.eyJpZCI6IjZhMGViYmQ3YWVmNmE2MDJkNWRhMGI2NyIsInJvbGUiOiJtZW1iZXIiLCJ1c2VybmFtZSI6ImxpbmNvbG56YTAxIiwiaWF0IjoxNzc5NDE2NzM4LCJleHAiOjE3Nzk1MDMxMzh9.ruTz5CIJ0Z6jYsgAn88e55Wwxyx8yKFVH7QcktyVW3I",
  "user": {
    "id": "6a0ebbd7aef6a602d5da0b67",
    "username": "lincolnza01",
    "email": "lincolnza1124@gmail.com",
    "firstName": "watanyou",
    "lastName": "seedabut",
    "role": "member",
    "phone": "0869379339"
  }
}
   🎯 Role: member → user
   ✅ Login success: watanyou seedabut (user)
━━━━━━━━━━━━━━━━━━━━━━━━━━━━━━━━━━
[2:25:39 AM] 📝 GET /api/rooms
[2:25:40 AM] 📝 GET /api/bookings
[2:25:45 AM] 📝 GET /api/rooms
[2:25:46 AM] 📝 GET /api/bookings/my-bookings
[2:25:48 AM] 📝 GET /api/departments
[2:25:48 AM] 📝 GET /api/rooms
[2:25:48 AM] 📝 GET /api/bookings/6a0ec366ed025f779993f136
[2:25:48 AM] 📝 GET /api/bookings
[3:28:18 AM] 📝 POST /api/auth/login
[3:28:25 AM] 📝 POST /api/auth/login
[3:28:25 AM] 📝 GET /api/rooms
[3:28:28 AM] 📝 GET /api/bookings/my-bookings
[3:58:45 AM] 📝 POST /api/auth/exchange-code
━━━━━━━━━━━━━━━━━━━━━━━━━━━━━━━━━━
🔐 UMS Exchange Code Request
   📥 Method: POST
   📥 IP: 110.77.201.96
   📥 Origin: https://nssv.nsm.go.th
   📥 Referer: https://nssv.nsm.go.th/napp/auth/callback?code=7aa34abb27fe0ff315897e34fc75756f9d8f3cae949e72e328aaa76c64ee939f
   📥 User-Agent: Mozilla/5.0 (Windows NT 10.0; Win64; x64) AppleWebKit/537.36 (KHTML, like Gecko) Chrome/148.0.0.0 Safari/537.36
   📥 Content-Type: application/json
   📥 Body Keys: [ 'code', 'projectCode' ]
   📥 code: 7aa34abb27fe0ff315897e34fc75756f9d8f3cae949e72e328aaa76c64ee939f
   📥 projectCode: MEETBOOKING
   🔄 Calling: POST https://nssv.nsm.go.th/ums/api/auth/exchange-code
   📤 UMS Status: 200
   📤 UMS Response: {
  "status": "success",
  "token": "eyJhbGciOiJIUzI1NiIsInR5cCI6IkpXVCJ9.eyJpZCI6IjY5NmUyYTljYWUxMTg0OWFmYTdhNTM5ZCIsInJvbGUiOiJzdXBlcmFkbWluIiwidXNlcm5hbWUiOiJuYWlvb2IiLCJpYXQiOjE3Nzk0MjIzMjUsImV4cCI6MTc3OTUwODcyNX0.9Tg9dF7MfKZpjVcPz2OoEIug8pvx-PS_no6ojAYMz2M",
  "user": {
    "id": "696e2a9cae11849afa7a539d",
    "username": "naioob",
    "email": "naioob@gmail.com",
    "firstName": "ธนะรักษ์ oob",
    "lastName": "สุขสันต์",
    "role": "superadmin",
    "phone": "0931317150"
  }
}
   🎯 Role: superadmin → admin
   ✅ Login success: ธนะรักษ์ oob สุขสันต์ (admin)
━━━━━━━━━━━━━━━━━━━━━━━━━━━━━━━━━━
[3:58:46 AM] 📝 GET /api/rooms
[3:58:48 AM] 📝 GET /api/admin/dashboard/statistics
[3:58:48 AM] 📝 GET /api/display/rooms
[3:58:50 AM] 📝 GET /api/display/room/69490a065e1a04f70b859ca9
[3:58:50 AM] 📝 GET /api/display/media/69490a065e1a04f70b859ca9
[3:58:50 AM] 📝 GET /api/display/config/69490a065e1a04f70b859ca9
[3:58:51 AM] 📝 GET /api/display/uploads/69490a065e1a04f70b859ca9_1778836721767.png
[3:58:51 AM] 📝 GET /api/display/uploads/69490a065e1a04f70b859ca9_1778836721329.png
[3:58:51 AM] 📝 GET /api/display/uploads/69490a065e1a04f70b859ca9_1778836720904.png
[3:58:51 AM] 📝 GET /api/display/uploads/69490a065e1a04f70b859ca9_1778836722246.png
[3:58:52 AM] 📝 GET /api/display/config/69490a065e1a04f70b859caa
[3:58:52 AM] 📝 GET /api/display/room/69490a065e1a04f70b859caa
[3:58:52 AM] 📝 GET /api/display/media/69490a065e1a04f70b859caa
[3:58:53 AM] 📝 GET /api/display/uploads/69490a065e1a04f70b859caa_1778836968444.png
[3:58:53 AM] 📝 GET /api/display/uploads/69490a065e1a04f70b859caa_1778836968895.png
[3:58:53 AM] 📝 GET /api/display/uploads/69490a065e1a04f70b859caa_1778836967898.png
[3:58:53 AM] 📝 GET /api/display/uploads/69490a065e1a04f70b859caa_1778836967381.png
[3:58:53 AM] 📝 GET /api/display/room/69490a065e1a04f70b859cab
[3:58:53 AM] 📝 GET /api/display/media/69490a065e1a04f70b859cab
[3:58:53 AM] 📝 GET /api/display/config/69490a065e1a04f70b859cab
[3:58:53 AM] 📝 GET /api/display/uploads/69490a065e1a04f70b859cab_1778837066057.png
[3:58:53 AM] 📝 GET /api/display/uploads/69490a065e1a04f70b859cab_1778837067368.png
[3:58:53 AM] 📝 GET /api/display/uploads/69490a065e1a04f70b859cab_1778837066488.png
[3:58:53 AM] 📝 GET /api/display/uploads/69490a065e1a04f70b859cab_1778837066914.png
[3:59:07 AM] 📝 PUT /api/display/config/69490a065e1a04f70b859cab
[3:59:07 AM] 📝 GET /api/display/rooms
[3:59:08 AM] 📝 GET /api/display/media/69490a065e1a04f70b859cab
[3:59:08 AM] 📝 GET /api/display/room/69490a065e1a04f70b859cab
[3:59:08 AM] 📝 GET /api/display/config/69490a065e1a04f70b859cab
[3:59:11 AM] 📝 PUT /api/display/config/69490a065e1a04f70b859cab
[3:59:11 AM] 📝 GET /api/display/rooms
[3:59:11 AM] 📝 PUT /api/display/config/69490a065e1a04f70b859cab
[3:59:11 AM] 📝 GET /api/display/rooms

🔌 Received SIGINT. Shutting down gracefully...
✅ HTTP Server closed
✅ MongoDB connection closed
[dotenv@17.2.3] injecting env (7) from .env -- tip: ⚙️  load multiple .env files with { path: ['.env.local', '.env'] }
  ✓ Registered: POST /

╔═══════════════════════════════════════╗
║  🚀 Server Started Successfully!      ║
╠═══════════════════════════════════════╣
║  Port: 5000                           ║
║  Host: 0.0.0.0 (Public Access)        ║
║  Time: 5/22/2026, 4:03:55 AM     ║
║  JSON Limit: 10MB (Images Supported)  ║
╚═══════════════════════════════════════╝
  
✅ MongoDB Connected Successfully
[4:04:36 AM] 📝 POST /api/auth/exchange-code
━━━━━━━━━━━━━━━━━━━━━━━━━━━━━━━━━━
🔐 UMS Exchange Code Request
   📥 Method: POST
   📥 IP: 110.77.201.96
   📥 Origin: https://nssv.nsm.go.th
   📥 Referer: https://nssv.nsm.go.th/napp/auth/callback?code=055c6a5b24fef17da0771980896785b4fbe28c8a5e63ab5b5929cd193a69a922
   📥 User-Agent: Mozilla/5.0 (Windows NT 10.0; Win64; x64) AppleWebKit/537.36 (KHTML, like Gecko) Chrome/148.0.0.0 Safari/537.36
   📥 Content-Type: application/json
   📥 Body Keys: [ 'code', 'projectCode' ]
   📥 code: 055c6a5b24fef17da0771980896785b4fbe28c8a5e63ab5b5929cd193a69a922
   📥 projectCode: MEETBOOKING
   🔄 Calling: POST https://nssv.nsm.go.th/ums/api/auth/exchange-code
   📤 UMS Status: 200
   📤 UMS Response: {
  "status": "success",
  "token": "eyJhbGciOiJIUzI1NiIsInR5cCI6IkpXVCJ9.eyJpZCI6IjY5NmUyYTljYWUxMTg0OWFmYTdhNTM5ZCIsInJvbGUiOiJzdXBlcmFkbWluIiwidXNlcm5hbWUiOiJuYWlvb2IiLCJpYXQiOjE3Nzk0MjI2NzcsImV4cCI6MTc3OTUwOTA3N30.6OMy2SemtxcEZxGukWkoyhiK-cUuTpjB05sZ7ge_RIQ",
  "user": {
    "id": "696e2a9cae11849afa7a539d",
    "username": "naioob",
    "email": "naioob@gmail.com",
    "firstName": "ธนะรักษ์ oob",
    "lastName": "สุขสันต์",
    "role": "superadmin",
    "phone": "0931317150"
  }
}
   🎯 Role: superadmin → admin
   ✅ Login success: ธนะรักษ์ oob สุขสันต์ (admin)
━━━━━━━━━━━━━━━━━━━━━━━━━━━━━━━━━━
[4:04:37 AM] 📝 GET /api/rooms
[4:04:38 AM] 📝 GET /api/admin/dashboard/statistics
[4:04:40 AM] 📝 GET /api/display/rooms
[4:04:41 AM] 📝 GET /api/display/room/69490a065e1a04f70b859caa
[4:04:41 AM] 📝 GET /api/display/config/69490a065e1a04f70b859caa
[4:04:41 AM] 📝 GET /api/display/media/69490a065e1a04f70b859caa
[4:04:42 AM] 📝 GET /api/display/room/69490a065e1a04f70b859caa
[4:04:42 AM] 📝 GET /api/display/config/69490a065e1a04f70b859caa
[4:04:42 AM] 📝 GET /api/display/media/69490a065e1a04f70b859caa
[4:04:42 AM] 📝 GET /api/display/media/69490a065e1a04f70b859cab
[4:04:42 AM] 📝 GET /api/display/config/69490a065e1a04f70b859cab
[4:04:42 AM] 📝 GET /api/display/room/69490a065e1a04f70b859cab
[4:04:42 AM] 📝 GET /api/display/config/69490a065e1a04f70b859cab
[4:04:42 AM] 📝 GET /api/display/media/69490a065e1a04f70b859cab
[4:04:42 AM] 📝 GET /api/display/room/69490a065e1a04f70b859cab
[4:04:50 AM] 📝 PUT /api/display/config/69490a065e1a04f70b859cab
[4:04:50 AM] 📝 GET /api/display/rooms
[4:04:52 AM] 📝 GET /api/display/config/69609bbbaa301e5a9d0e57c0
[4:04:52 AM] 📝 GET /api/display/media/69609bbbaa301e5a9d0e57c0
[4:04:52 AM] 📝 GET /api/display/room/69609bbbaa301e5a9d0e57c0
[4:04:52 AM] 📝 GET /api/display/media/69490a065e1a04f70b859cab
[4:04:52 AM] 📝 GET /api/display/config/69490a065e1a04f70b859cab
[4:04:52 AM] 📝 GET /api/display/room/69490a065e1a04f70b859cab
[4:04:52 AM] 📝 GET /api/display/uploads/69609bbbaa301e5a9d0e57c0_1779014504831.jpg
[4:04:53 AM] 📝 GET /api/display/room/69490a065e1a04f70b859cab
[4:04:53 AM] 📝 GET /api/display/config/69490a065e1a04f70b859cab
[4:04:53 AM] 📝 GET /api/display/media/69490a065e1a04f70b859cab
[4:04:55 AM] 📝 GET /api/display/config/69490a065e1a04f70b859caa
[4:04:55 AM] 📝 GET /api/display/media/69490a065e1a04f70b859caa
[4:04:55 AM] 📝 GET /api/display/room/69490a065e1a04f70b859caa
[4:04:56 AM] 📝 GET /api/display/config/69609bbbaa301e5a9d0e57c0
[4:04:56 AM] 📝 GET /api/display/room/69609bbbaa301e5a9d0e57c0
[4:04:56 AM] 📝 GET /api/display/media/69609bbbaa301e5a9d0e57c0
[4:05:17 AM] 📝 GET /api/display/room/69609bbbaa301e5a9d0e57c0
[4:24:04 AM] 📝 GET /api/display/room/69490a065e1a04f70b859caa
[4:24:04 AM] 📝 GET /api/display/room/69490a065e1a04f70b859caa
[4:24:04 AM] 📝 GET /api/display/uploads/69490a065e1a04f70b859caa_1778836967898.png
[11:35:02 AM] 📝 GET /api/bookings
[1:15:03 AM] 📝 GET /api/display/room/69490a065e1a04f70b859ca9
[1:15:03 AM] 📝 GET /api/display/uploads/69490a065e1a04f70b859ca9_1778836721767.png
[1:15:12 AM] 📝 GET /api/display/room/69490a065e1a04f70b859ca9
[1:15:22 AM] 📝 GET /api/display/room/69490a065e1a04f70b859ca9
[1:15:31 AM] 📝 GET /api/display/room/69490a065e1a04f70b859ca9
[1:15:42 AM] 📝 GET /api/display/room/69490a065e1a04f70b859ca9
[1:15:51 AM] 📝 GET /api/display/room/69490a065e1a04f70b859ca9
[1:16:02 AM] 📝 GET /api/display/room/69490a065e1a04f70b859ca9
[1:16:12 AM] 📝 GET /api/display/room/69490a065e1a04f70b859ca9
[1:16:22 AM] 📝 GET /api/display/room/69490a065e1a04f70b859ca9
[1:16:32 AM] 📝 GET /api/display/room/69490a065e1a04f70b859ca9
[1:16:42 AM] 📝 GET /api/display/room/69490a065e1a04f70b859ca9
[1:16:52 AM] 📝 GET /api/display/room/69490a065e1a04f70b859ca9
[1:17:02 AM] 📝 GET /api/display/room/69490a065e1a04f70b859ca9
[1:17:12 AM] 📝 GET /api/display/room/69490a065e1a04f70b859ca9
[1:17:22 AM] 📝 GET /api/display/room/69490a065e1a04f70b859ca9
[1:17:32 AM] 📝 GET /api/display/room/69490a065e1a04f70b859ca9
[1:17:42 AM] 📝 GET /api/display/room/69490a065e1a04f70b859ca9
[1:17:52 AM] 📝 GET /api/display/room/69490a065e1a04f70b859ca9
[1:18:02 AM] 📝 GET /api/display/room/69490a065e1a04f70b859ca9
[1:18:12 AM] 📝 GET /api/display/room/69490a065e1a04f70b859ca9
[1:18:22 AM] 📝 GET /api/display/room/69490a065e1a04f70b859ca9
[1:18:32 AM] 📝 GET /api/display/room/69490a065e1a04f70b859ca9
[1:18:43 AM] 📝 GET /api/display/room/69490a065e1a04f70b859ca9
[1:18:52 AM] 📝 GET /api/display/room/69490a065e1a04f70b859ca9
[1:19:02 AM] 📝 GET /api/display/room/69490a065e1a04f70b859ca9
[1:19:12 AM] 📝 GET /api/display/room/69490a065e1a04f70b859ca9
[1:19:22 AM] 📝 GET /api/display/room/69490a065e1a04f70b859ca9
[1:19:32 AM] 📝 GET /api/display/room/69490a065e1a04f70b859ca9
[1:19:42 AM] 📝 GET /api/display/room/69490a065e1a04f70b859ca9
[1:19:52 AM] 📝 GET /api/display/room/69490a065e1a04f70b859ca9
[1:20:03 AM] 📝 GET /api/display/room/69490a065e1a04f70b859ca9
[1:20:13 AM] 📝 GET /api/display/room/69490a065e1a04f70b859ca9
[1:20:23 AM] 📝 GET /api/display/room/69490a065e1a04f70b859ca9
[1:20:33 AM] 📝 GET /api/display/room/69490a065e1a04f70b859ca9
[1:20:43 AM] 📝 GET /api/display/room/69490a065e1a04f70b859ca9
[1:20:53 AM] 📝 GET /api/display/room/69490a065e1a04f70b859ca9
[1:21:03 AM] 📝 GET /api/display/room/69490a065e1a04f70b859ca9
[1:21:13 AM] 📝 GET /api/display/room/69490a065e1a04f70b859ca9
[1:21:23 AM] 📝 GET /api/display/room/69490a065e1a04f70b859ca9
[1:21:33 AM] 📝 GET /api/display/room/69490a065e1a04f70b859ca9
[1:21:43 AM] 📝 GET /api/display/room/69490a065e1a04f70b859ca9
[1:21:53 AM] 📝 GET /api/display/room/69490a065e1a04f70b859ca9
[1:22:03 AM] 📝 GET /api/display/room/69490a065e1a04f70b859ca9
[1:22:13 AM] 📝 GET /api/display/room/69490a065e1a04f70b859ca9
[1:22:23 AM] 📝 GET /api/display/room/69490a065e1a04f70b859ca9
[1:22:33 AM] 📝 GET /api/display/room/69490a065e1a04f70b859ca9
[1:22:43 AM] 📝 GET /api/display/room/69490a065e1a04f70b859ca9
[1:22:53 AM] 📝 GET /api/display/room/69490a065e1a04f70b859ca9
[1:23:03 AM] 📝 GET /api/display/room/69490a065e1a04f70b859ca9
[1:23:13 AM] 📝 GET /api/display/room/69490a065e1a04f70b859ca9
[1:23:23 AM] 📝 GET /api/display/room/69490a065e1a04f70b859ca9
[1:23:34 AM] 📝 GET /api/display/room/69490a065e1a04f70b859ca9
[1:23:44 AM] 📝 GET /api/display/room/69490a065e1a04f70b859ca9
[1:23:53 AM] 📝 GET /api/display/room/69490a065e1a04f70b859ca9
[1:24:04 AM] 📝 GET /api/display/room/69490a065e1a04f70b859ca9
[1:24:14 AM] 📝 GET /api/display/room/69490a065e1a04f70b859ca9
[1:24:24 AM] 📝 GET /api/display/room/69490a065e1a04f70b859ca9
[1:24:34 AM] 📝 GET /api/display/room/69490a065e1a04f70b859ca9
[1:24:44 AM] 📝 GET /api/display/room/69490a065e1a04f70b859ca9
[1:24:54 AM] 📝 GET /api/display/room/69490a065e1a04f70b859ca9
[1:25:04 AM] 📝 GET /api/display/room/69490a065e1a04f70b859ca9
[1:25:14 AM] 📝 GET /api/display/room/69490a065e1a04f70b859ca9
[1:25:24 AM] 📝 GET /api/display/room/69490a065e1a04f70b859ca9
[1:25:34 AM] 📝 GET /api/display/room/69490a065e1a04f70b859ca9
[1:25:44 AM] 📝 GET /api/display/room/69490a065e1a04f70b859ca9
[1:25:54 AM] 📝 GET /api/display/room/69490a065e1a04f70b859ca9
[1:26:04 AM] 📝 GET /api/display/room/69490a065e1a04f70b859ca9
[1:26:14 AM] 📝 GET /api/display/room/69490a065e1a04f70b859ca9
[1:26:24 AM] 📝 GET /api/display/room/69490a065e1a04f70b859ca9
[1:26:34 AM] 📝 GET /api/display/room/69490a065e1a04f70b859ca9
[1:26:44 AM] 📝 GET /api/display/room/69490a065e1a04f70b859ca9
[1:26:54 AM] 📝 GET /api/display/room/69490a065e1a04f70b859ca9
[1:27:04 AM] 📝 GET /api/display/room/69490a065e1a04f70b859ca9
[1:27:14 AM] 📝 GET /api/display/room/69490a065e1a04f70b859ca9
[1:27:24 AM] 📝 GET /api/display/room/69490a065e1a04f70b859ca9
[1:27:35 AM] 📝 GET /api/display/room/69490a065e1a04f70b859ca9
[1:27:45 AM] 📝 GET /api/display/room/69490a065e1a04f70b859ca9
[1:27:55 AM] 📝 GET /api/display/room/69490a065e1a04f70b859ca9
[1:28:05 AM] 📝 GET /api/display/room/69490a065e1a04f70b859ca9
[1:28:15 AM] 📝 GET /api/display/room/69490a065e1a04f70b859ca9
[1:28:25 AM] 📝 GET /api/display/room/69490a065e1a04f70b859ca9
[1:28:35 AM] 📝 GET /api/display/room/69490a065e1a04f70b859ca9
[1:28:45 AM] 📝 GET /api/display/room/69490a065e1a04f70b859ca9
[1:28:55 AM] 📝 GET /api/display/room/69490a065e1a04f70b859ca9
[1:29:05 AM] 📝 GET /api/display/room/69490a065e1a04f70b859ca9
[1:29:15 AM] 📝 GET /api/display/room/69490a065e1a04f70b859ca9
[1:29:25 AM] 📝 GET /api/display/room/69490a065e1a04f70b859ca9
[1:29:35 AM] 📝 GET /api/display/room/69490a065e1a04f70b859ca9
[1:29:45 AM] 📝 GET /api/display/room/69490a065e1a04f70b859ca9
[1:29:55 AM] 📝 GET /api/display/room/69490a065e1a04f70b859ca9
[1:30:05 AM] 📝 GET /api/display/room/69490a065e1a04f70b859ca9
[1:30:15 AM] 📝 GET /api/display/room/69490a065e1a04f70b859ca9
[1:30:25 AM] 📝 GET /api/display/room/69490a065e1a04f70b859ca9
[1:30:35 AM] 📝 GET /api/display/room/69490a065e1a04f70b859ca9
[1:30:45 AM] 📝 GET /api/display/room/69490a065e1a04f70b859ca9
[1:30:55 AM] 📝 GET /api/display/room/69490a065e1a04f70b859ca9
[1:31:05 AM] 📝 GET /api/display/room/69490a065e1a04f70b859ca9
[1:31:15 AM] 📝 GET /api/display/room/69490a065e1a04f70b859ca9
[1:31:25 AM] 📝 GET /api/display/room/69490a065e1a04f70b859ca9
[1:31:35 AM] 📝 GET /api/display/room/69490a065e1a04f70b859ca9
[1:31:45 AM] 📝 GET /api/display/room/69490a065e1a04f70b859ca9
[1:31:55 AM] 📝 GET /api/display/room/69490a065e1a04f70b859ca9
[1:32:05 AM] 📝 GET /api/display/room/69490a065e1a04f70b859ca9
[1:32:15 AM] 📝 GET /api/display/room/69490a065e1a04f70b859ca9
[1:32:26 AM] 📝 GET /api/display/room/69490a065e1a04f70b859ca9
[1:32:36 AM] 📝 GET /api/display/room/69490a065e1a04f70b859ca9
[1:32:46 AM] 📝 GET /api/display/room/69490a065e1a04f70b859ca9
[1:32:56 AM] 📝 GET /api/display/room/69490a065e1a04f70b859ca9
[1:33:06 AM] 📝 GET /api/display/room/69490a065e1a04f70b859ca9
[1:33:16 AM] 📝 GET /api/display/room/69490a065e1a04f70b859ca9
[1:33:25 AM] 📝 GET /api/display/room/69490a065e1a04f70b859ca9
[1:33:36 AM] 📝 GET /api/display/room/69490a065e1a04f70b859ca9
[1:33:46 AM] 📝 GET /api/display/room/69490a065e1a04f70b859ca9
[1:33:56 AM] 📝 GET /api/display/room/69490a065e1a04f70b859ca9
[1:34:06 AM] 📝 GET /api/display/room/69490a065e1a04f70b859ca9
[1:34:16 AM] 📝 GET /api/display/room/69490a065e1a04f70b859ca9
[1:34:22 AM] 📝 GET /api/rooms
[1:34:24 AM] 📝 GET /api/bookings
[1:34:26 AM] 📝 POST /api/auth/login
[1:34:26 AM] 📝 GET /api/display/room/69490a065e1a04f70b859ca9
[1:34:30 AM] 📝 POST /api/auth/exchange-code
━━━━━━━━━━━━━━━━━━━━━━━━━━━━━━━━━━
🔐 UMS Exchange Code Request
   📥 Method: POST
   📥 IP: 116.58.245.219
   📥 Origin: https://nssv.nsm.go.th
   📥 Referer: https://nssv.nsm.go.th/napp/auth/callback?code=f300a21c8a99a91b45624cc38ae2c7b56b13a11ce3e5a619918efb98e553a74e
   📥 User-Agent: Mozilla/5.0 (Windows NT 10.0; Win64; x64) AppleWebKit/537.36 (KHTML, like Gecko) Chrome/148.0.0.0 Safari/537.36
   📥 Content-Type: application/json
   📥 Body Keys: [ 'code', 'projectCode' ]
   📥 code: f300a21c8a99a91b45624cc38ae2c7b56b13a11ce3e5a619918efb98e553a74e
   📥 projectCode: MEETBOOKING
   🔄 Calling: POST https://nssv.nsm.go.th/ums/api/auth/exchange-code
   📤 UMS Status: 200
   📤 UMS Response: {
  "status": "success",
  "token": "eyJhbGciOiJIUzI1NiIsInR5cCI6IkpXVCJ9.eyJpZCI6IjY5OGMzMTMxZGNiYzM1ZDM0NmQ3NGY1NyIsInJvbGUiOiJhZG1pbiIsInVzZXJuYW1lIjoidGF5ZmFyMDEyIiwiaWF0IjoxNzc5NjcyODcxLCJleHAiOjE3Nzk3NTkyNzF9.ql7Kt_xmm6wy_1DvMA-q46s0OFeelb0tRECIk3Nui9E",
  "user": {
    "id": "698c3131dcbc35d346d74f57",
    "username": "tayfar012",
    "email": "tarata.khameam@gmail.com",
    "firstName": "ธราธาร์",
    "lastName": "คำเอี่ยม",
    "role": "admin",
    "phone": "0897034254"
  }
}
   🎯 Role: admin → admin
   ✅ Login success: ธราธาร์ คำเอี่ยม (admin)
━━━━━━━━━━━━━━━━━━━━━━━━━━━━━━━━━━
[1:34:31 AM] 📝 GET /api/rooms
[1:34:32 AM] 📝 GET /api/bookings
[1:34:36 AM] 📝 GET /api/display/room/69490a065e1a04f70b859ca9
[1:34:46 AM] 📝 GET /api/display/room/69490a065e1a04f70b859ca9
[1:34:56 AM] 📝 GET /api/display/room/69490a065e1a04f70b859ca9
[1:35:06 AM] 📝 GET /api/display/room/69490a065e1a04f70b859ca9
[1:35:16 AM] 📝 GET /api/display/room/69490a065e1a04f70b859ca9
[1:35:26 AM] 📝 GET /api/display/room/69490a065e1a04f70b859ca9
[1:35:36 AM] 📝 GET /api/display/room/69490a065e1a04f70b859ca9
[1:35:46 AM] 📝 GET /api/display/room/69490a065e1a04f70b859ca9
[1:35:57 AM] 📝 GET /api/display/room/69490a065e1a04f70b859ca9
[1:36:07 AM] 📝 GET /api/display/room/69490a065e1a04f70b859ca9
[1:36:16 AM] 📝 GET /api/display/room/69490a065e1a04f70b859ca9
[1:36:27 AM] 📝 GET /api/display/room/69490a065e1a04f70b859ca9
[1:36:36 AM] 📝 GET /api/display/room/69490a065e1a04f70b859ca9
[1:36:46 AM] 📝 GET /api/display/room/69490a065e1a04f70b859ca9
[1:36:57 AM] 📝 GET /api/display/room/69490a065e1a04f70b859ca9
[1:37:07 AM] 📝 GET /api/display/room/69490a065e1a04f70b859ca9
[1:37:17 AM] 📝 GET /api/display/room/69490a065e1a04f70b859ca9
[1:37:27 AM] 📝 GET /api/display/room/69490a065e1a04f70b859ca9
[1:37:37 AM] 📝 GET /api/display/room/69490a065e1a04f70b859ca9
[1:37:46 AM] 📝 GET /api/display/room/69490a065e1a04f70b859ca9
[1:37:57 AM] 📝 GET /api/display/room/69490a065e1a04f70b859ca9
[1:38:07 AM] 📝 GET /api/display/room/69490a065e1a04f70b859ca9
[1:38:17 AM] 📝 GET /api/display/room/69490a065e1a04f70b859ca9
[1:38:27 AM] 📝 GET /api/display/room/69490a065e1a04f70b859ca9
[1:38:37 AM] 📝 GET /api/display/room/69490a065e1a04f70b859ca9
[1:38:47 AM] 📝 GET /api/display/room/69490a065e1a04f70b859ca9
[1:38:57 AM] 📝 GET /api/display/room/69490a065e1a04f70b859ca9
[1:39:07 AM] 📝 GET /api/display/room/69490a065e1a04f70b859ca9
[1:39:17 AM] 📝 GET /api/display/room/69490a065e1a04f70b859ca9
[1:39:27 AM] 📝 GET /api/display/room/69490a065e1a04f70b859ca9
[1:39:37 AM] 📝 GET /api/display/room/69490a065e1a04f70b859ca9
[1:39:47 AM] 📝 GET /api/display/room/69490a065e1a04f70b859ca9
[1:39:57 AM] 📝 GET /api/display/room/69490a065e1a04f70b859ca9
[1:40:07 AM] 📝 GET /api/display/room/69490a065e1a04f70b859ca9
[1:40:17 AM] 📝 GET /api/display/room/69490a065e1a04f70b859ca9
[1:40:27 AM] 📝 GET /api/display/room/69490a065e1a04f70b859ca9
[1:40:37 AM] 📝 GET /api/display/room/69490a065e1a04f70b859ca9
[1:40:47 AM] 📝 GET /api/display/room/69490a065e1a04f70b859ca9
[1:40:58 AM] 📝 GET /api/display/room/69490a065e1a04f70b859ca9
[1:41:07 AM] 📝 GET /api/display/room/69490a065e1a04f70b859ca9
[1:41:18 AM] 📝 GET /api/display/room/69490a065e1a04f70b859ca9
[1:41:28 AM] 📝 GET /api/display/room/69490a065e1a04f70b859ca9
[1:41:38 AM] 📝 GET /api/display/room/69490a065e1a04f70b859ca9
[1:41:48 AM] 📝 GET /api/display/room/69490a065e1a04f70b859ca9
[1:41:58 AM] 📝 GET /api/display/room/69490a065e1a04f70b859ca9
[1:42:08 AM] 📝 GET /api/display/room/69490a065e1a04f70b859ca9
[1:42:18 AM] 📝 GET /api/display/room/69490a065e1a04f70b859ca9
[1:42:28 AM] 📝 GET /api/display/room/69490a065e1a04f70b859ca9
[1:42:38 AM] 📝 GET /api/display/room/69490a065e1a04f70b859ca9
[1:42:48 AM] 📝 GET /api/display/room/69490a065e1a04f70b859ca9
[1:42:58 AM] 📝 GET /api/display/room/69490a065e1a04f70b859ca9
[1:43:08 AM] 📝 GET /api/display/room/69490a065e1a04f70b859ca9
[1:43:18 AM] 📝 GET /api/display/room/69490a065e1a04f70b859ca9
[1:43:28 AM] 📝 GET /api/display/room/69490a065e1a04f70b859ca9
[1:43:38 AM] 📝 GET /api/display/room/69490a065e1a04f70b859ca9
[1:43:48 AM] 📝 GET /api/display/room/69490a065e1a04f70b859ca9
[1:43:58 AM] 📝 GET /api/display/room/69490a065e1a04f70b859ca9
[1:44:08 AM] 📝 GET /api/display/room/69490a065e1a04f70b859ca9
[1:44:18 AM] 📝 GET /api/display/room/69490a065e1a04f70b859ca9
[1:44:28 AM] 📝 GET /api/display/room/69490a065e1a04f70b859ca9
[1:44:38 AM] 📝 GET /api/display/room/69490a065e1a04f70b859ca9
[1:44:48 AM] 📝 GET /api/display/room/69490a065e1a04f70b859ca9
[1:44:58 AM] 📝 GET /api/display/room/69490a065e1a04f70b859ca9
[1:45:08 AM] 📝 GET /api/display/room/69490a065e1a04f70b859ca9
[1:45:18 AM] 📝 GET /api/display/room/69490a065e1a04f70b859ca9
[1:45:28 AM] 📝 GET /api/display/room/69490a065e1a04f70b859ca9
[1:45:38 AM] 📝 GET /api/display/room/69490a065e1a04f70b859ca9
[1:45:49 AM] 📝 GET /api/display/room/69490a065e1a04f70b859ca9
[1:45:59 AM] 📝 GET /api/display/room/69490a065e1a04f70b859ca9
[1:46:08 AM] 📝 GET /api/display/room/69490a065e1a04f70b859ca9
[1:46:19 AM] 📝 GET /api/display/room/69490a065e1a04f70b859ca9
[1:46:29 AM] 📝 GET /api/display/room/69490a065e1a04f70b859ca9
[1:46:39 AM] 📝 GET /api/display/room/69490a065e1a04f70b859ca9
[1:46:49 AM] 📝 GET /api/display/room/69490a065e1a04f70b859ca9
[1:46:59 AM] 📝 GET /api/display/room/69490a065e1a04f70b859ca9
[1:47:09 AM] 📝 GET /api/display/room/69490a065e1a04f70b859ca9
[1:47:19 AM] 📝 GET /api/display/room/69490a065e1a04f70b859ca9
[1:47:29 AM] 📝 GET /api/display/room/69490a065e1a04f70b859ca9
[1:47:39 AM] 📝 GET /api/display/room/69490a065e1a04f70b859ca9
[1:47:49 AM] 📝 GET /api/display/room/69490a065e1a04f70b859ca9
[1:47:59 AM] 📝 GET /api/display/room/69490a065e1a04f70b859ca9
[1:48:09 AM] 📝 GET /api/display/room/69490a065e1a04f70b859ca9
[1:48:19 AM] 📝 GET /api/display/room/69490a065e1a04f70b859ca9
[1:48:29 AM] 📝 GET /api/display/room/69490a065e1a04f70b859ca9
[1:48:39 AM] 📝 GET /api/display/room/69490a065e1a04f70b859ca9
[1:48:49 AM] 📝 GET /api/display/room/69490a065e1a04f70b859ca9
[1:48:59 AM] 📝 GET /api/display/room/69490a065e1a04f70b859ca9
[1:49:09 AM] 📝 GET /api/display/room/69490a065e1a04f70b859ca9
[1:49:19 AM] 📝 GET /api/display/room/69490a065e1a04f70b859ca9
[1:49:29 AM] 📝 GET /api/display/room/69490a065e1a04f70b859ca9
[1:49:39 AM] 📝 GET /api/display/room/69490a065e1a04f70b859ca9
[1:49:50 AM] 📝 GET /api/display/room/69490a065e1a04f70b859ca9
[1:49:59 AM] 📝 GET /api/display/room/69490a065e1a04f70b859ca9
[1:50:09 AM] 📝 GET /api/display/room/69490a065e1a04f70b859ca9
[1:50:20 AM] 📝 GET /api/display/room/69490a065e1a04f70b859ca9
[1:50:30 AM] 📝 GET /api/display/room/69490a065e1a04f70b859ca9
[1:50:39 AM] 📝 GET /api/display/room/69490a065e1a04f70b859ca9
[1:50:50 AM] 📝 GET /api/display/room/69490a065e1a04f70b859ca9
[1:51:00 AM] 📝 GET /api/display/room/69490a065e1a04f70b859ca9
[1:51:10 AM] 📝 GET /api/display/room/69490a065e1a04f70b859ca9
[1:51:20 AM] 📝 GET /api/display/room/69490a065e1a04f70b859ca9
[1:51:30 AM] 📝 GET /api/display/room/69490a065e1a04f70b859ca9
[1:51:40 AM] 📝 GET /api/display/room/69490a065e1a04f70b859ca9
[1:51:50 AM] 📝 GET /api/display/room/69490a065e1a04f70b859ca9
[1:52:00 AM] 📝 GET /api/display/room/69490a065e1a04f70b859ca9
[1:52:10 AM] 📝 GET /api/display/room/69490a065e1a04f70b859ca9
[1:52:20 AM] 📝 GET /api/display/room/69490a065e1a04f70b859ca9
[1:52:30 AM] 📝 GET /api/display/room/69490a065e1a04f70b859ca9
[1:52:40 AM] 📝 GET /api/display/room/69490a065e1a04f70b859ca9
[1:52:50 AM] 📝 GET /api/display/room/69490a065e1a04f70b859ca9
[1:53:00 AM] 📝 GET /api/display/room/69490a065e1a04f70b859ca9
[1:53:10 AM] 📝 GET /api/display/room/69490a065e1a04f70b859ca9
[1:53:20 AM] 📝 GET /api/display/room/69490a065e1a04f70b859ca9
[1:53:30 AM] 📝 GET /api/display/room/69490a065e1a04f70b859ca9
[1:53:40 AM] 📝 GET /api/display/room/69490a065e1a04f70b859ca9
[1:53:50 AM] 📝 GET /api/display/room/69490a065e1a04f70b859ca9
[1:54:00 AM] 📝 GET /api/display/room/69490a065e1a04f70b859ca9
[1:54:10 AM] 📝 GET /api/display/room/69490a065e1a04f70b859ca9
[1:54:21 AM] 📝 GET /api/display/room/69490a065e1a04f70b859ca9
[1:54:30 AM] 📝 GET /api/display/room/69490a065e1a04f70b859ca9
[1:54:40 AM] 📝 GET /api/display/room/69490a065e1a04f70b859ca9
[1:54:50 AM] 📝 GET /api/display/room/69490a065e1a04f70b859ca9
[1:55:01 AM] 📝 GET /api/display/room/69490a065e1a04f70b859ca9
[1:55:11 AM] 📝 GET /api/display/room/69490a065e1a04f70b859ca9
[1:55:20 AM] 📝 GET /api/display/room/69490a065e1a04f70b859ca9
[1:55:31 AM] 📝 GET /api/display/room/69490a065e1a04f70b859ca9
[1:55:41 AM] 📝 GET /api/display/room/69490a065e1a04f70b859ca9
[1:55:51 AM] 📝 GET /api/display/room/69490a065e1a04f70b859ca9
[1:56:00 AM] 📝 GET /api/display/room/69490a065e1a04f70b859ca9
[1:56:11 AM] 📝 GET /api/display/room/69490a065e1a04f70b859ca9
[1:56:20 AM] 📝 GET /api/display/room/69490a065e1a04f70b859ca9
[1:56:31 AM] 📝 GET /api/display/room/69490a065e1a04f70b859ca9
[1:56:40 AM] 📝 GET /api/display/room/69490a065e1a04f70b859ca9
[1:56:51 AM] 📝 GET /api/display/room/69490a065e1a04f70b859ca9
[1:57:01 AM] 📝 GET /api/display/room/69490a065e1a04f70b859ca9
[1:57:11 AM] 📝 GET /api/display/room/69490a065e1a04f70b859ca9
[1:57:21 AM] 📝 GET /api/display/room/69490a065e1a04f70b859ca9
[1:57:31 AM] 📝 GET /api/display/room/69490a065e1a04f70b859ca9
[1:57:41 AM] 📝 GET /api/display/room/69490a065e1a04f70b859ca9
[1:57:51 AM] 📝 GET /api/display/room/69490a065e1a04f70b859ca9
[1:58:01 AM] 📝 GET /api/display/room/69490a065e1a04f70b859ca9
[1:58:11 AM] 📝 GET /api/display/room/69490a065e1a04f70b859ca9
[1:58:21 AM] 📝 GET /api/display/room/69490a065e1a04f70b859ca9
[1:58:31 AM] 📝 GET /api/display/room/69490a065e1a04f70b859ca9
[1:58:41 AM] 📝 GET /api/display/room/69490a065e1a04f70b859ca9
[1:58:51 AM] 📝 GET /api/display/room/69490a065e1a04f70b859ca9
[1:59:02 AM] 📝 GET /api/display/room/69490a065e1a04f70b859ca9
[1:59:11 AM] 📝 GET /api/display/room/69490a065e1a04f70b859ca9
[1:59:21 AM] 📝 GET /api/display/room/69490a065e1a04f70b859ca9
[1:59:32 AM] 📝 GET /api/display/room/69490a065e1a04f70b859ca9
[1:59:42 AM] 📝 GET /api/display/room/69490a065e1a04f70b859ca9
[1:59:51 AM] 📝 GET /api/display/room/69490a065e1a04f70b859ca9
[2:00:02 AM] 📝 GET /api/display/room/69490a065e1a04f70b859ca9
[2:00:12 AM] 📝 GET /api/display/room/69490a065e1a04f70b859ca9
[2:00:22 AM] 📝 GET /api/display/room/69490a065e1a04f70b859ca9
[2:00:32 AM] 📝 GET /api/display/room/69490a065e1a04f70b859ca9
[2:00:42 AM] 📝 GET /api/display/room/69490a065e1a04f70b859ca9
[2:00:52 AM] 📝 GET /api/display/room/69490a065e1a04f70b859ca9
[2:01:02 AM] 📝 GET /api/display/room/69490a065e1a04f70b859ca9
[2:01:12 AM] 📝 GET /api/display/room/69490a065e1a04f70b859ca9
[2:01:22 AM] 📝 GET /api/display/room/69490a065e1a04f70b859ca9
[2:01:32 AM] 📝 GET /api/display/room/69490a065e1a04f70b859ca9
[2:01:42 AM] 📝 GET /api/display/room/69490a065e1a04f70b859ca9
[2:01:52 AM] 📝 GET /api/display/room/69490a065e1a04f70b859ca9
[2:02:02 AM] 📝 GET /api/display/room/69490a065e1a04f70b859ca9
[2:02:12 AM] 📝 GET /api/display/room/69490a065e1a04f70b859ca9
[2:02:22 AM] 📝 GET /api/display/room/69490a065e1a04f70b859ca9
[2:02:32 AM] 📝 GET /api/display/room/69490a065e1a04f70b859ca9
[2:02:42 AM] 📝 GET /api/display/room/69490a065e1a04f70b859ca9
[2:02:52 AM] 📝 GET /api/display/room/69490a065e1a04f70b859ca9
[2:03:02 AM] 📝 GET /api/display/room/69490a065e1a04f70b859ca9
[2:03:12 AM] 📝 GET /api/display/room/69490a065e1a04f70b859ca9
[2:03:22 AM] 📝 GET /api/display/room/69490a065e1a04f70b859ca9
[2:03:33 AM] 📝 GET /api/display/room/69490a065e1a04f70b859ca9
[2:03:42 AM] 📝 GET /api/display/room/69490a065e1a04f70b859ca9
[2:03:52 AM] 📝 GET /api/display/room/69490a065e1a04f70b859ca9
[2:04:02 AM] 📝 GET /api/display/room/69490a065e1a04f70b859ca9
[2:04:13 AM] 📝 GET /api/display/room/69490a065e1a04f70b859ca9
[2:04:22 AM] 📝 GET /api/display/room/69490a065e1a04f70b859ca9
[2:04:32 AM] 📝 GET /api/display/room/69490a065e1a04f70b859ca9
[2:04:42 AM] 📝 GET /api/display/room/69490a065e1a04f70b859ca9
[2:04:52 AM] 📝 GET /api/display/room/69490a065e1a04f70b859ca9
[2:05:02 AM] 📝 GET /api/display/room/69490a065e1a04f70b859ca9
[2:05:13 AM] 📝 GET /api/display/room/69490a065e1a04f70b859ca9
[2:05:23 AM] 📝 GET /api/display/room/69490a065e1a04f70b859ca9
[2:05:33 AM] 📝 GET /api/display/room/69490a065e1a04f70b859ca9
[2:05:43 AM] 📝 GET /api/display/room/69490a065e1a04f70b859ca9
[2:05:53 AM] 📝 GET /api/display/room/69490a065e1a04f70b859ca9
[2:06:02 AM] 📝 GET /api/display/room/69490a065e1a04f70b859ca9
[2:06:13 AM] 📝 GET /api/display/room/69490a065e1a04f70b859ca9
[2:06:23 AM] 📝 GET /api/display/room/69490a065e1a04f70b859ca9
[2:06:33 AM] 📝 GET /api/display/room/69490a065e1a04f70b859ca9
[2:06:43 AM] 📝 GET /api/display/room/69490a065e1a04f70b859ca9
[2:06:53 AM] 📝 GET /api/display/room/69490a065e1a04f70b859ca9
[2:07:03 AM] 📝 GET /api/display/room/69490a065e1a04f70b859ca9
[2:07:13 AM] 📝 GET /api/display/room/69490a065e1a04f70b859ca9
[2:07:23 AM] 📝 GET /api/display/room/69490a065e1a04f70b859ca9
[2:07:33 AM] 📝 GET /api/display/room/69490a065e1a04f70b859ca9
[2:07:43 AM] 📝 GET /api/display/room/69490a065e1a04f70b859ca9
[2:07:53 AM] 📝 GET /api/display/room/69490a065e1a04f70b859ca9
[2:08:03 AM] 📝 GET /api/display/room/69490a065e1a04f70b859ca9
[2:08:13 AM] 📝 GET /api/display/room/69490a065e1a04f70b859ca9
[2:08:23 AM] 📝 GET /api/display/room/69490a065e1a04f70b859ca9
[2:08:34 AM] 📝 GET /api/display/room/69490a065e1a04f70b859ca9
[2:08:43 AM] 📝 GET /api/display/room/69490a065e1a04f70b859ca9
[2:08:53 AM] 📝 GET /api/display/room/69490a065e1a04f70b859ca9
[2:09:04 AM] 📝 GET /api/display/room/69490a065e1a04f70b859ca9
[2:09:14 AM] 📝 GET /api/display/room/69490a065e1a04f70b859ca9
[2:09:23 AM] 📝 GET /api/display/room/69490a065e1a04f70b859ca9
[2:09:34 AM] 📝 GET /api/display/room/69490a065e1a04f70b859ca9
[2:09:44 AM] 📝 GET /api/display/room/69490a065e1a04f70b859ca9
[2:09:54 AM] 📝 GET /api/display/room/69490a065e1a04f70b859ca9
[2:10:04 AM] 📝 GET /api/display/room/69490a065e1a04f70b859ca9
[2:10:14 AM] 📝 GET /api/display/room/69490a065e1a04f70b859ca9
[2:10:24 AM] 📝 GET /api/display/room/69490a065e1a04f70b859ca9
[2:10:34 AM] 📝 GET /api/display/room/69490a065e1a04f70b859ca9
[2:10:44 AM] 📝 GET /api/display/room/69490a065e1a04f70b859ca9
[2:10:54 AM] 📝 GET /api/display/room/69490a065e1a04f70b859ca9
[2:11:04 AM] 📝 GET /api/display/room/69490a065e1a04f70b859ca9
[2:11:14 AM] 📝 GET /api/display/room/69490a065e1a04f70b859ca9
[2:11:24 AM] 📝 GET /api/display/room/69490a065e1a04f70b859ca9
[2:11:34 AM] 📝 GET /api/display/room/69490a065e1a04f70b859ca9
[2:11:44 AM] 📝 GET /api/display/room/69490a065e1a04f70b859ca9
[2:11:54 AM] 📝 GET /api/display/room/69490a065e1a04f70b859ca9
[2:12:04 AM] 📝 GET /api/display/room/69490a065e1a04f70b859ca9
[2:12:09 AM] 📝 GET /api/display/room/69490a065e1a04f70b859caa
[2:12:09 AM] 📝 GET /api/display/uploads/69490a065e1a04f70b859caa_1778836967898.png
[2:12:14 AM] 📝 GET /api/display/room/69490a065e1a04f70b859ca9
[2:12:24 AM] 📝 GET /api/display/room/69490a065e1a04f70b859ca9
[2:12:34 AM] 📝 GET /api/display/room/69490a065e1a04f70b859ca9
[2:12:44 AM] 📝 GET /api/display/room/69490a065e1a04f70b859ca9
[2:12:54 AM] 📝 GET /api/display/room/69490a065e1a04f70b859ca9
[2:12:56 AM] 📝 GET /api/display/room/69490a065e1a04f70b859caa
[2:12:56 AM] 📝 GET /api/display/room/69490a065e1a04f70b859caa
[2:13:04 AM] 📝 GET /api/display/room/69490a065e1a04f70b859ca9
[2:13:14 AM] 📝 GET /api/display/room/69490a065e1a04f70b859ca9
[2:13:24 AM] 📝 GET /api/display/room/69490a065e1a04f70b859ca9
[2:13:34 AM] 📝 GET /api/display/room/69490a065e1a04f70b859ca9
[2:13:44 AM] 📝 GET /api/display/room/69490a065e1a04f70b859ca9
[2:13:55 AM] 📝 GET /api/display/room/69490a065e1a04f70b859ca9
[2:14:05 AM] 📝 GET /api/display/room/69490a065e1a04f70b859ca9
[2:14:14 AM] 📝 GET /api/display/room/69490a065e1a04f70b859ca9
[2:14:25 AM] 📝 GET /api/display/room/69490a065e1a04f70b859ca9
[2:14:35 AM] 📝 GET /api/display/room/69490a065e1a04f70b859ca9
[2:14:44 AM] 📝 GET /api/display/room/69490a065e1a04f70b859ca9
[2:14:55 AM] 📝 GET /api/display/room/69490a065e1a04f70b859ca9
[2:15:05 AM] 📝 GET /api/display/room/69490a065e1a04f70b859ca9
[2:15:15 AM] 📝 GET /api/display/room/69490a065e1a04f70b859ca9
[2:15:25 AM] 📝 GET /api/display/room/69490a065e1a04f70b859ca9
[2:16:40 AM] 📝 GET /api/display/room/69490a065e1a04f70b859ca9
[2:16:45 AM] 📝 GET /api/display/room/69490a065e1a04f70b859caa
[2:16:45 AM] 📝 GET /api/display/uploads/69490a065e1a04f70b859caa_1778836967898.png
[2:16:50 AM] 📝 GET /api/display/room/69490a065e1a04f70b859ca9
[2:16:51 AM] 📝 GET /api/display/room/69490a065e1a04f70b859caa
[2:16:56 AM] 📝 GET /api/display/room/69490a065e1a04f70b859ca9
[2:16:57 AM] 📝 GET /api/display/uploads/69490a065e1a04f70b859ca9_1778836721767.png
[2:17:06 AM] 📝 GET /api/display/room/69490a065e1a04f70b859ca9
[2:17:09 AM] 📝 GET /api/display/room/69490a065e1a04f70b859ca9
[2:18:10 AM] 📝 GET /api/display/room/69490a065e1a04f70b859ca9
[2:18:20 AM] 📝 GET /api/display/room/69490a065e1a04f70b859ca9
[2:19:40 AM] 📝 GET /api/display/room/69490a065e1a04f70b859ca9
[2:19:50 AM] 📝 GET /api/display/room/69490a065e1a04f70b859ca9
[2:21:10 AM] 📝 GET /api/display/room/69490a065e1a04f70b859ca9
[2:21:20 AM] 📝 GET /api/display/room/69490a065e1a04f70b859ca9
[2:22:40 AM] 📝 GET /api/display/room/69490a065e1a04f70b859ca9
[2:22:50 AM] 📝 GET /api/display/room/69490a065e1a04f70b859ca9
[2:24:10 AM] 📝 GET /api/display/room/69490a065e1a04f70b859ca9
[2:24:20 AM] 📝 GET /api/display/room/69490a065e1a04f70b859ca9
[2:25:40 AM] 📝 GET /api/display/room/69490a065e1a04f70b859ca9
[2:25:50 AM] 📝 GET /api/display/room/69490a065e1a04f70b859ca9
[2:27:10 AM] 📝 GET /api/display/room/69490a065e1a04f70b859ca9
[2:27:20 AM] 📝 GET /api/display/room/69490a065e1a04f70b859ca9
[2:28:41 AM] 📝 GET /api/display/room/69490a065e1a04f70b859ca9
[2:28:51 AM] 📝 GET /api/display/room/69490a065e1a04f70b859ca9
[2:30:11 AM] 📝 GET /api/display/room/69490a065e1a04f70b859ca9
[2:30:21 AM] 📝 GET /api/display/room/69490a065e1a04f70b859ca9
[2:31:41 AM] 📝 GET /api/display/room/69490a065e1a04f70b859ca9
[2:31:51 AM] 📝 GET /api/display/room/69490a065e1a04f70b859ca9
[2:33:11 AM] 📝 GET /api/display/room/69490a065e1a04f70b859ca9
[2:33:21 AM] 📝 GET /api/display/room/69490a065e1a04f70b859ca9
[2:34:41 AM] 📝 GET /api/display/room/69490a065e1a04f70b859ca9
[2:34:51 AM] 📝 GET /api/display/room/69490a065e1a04f70b859ca9
[2:36:11 AM] 📝 GET /api/display/room/69490a065e1a04f70b859ca9
[2:36:21 AM] 📝 GET /api/display/room/69490a065e1a04f70b859ca9
[2:37:41 AM] 📝 GET /api/display/room/69490a065e1a04f70b859ca9
[2:37:51 AM] 📝 GET /api/display/room/69490a065e1a04f70b859ca9
[2:39:11 AM] 📝 GET /api/display/room/69490a065e1a04f70b859ca9
[2:39:21 AM] 📝 GET /api/display/room/69490a065e1a04f70b859ca9
[2:40:42 AM] 📝 GET /api/display/room/69490a065e1a04f70b859ca9
[2:40:52 AM] 📝 GET /api/display/room/69490a065e1a04f70b859ca9
[2:42:12 AM] 📝 GET /api/display/room/69490a065e1a04f70b859ca9
[2:42:22 AM] 📝 GET /api/display/room/69490a065e1a04f70b859ca9
[2:43:42 AM] 📝 GET /api/display/room/69490a065e1a04f70b859ca9
[2:43:52 AM] 📝 GET /api/display/room/69490a065e1a04f70b859ca9
[2:45:12 AM] 📝 GET /api/display/room/69490a065e1a04f70b859ca9
[2:45:22 AM] 📝 GET /api/display/room/69490a065e1a04f70b859ca9
[2:46:42 AM] 📝 GET /api/display/room/69490a065e1a04f70b859ca9
[2:46:52 AM] 📝 GET /api/display/room/69490a065e1a04f70b859ca9
[2:48:12 AM] 📝 GET /api/display/room/69490a065e1a04f70b859ca9
[2:48:22 AM] 📝 GET /api/display/room/69490a065e1a04f70b859ca9
[2:49:42 AM] 📝 GET /api/display/room/69490a065e1a04f70b859ca9
[2:49:52 AM] 📝 GET /api/display/room/69490a065e1a04f70b859ca9
[2:51:13 AM] 📝 GET /api/display/room/69490a065e1a04f70b859ca9
[2:51:23 AM] 📝 GET /api/display/room/69490a065e1a04f70b859ca9
[2:52:42 AM] 📝 GET /api/display/room/69490a065e1a04f70b859ca9
[2:52:53 AM] 📝 GET /api/display/room/69490a065e1a04f70b859ca9
[2:54:13 AM] 📝 GET /api/display/room/69490a065e1a04f70b859ca9
[2:54:23 AM] 📝 GET /api/display/room/69490a065e1a04f70b859ca9
[2:55:43 AM] 📝 GET /api/display/room/69490a065e1a04f70b859ca9
[2:55:53 AM] 📝 GET /api/display/room/69490a065e1a04f70b859ca9
[2:57:13 AM] 📝 GET /api/display/room/69490a065e1a04f70b859ca9
[2:57:23 AM] 📝 GET /api/display/room/69490a065e1a04f70b859ca9
[2:58:43 AM] 📝 GET /api/display/room/69490a065e1a04f70b859ca9
[2:58:53 AM] 📝 GET /api/display/room/69490a065e1a04f70b859ca9
[3:00:23 AM] 📝 GET /api/display/room/69490a065e1a04f70b859ca9
[3:01:43 AM] 📝 GET /api/display/room/69490a065e1a04f70b859ca9
[3:01:53 AM] 📝 GET /api/display/room/69490a065e1a04f70b859ca9
[3:03:14 AM] 📝 GET /api/display/room/69490a065e1a04f70b859ca9
[3:03:23 AM] 📝 GET /api/display/room/69490a065e1a04f70b859ca9
[3:04:20 AM] 📝 GET /api/auth/me
[3:04:43 AM] 📝 GET /api/display/room/69490a065e1a04f70b859ca9
[3:04:53 AM] 📝 GET /api/display/room/69490a065e1a04f70b859ca9
[3:05:08 AM] 📝 POST /api/auth/login
[3:05:08 AM] 📝 GET /api/rooms
[3:05:10 AM] 📝 GET /api/bookings/my-bookings
[3:05:11 AM] 📝 GET /api/departments
[3:05:11 AM] 📝 GET /api/rooms
[3:05:38 AM] 📝 GET /api/bookings
[3:06:14 AM] 📝 GET /api/display/room/69490a065e1a04f70b859ca9
[3:06:24 AM] 📝 GET /api/display/room/69490a065e1a04f70b859ca9
[3:06:50 AM] 📝 POST /api/bookings
[3:06:51 AM] 📝 GET /api/bookings/my-bookings
[3:06:52 AM] 📝 GET /api/admin/dashboard/statistics
[3:06:54 AM] 📝 GET /api/admin/bookings
[3:07:07 AM] 📝 PUT /api/admin/bookings/6a13bccaf9491de834877529/status
[3:07:09 AM] 📝 GET /api/admin/bookings
[3:07:44 AM] 📝 GET /api/display/room/69490a065e1a04f70b859ca9
[3:07:54 AM] 📝 GET /api/display/room/69490a065e1a04f70b859ca9
[3:09:14 AM] 📝 GET /api/display/room/69490a065e1a04f70b859ca9
[3:09:24 AM] 📝 GET /api/display/room/69490a065e1a04f70b859ca9
[3:10:44 AM] 📝 GET /api/display/room/69490a065e1a04f70b859ca9
[3:10:54 AM] 📝 GET /api/display/room/69490a065e1a04f70b859ca9
[3:12:14 AM] 📝 GET /api/display/room/69490a065e1a04f70b859ca9
[3:12:24 AM] 📝 GET /api/display/room/69490a065e1a04f70b859ca9
[3:13:44 AM] 📝 GET /api/display/room/69490a065e1a04f70b859ca9
[3:13:54 AM] 📝 GET /api/display/room/69490a065e1a04f70b859ca9
[3:15:14 AM] 📝 GET /api/display/room/69490a065e1a04f70b859ca9
[3:15:24 AM] 📝 GET /api/display/room/69490a065e1a04f70b859ca9
[3:16:45 AM] 📝 GET /api/display/room/69490a065e1a04f70b859ca9
[3:16:54 AM] 📝 GET /api/display/room/69490a065e1a04f70b859ca9
[3:18:15 AM] 📝 GET /api/display/room/69490a065e1a04f70b859ca9
[3:18:25 AM] 📝 GET /api/display/room/69490a065e1a04f70b859ca9
[3:19:45 AM] 📝 GET /api/display/room/69490a065e1a04f70b859ca9
[3:19:55 AM] 📝 GET /api/display/room/69490a065e1a04f70b859ca9
[3:21:15 AM] 📝 GET /api/display/room/69490a065e1a04f70b859ca9
[3:21:25 AM] 📝 GET /api/display/room/69490a065e1a04f70b859ca9
[3:22:45 AM] 📝 GET /api/display/room/69490a065e1a04f70b859ca9
[3:22:55 AM] 📝 GET /api/display/room/69490a065e1a04f70b859ca9
[3:22:58 AM] 📝 GET /api/bookings
[3:24:15 AM] 📝 GET /api/display/room/69490a065e1a04f70b859ca9
[3:24:25 AM] 📝 GET /api/display/room/69490a065e1a04f70b859ca9
[3:25:45 AM] 📝 GET /api/display/room/69490a065e1a04f70b859ca9
[3:25:55 AM] 📝 GET /api/display/room/69490a065e1a04f70b859ca9
[3:27:16 AM] 📝 GET /api/display/room/69490a065e1a04f70b859ca9
[3:27:26 AM] 📝 GET /api/display/room/69490a065e1a04f70b859ca9
[3:28:46 AM] 📝 GET /api/display/room/69490a065e1a04f70b859ca9
[3:28:55 AM] 📝 GET /api/display/room/69490a065e1a04f70b859ca9
[3:29:43 AM] 📝 GET /api/auth/me
[3:29:43 AM] 📝 GET /api/bookings
[3:29:44 AM] 📝 POST /api/auth/login
[3:29:45 AM] 📝 GET /api/rooms
[3:29:47 AM] 📝 GET /api/bookings
[3:29:57 AM] 📝 GET /api/rooms/696f36019adeec8a6063cb8c
[3:29:57 AM] 📝 GET /api/bookings
[3:30:01 AM] 📝 GET /api/bookings
[3:30:06 AM] 📝 GET /api/bookings
[3:30:16 AM] 📝 GET /api/display/room/69490a065e1a04f70b859ca9
[3:30:21 AM] 📝 GET /api/bookings/my-bookings
[3:30:23 AM] 📝 GET /api/departments
[3:30:23 AM] 📝 GET /api/rooms
[3:30:26 AM] 📝 GET /api/display/room/69490a065e1a04f70b859ca9
[3:31:15 AM] 📝 GET /api/bookings
[3:31:18 AM] 📝 POST /api/bookings
[3:31:19 AM] 📝 GET /api/bookings/my-bookings
[3:31:46 AM] 📝 GET /api/display/room/69490a065e1a04f70b859ca9
[3:31:56 AM] 📝 GET /api/display/room/69490a065e1a04f70b859ca9
[3:33:16 AM] 📝 GET /api/display/room/69490a065e1a04f70b859ca9
[3:33:27 AM] 📝 GET /api/display/room/69490a065e1a04f70b859ca9
[3:34:47 AM] 📝 GET /api/display/room/69490a065e1a04f70b859ca9
[3:34:56 AM] 📝 GET /api/display/room/69490a065e1a04f70b859ca9
[3:36:16 AM] 📝 GET /api/display/room/69490a065e1a04f70b859ca9
[3:36:27 AM] 📝 GET /api/display/room/69490a065e1a04f70b859ca9
[3:37:47 AM] 📝 GET /api/display/room/69490a065e1a04f70b859ca9
[3:37:56 AM] 📝 GET /api/display/room/69490a065e1a04f70b859ca9
[3:39:17 AM] 📝 GET /api/display/room/69490a065e1a04f70b859ca9
[3:39:26 AM] 📝 GET /api/display/room/69490a065e1a04f70b859ca9
[3:40:47 AM] 📝 GET /api/display/room/69490a065e1a04f70b859ca9
[3:40:57 AM] 📝 GET /api/display/room/69490a065e1a04f70b859ca9
[3:42:17 AM] 📝 GET /api/display/room/69490a065e1a04f70b859ca9
[3:42:27 AM] 📝 GET /api/display/room/69490a065e1a04f70b859ca9
[3:43:47 AM] 📝 GET /api/display/room/69490a065e1a04f70b859ca9
[3:43:57 AM] 📝 GET /api/display/room/69490a065e1a04f70b859ca9
[3:45:17 AM] 📝 GET /api/display/room/69490a065e1a04f70b859ca9
[3:45:27 AM] 📝 GET /api/display/room/69490a065e1a04f70b859ca9
[3:46:47 AM] 📝 GET /api/display/room/69490a065e1a04f70b859ca9
[3:46:57 AM] 📝 GET /api/display/room/69490a065e1a04f70b859ca9
[3:48:17 AM] 📝 GET /api/display/room/69490a065e1a04f70b859ca9
[3:48:28 AM] 📝 GET /api/display/room/69490a065e1a04f70b859ca9
[3:49:48 AM] 📝 GET /api/display/room/69490a065e1a04f70b859ca9
[3:49:57 AM] 📝 GET /api/display/room/69490a065e1a04f70b859ca9
[3:51:17 AM] 📝 GET /api/display/room/69490a065e1a04f70b859ca9
[3:51:27 AM] 📝 GET /api/display/room/69490a065e1a04f70b859ca9
[3:52:48 AM] 📝 GET /api/display/room/69490a065e1a04f70b859ca9
[3:52:57 AM] 📝 GET /api/display/room/69490a065e1a04f70b859ca9
[3:54:18 AM] 📝 GET /api/display/room/69490a065e1a04f70b859ca9
[3:54:28 AM] 📝 GET /api/display/room/69490a065e1a04f70b859ca9
[3:55:48 AM] 📝 GET /api/display/room/69490a065e1a04f70b859ca9
[3:55:58 AM] 📝 GET /api/display/room/69490a065e1a04f70b859ca9
[3:57:18 AM] 📝 GET /api/display/room/69490a065e1a04f70b859ca9
[3:57:28 AM] 📝 GET /api/display/room/69490a065e1a04f70b859ca9
[3:58:49 AM] 📝 GET /api/display/room/69490a065e1a04f70b859ca9
[3:58:58 AM] 📝 GET /api/display/room/69490a065e1a04f70b859ca9
[4:00:19 AM] 📝 GET /api/display/room/69490a065e1a04f70b859ca9
[4:00:28 AM] 📝 GET /api/display/room/69490a065e1a04f70b859ca9
[4:01:49 AM] 📝 GET /api/display/room/69490a065e1a04f70b859ca9
[4:01:58 AM] 📝 GET /api/display/room/69490a065e1a04f70b859ca9
[4:03:19 AM] 📝 GET /api/display/room/69490a065e1a04f70b859ca9
[4:03:28 AM] 📝 GET /api/display/room/69490a065e1a04f70b859ca9
[4:04:49 AM] 📝 GET /api/display/room/69490a065e1a04f70b859ca9
[4:04:59 AM] 📝 GET /api/display/room/69490a065e1a04f70b859ca9
[4:06:19 AM] 📝 GET /api/display/room/69490a065e1a04f70b859ca9
[4:06:29 AM] 📝 GET /api/display/room/69490a065e1a04f70b859ca9
[4:07:49 AM] 📝 GET /api/display/room/69490a065e1a04f70b859ca9
[4:07:59 AM] 📝 GET /api/display/room/69490a065e1a04f70b859ca9
[4:09:19 AM] 📝 GET /api/display/room/69490a065e1a04f70b859ca9
[4:09:29 AM] 📝 GET /api/display/room/69490a065e1a04f70b859ca9
[4:10:49 AM] 📝 GET /api/display/room/69490a065e1a04f70b859ca9
[4:10:59 AM] 📝 GET /api/display/room/69490a065e1a04f70b859ca9
[4:12:19 AM] 📝 GET /api/display/room/69490a065e1a04f70b859ca9
[4:12:29 AM] 📝 GET /api/display/room/69490a065e1a04f70b859ca9
[4:13:25 AM] 📝 GET /api/bookings/my-bookings
[4:13:50 AM] 📝 GET /api/display/room/69490a065e1a04f70b859ca9
[4:13:59 AM] 📝 GET /api/display/room/69490a065e1a04f70b859ca9
[4:15:19 AM] 📝 GET /api/display/room/69490a065e1a04f70b859ca9
[4:15:29 AM] 📝 GET /api/display/room/69490a065e1a04f70b859ca9
[4:16:50 AM] 📝 GET /api/display/room/69490a065e1a04f70b859ca9
[4:16:59 AM] 📝 GET /api/display/room/69490a065e1a04f70b859ca9
[4:18:20 AM] 📝 GET /api/display/room/69490a065e1a04f70b859ca9
[4:18:30 AM] 📝 GET /api/display/room/69490a065e1a04f70b859ca9
[4:19:50 AM] 📝 GET /api/display/room/69490a065e1a04f70b859ca9
[4:20:00 AM] 📝 GET /api/display/room/69490a065e1a04f70b859ca9
[4:21:20 AM] 📝 GET /api/display/room/69490a065e1a04f70b859ca9
[4:21:30 AM] 📝 GET /api/display/room/69490a065e1a04f70b859ca9
[4:22:50 AM] 📝 GET /api/display/room/69490a065e1a04f70b859ca9
[4:23:00 AM] 📝 GET /api/display/room/69490a065e1a04f70b859ca9
[4:24:20 AM] 📝 GET /api/display/room/69490a065e1a04f70b859ca9
[4:24:30 AM] 📝 GET /api/display/room/69490a065e1a04f70b859ca9
[4:25:51 AM] 📝 GET /api/display/room/69490a065e1a04f70b859ca9
[4:26:00 AM] 📝 GET /api/display/room/69490a065e1a04f70b859ca9
[4:27:21 AM] 📝 GET /api/display/room/69490a065e1a04f70b859ca9
[4:27:30 AM] 📝 GET /api/display/room/69490a065e1a04f70b859ca9
[4:28:51 AM] 📝 GET /api/display/room/69490a065e1a04f70b859ca9
[4:29:00 AM] 📝 GET /api/display/room/69490a065e1a04f70b859ca9
[4:30:21 AM] 📝 GET /api/display/room/69490a065e1a04f70b859ca9
[4:30:31 AM] 📝 GET /api/display/room/69490a065e1a04f70b859ca9
[4:31:51 AM] 📝 GET /api/display/room/69490a065e1a04f70b859ca9
[4:32:01 AM] 📝 GET /api/display/room/69490a065e1a04f70b859ca9
[4:33:21 AM] 📝 GET /api/display/room/69490a065e1a04f70b859ca9
[4:33:31 AM] 📝 GET /api/display/room/69490a065e1a04f70b859ca9
[4:34:51 AM] 📝 GET /api/display/room/69490a065e1a04f70b859ca9
[4:35:01 AM] 📝 GET /api/display/room/69490a065e1a04f70b859ca9
[4:36:22 AM] 📝 GET /api/display/room/69490a065e1a04f70b859ca9
[4:36:32 AM] 📝 GET /api/display/room/69490a065e1a04f70b859ca9
[4:37:51 AM] 📝 GET /api/display/room/69490a065e1a04f70b859ca9
[4:38:01 AM] 📝 GET /api/display/room/69490a065e1a04f70b859ca9
[4:39:21 AM] 📝 GET /api/display/room/69490a065e1a04f70b859ca9
[4:39:31 AM] 📝 GET /api/display/room/69490a065e1a04f70b859ca9
[4:40:52 AM] 📝 GET /api/display/room/69490a065e1a04f70b859ca9
[4:41:01 AM] 📝 GET /api/display/room/69490a065e1a04f70b859ca9
[4:42:22 AM] 📝 GET /api/display/room/69490a065e1a04f70b859ca9
[4:42:31 AM] 📝 GET /api/display/room/69490a065e1a04f70b859ca9
[4:43:52 AM] 📝 GET /api/display/room/69490a065e1a04f70b859ca9
[4:44:02 AM] 📝 GET /api/display/room/69490a065e1a04f70b859ca9
[4:45:22 AM] 📝 GET /api/display/room/69490a065e1a04f70b859ca9
[4:45:32 AM] 📝 GET /api/display/room/69490a065e1a04f70b859ca9
[4:46:52 AM] 📝 GET /api/display/room/69490a065e1a04f70b859ca9
[4:47:02 AM] 📝 GET /api/display/room/69490a065e1a04f70b859ca9
[4:48:22 AM] 📝 GET /api/display/room/69490a065e1a04f70b859ca9
[4:48:32 AM] 📝 GET /api/display/room/69490a065e1a04f70b859ca9
[4:49:53 AM] 📝 GET /api/display/room/69490a065e1a04f70b859ca9
[4:50:02 AM] 📝 GET /api/display/room/69490a065e1a04f70b859ca9
[4:51:22 AM] 📝 GET /api/display/room/69490a065e1a04f70b859ca9
[4:51:32 AM] 📝 GET /api/display/room/69490a065e1a04f70b859ca9
[4:52:53 AM] 📝 GET /api/display/room/69490a065e1a04f70b859ca9
[4:53:03 AM] 📝 GET /api/display/room/69490a065e1a04f70b859ca9
[4:54:23 AM] 📝 GET /api/display/room/69490a065e1a04f70b859ca9
[4:54:33 AM] 📝 GET /api/display/room/69490a065e1a04f70b859ca9
[4:55:53 AM] 📝 GET /api/display/room/69490a065e1a04f70b859ca9
[4:56:03 AM] 📝 GET /api/display/room/69490a065e1a04f70b859ca9
[4:57:23 AM] 📝 GET /api/display/room/69490a065e1a04f70b859ca9
[4:57:33 AM] 📝 GET /api/display/room/69490a065e1a04f70b859ca9
[4:58:53 AM] 📝 GET /api/display/room/69490a065e1a04f70b859ca9
[4:59:03 AM] 📝 GET /api/display/room/69490a065e1a04f70b859ca9
[5:00:23 AM] 📝 GET /api/display/room/69490a065e1a04f70b859ca9
[5:00:33 AM] 📝 GET /api/display/room/69490a065e1a04f70b859ca9
[5:01:54 AM] 📝 GET /api/display/room/69490a065e1a04f70b859ca9
[5:02:03 AM] 📝 GET /api/display/room/69490a065e1a04f70b859ca9
[5:03:23 AM] 📝 GET /api/display/room/69490a065e1a04f70b859ca9
[5:03:33 AM] 📝 GET /api/display/room/69490a065e1a04f70b859ca9
[5:04:54 AM] 📝 GET /api/display/room/69490a065e1a04f70b859ca9
[5:05:04 AM] 📝 GET /api/display/room/69490a065e1a04f70b859ca9
[5:06:24 AM] 📝 GET /api/display/room/69490a065e1a04f70b859ca9
[5:06:34 AM] 📝 GET /api/display/room/69490a065e1a04f70b859ca9
[5:07:54 AM] 📝 GET /api/display/room/69490a065e1a04f70b859ca9
[5:08:04 AM] 📝 GET /api/display/room/69490a065e1a04f70b859ca9
[5:09:24 AM] 📝 GET /api/display/room/69490a065e1a04f70b859ca9
[5:09:34 AM] 📝 GET /api/display/room/69490a065e1a04f70b859ca9
[5:10:55 AM] 📝 GET /api/display/room/69490a065e1a04f70b859ca9
[5:11:04 AM] 📝 GET /api/display/room/69490a065e1a04f70b859ca9
[5:12:24 AM] 📝 GET /api/display/room/69490a065e1a04f70b859ca9
[5:12:34 AM] 📝 GET /api/display/room/69490a065e1a04f70b859ca9
[5:13:56 AM] 📝 GET /api/display/room/69490a065e1a04f70b859ca9
[5:14:05 AM] 📝 GET /api/display/room/69490a065e1a04f70b859ca9
[5:15:26 AM] 📝 GET /api/display/room/69490a065e1a04f70b859ca9
[5:15:26 AM] 📝 GET /api/display/uploads/69490a065e1a04f70b859ca9_1778836721767.png
[5:15:35 AM] 📝 GET /api/display/room/69490a065e1a04f70b859ca9
[5:16:55 AM] 📝 GET /api/display/room/69490a065e1a04f70b859ca9
[5:17:05 AM] 📝 GET /api/display/room/69490a065e1a04f70b859ca9
[5:18:25 AM] 📝 GET /api/display/room/69490a065e1a04f70b859ca9
[5:18:35 AM] 📝 GET /api/display/room/69490a065e1a04f70b859ca9
[5:19:55 AM] 📝 GET /api/display/room/69490a065e1a04f70b859ca9
[5:20:05 AM] 📝 GET /api/display/room/69490a065e1a04f70b859ca9
[5:21:25 AM] 📝 GET /api/display/room/69490a065e1a04f70b859ca9
[5:21:35 AM] 📝 GET /api/display/room/69490a065e1a04f70b859ca9
[5:22:55 AM] 📝 GET /api/display/room/69490a065e1a04f70b859ca9
[5:23:05 AM] 📝 GET /api/display/room/69490a065e1a04f70b859ca9
[5:24:25 AM] 📝 GET /api/display/room/69490a065e1a04f70b859ca9
[5:24:36 AM] 📝 GET /api/display/room/69490a065e1a04f70b859ca9
[5:25:55 AM] 📝 GET /api/display/room/69490a065e1a04f70b859ca9
[5:26:06 AM] 📝 GET /api/display/room/69490a065e1a04f70b859ca9
[5:27:26 AM] 📝 GET /api/display/room/69490a065e1a04f70b859ca9
[5:27:36 AM] 📝 GET /api/display/room/69490a065e1a04f70b859ca9
[5:28:56 AM] 📝 GET /api/display/room/69490a065e1a04f70b859ca9
[5:29:06 AM] 📝 GET /api/display/room/69490a065e1a04f70b859ca9
[5:30:26 AM] 📝 GET /api/display/room/69490a065e1a04f70b859ca9
[5:30:36 AM] 📝 GET /api/display/room/69490a065e1a04f70b859ca9
[5:31:56 AM] 📝 GET /api/display/room/69490a065e1a04f70b859ca9
[5:32:06 AM] 📝 GET /api/display/room/69490a065e1a04f70b859ca9
[5:33:26 AM] 📝 GET /api/display/room/69490a065e1a04f70b859ca9
[5:33:36 AM] 📝 GET /api/display/room/69490a065e1a04f70b859ca9
[5:34:56 AM] 📝 GET /api/display/room/69490a065e1a04f70b859ca9
[5:35:06 AM] 📝 GET /api/display/room/69490a065e1a04f70b859ca9
[5:36:27 AM] 📝 GET /api/display/room/69490a065e1a04f70b859ca9
[5:36:37 AM] 📝 GET /api/display/room/69490a065e1a04f70b859ca9
[5:37:57 AM] 📝 GET /api/display/room/69490a065e1a04f70b859ca9
[5:38:07 AM] 📝 GET /api/display/room/69490a065e1a04f70b859ca9
[5:39:27 AM] 📝 GET /api/display/room/69490a065e1a04f70b859ca9
[5:39:37 AM] 📝 GET /api/display/room/69490a065e1a04f70b859ca9
[5:40:57 AM] 📝 GET /api/display/room/69490a065e1a04f70b859ca9
[5:41:07 AM] 📝 GET /api/display/room/69490a065e1a04f70b859ca9
[5:42:27 AM] 📝 GET /api/display/room/69490a065e1a04f70b859ca9
[5:42:37 AM] 📝 GET /api/display/room/69490a065e1a04f70b859ca9
[5:43:57 AM] 📝 GET /api/display/room/69490a065e1a04f70b859ca9
[5:44:07 AM] 📝 GET /api/display/room/69490a065e1a04f70b859ca9
[5:45:27 AM] 📝 GET /api/display/room/69490a065e1a04f70b859ca9
[5:45:37 AM] 📝 GET /api/display/room/69490a065e1a04f70b859ca9
[5:46:57 AM] 📝 GET /api/display/room/69490a065e1a04f70b859ca9
[5:47:07 AM] 📝 GET /api/display/room/69490a065e1a04f70b859ca9
[5:48:27 AM] 📝 GET /api/display/room/69490a065e1a04f70b859ca9
[5:48:37 AM] 📝 GET /api/display/room/69490a065e1a04f70b859ca9
[5:49:57 AM] 📝 GET /api/display/room/69490a065e1a04f70b859ca9
[5:50:08 AM] 📝 GET /api/display/room/69490a065e1a04f70b859ca9
[5:51:28 AM] 📝 GET /api/display/room/69490a065e1a04f70b859ca9
[5:51:37 AM] 📝 GET /api/display/room/69490a065e1a04f70b859ca9
[5:52:58 AM] 📝 GET /api/display/room/69490a065e1a04f70b859ca9
[5:53:08 AM] 📝 GET /api/display/room/69490a065e1a04f70b859ca9
[5:54:28 AM] 📝 GET /api/display/room/69490a065e1a04f70b859ca9
[5:54:38 AM] 📝 GET /api/display/room/69490a065e1a04f70b859ca9
[5:55:58 AM] 📝 GET /api/display/room/69490a065e1a04f70b859ca9
[5:56:08 AM] 📝 GET /api/display/room/69490a065e1a04f70b859ca9
[5:57:28 AM] 📝 GET /api/display/room/69490a065e1a04f70b859ca9
[5:57:38 AM] 📝 GET /api/display/room/69490a065e1a04f70b859ca9
[5:58:58 AM] 📝 GET /api/display/room/69490a065e1a04f70b859ca9
[5:59:08 AM] 📝 GET /api/display/room/69490a065e1a04f70b859ca9
[6:00:28 AM] 📝 GET /api/display/room/69490a065e1a04f70b859ca9
[6:00:38 AM] 📝 GET /api/display/room/69490a065e1a04f70b859ca9
[6:01:59 AM] 📝 GET /api/display/room/69490a065e1a04f70b859ca9
[6:02:09 AM] 📝 GET /api/display/room/69490a065e1a04f70b859ca9
[6:03:29 AM] 📝 GET /api/display/room/69490a065e1a04f70b859ca9
[6:03:39 AM] 📝 GET /api/display/room/69490a065e1a04f70b859ca9
[6:04:59 AM] 📝 GET /api/display/room/69490a065e1a04f70b859ca9
[6:05:09 AM] 📝 GET /api/display/room/69490a065e1a04f70b859ca9
[6:06:29 AM] 📝 GET /api/display/room/69490a065e1a04f70b859ca9
[6:06:39 AM] 📝 GET /api/display/room/69490a065e1a04f70b859ca9
[6:07:59 AM] 📝 GET /api/display/room/69490a065e1a04f70b859ca9
[6:08:09 AM] 📝 GET /api/display/room/69490a065e1a04f70b859ca9
[6:09:29 AM] 📝 GET /api/display/room/69490a065e1a04f70b859ca9
[6:09:39 AM] 📝 GET /api/display/room/69490a065e1a04f70b859ca9
[6:10:59 AM] 📝 GET /api/display/room/69490a065e1a04f70b859ca9
[6:11:09 AM] 📝 GET /api/display/room/69490a065e1a04f70b859ca9
[6:12:30 AM] 📝 GET /api/display/room/69490a065e1a04f70b859ca9
[6:12:39 AM] 📝 GET /api/display/room/69490a065e1a04f70b859ca9
[6:14:00 AM] 📝 GET /api/display/room/69490a065e1a04f70b859ca9
[6:14:09 AM] 📝 GET /api/display/room/69490a065e1a04f70b859ca9
[6:15:30 AM] 📝 GET /api/display/room/69490a065e1a04f70b859ca9
[6:15:40 AM] 📝 GET /api/display/room/69490a065e1a04f70b859ca9
[6:17:00 AM] 📝 GET /api/display/room/69490a065e1a04f70b859ca9
[6:17:10 AM] 📝 GET /api/display/room/69490a065e1a04f70b859ca9
[6:18:30 AM] 📝 GET /api/display/room/69490a065e1a04f70b859ca9
[6:18:40 AM] 📝 GET /api/display/room/69490a065e1a04f70b859ca9
[6:20:00 AM] 📝 GET /api/display/room/69490a065e1a04f70b859ca9
[6:20:10 AM] 📝 GET /api/display/room/69490a065e1a04f70b859ca9
[6:21:30 AM] 📝 GET /api/display/room/69490a065e1a04f70b859ca9
[6:21:40 AM] 📝 GET /api/display/room/69490a065e1a04f70b859ca9
[6:23:00 AM] 📝 GET /api/display/room/69490a065e1a04f70b859ca9
[6:23:10 AM] 📝 GET /api/display/room/69490a065e1a04f70b859ca9
[6:24:31 AM] 📝 GET /api/display/room/69490a065e1a04f70b859ca9
[6:24:40 AM] 📝 GET /api/display/room/69490a065e1a04f70b859ca9
[6:26:01 AM] 📝 GET /api/display/room/69490a065e1a04f70b859ca9
[6:26:11 AM] 📝 GET /api/display/room/69490a065e1a04f70b859ca9
[6:27:31 AM] 📝 GET /api/display/room/69490a065e1a04f70b859ca9
[6:27:41 AM] 📝 GET /api/display/room/69490a065e1a04f70b859ca9
[6:28:13 AM] 📝 GET /api/bookings
[6:28:36 AM] 📝 POST /api/auth/login
[6:28:50 AM] 📝 POST /api/auth/login
[6:29:01 AM] 📝 GET /api/display/room/69490a065e1a04f70b859ca9
[6:29:11 AM] 📝 GET /api/display/room/69490a065e1a04f70b859ca9
[6:30:31 AM] 📝 GET /api/display/room/69490a065e1a04f70b859ca9
[6:30:32 AM] 📝 POST /api/auth/login
[6:30:41 AM] 📝 GET /api/display/room/69490a065e1a04f70b859ca9
[6:31:50 AM] 📝 GET /api/departments
[6:32:01 AM] 📝 GET /api/display/room/69490a065e1a04f70b859ca9
[6:32:02 AM] 📝 POST /api/auth/login
[6:32:11 AM] 📝 GET /api/display/room/69490a065e1a04f70b859ca9
[6:33:31 AM] 📝 GET /api/display/room/69490a065e1a04f70b859ca9
[6:33:41 AM] 📝 GET /api/display/room/69490a065e1a04f70b859ca9
[6:34:11 AM] 📝 GET /api/bookings
[6:34:30 AM] 📝 POST /api/auth/login
[6:34:36 AM] 📝 POST /api/auth/login
[6:34:40 AM] 📝 POST /api/auth/login
[6:35:02 AM] 📝 GET /api/display/room/69490a065e1a04f70b859ca9
[6:35:11 AM] 📝 GET /api/display/room/69490a065e1a04f70b859ca9
[6:35:13 AM] 📝 POST /api/auth/login
[6:36:32 AM] 📝 GET /api/display/room/69490a065e1a04f70b859ca9
[6:36:42 AM] 📝 GET /api/display/room/69490a065e1a04f70b859ca9
[6:38:02 AM] 📝 GET /api/display/room/69490a065e1a04f70b859ca9
[6:38:12 AM] 📝 GET /api/display/room/69490a065e1a04f70b859ca9
[6:39:32 AM] 📝 GET /api/display/room/69490a065e1a04f70b859ca9
[6:39:42 AM] 📝 GET /api/display/room/69490a065e1a04f70b859ca9
[6:40:24 AM] 📝 POST /api/auth/login
[6:40:34 AM] 📝 GET /api/bookings
[6:41:02 AM] 📝 GET /api/display/room/69490a065e1a04f70b859ca9
[6:41:03 AM] 📝 POST /api/auth/login
[6:41:12 AM] 📝 GET /api/display/room/69490a065e1a04f70b859ca9
[6:42:32 AM] 📝 GET /api/display/room/69490a065e1a04f70b859ca9
[6:42:42 AM] 📝 GET /api/display/room/69490a065e1a04f70b859ca9
[6:44:02 AM] 📝 GET /api/display/room/69490a065e1a04f70b859ca9
[6:44:12 AM] 📝 GET /api/display/room/69490a065e1a04f70b859ca9
[6:45:32 AM] 📝 GET /api/display/room/69490a065e1a04f70b859ca9
[6:45:43 AM] 📝 GET /api/display/room/69490a065e1a04f70b859ca9
[6:47:03 AM] 📝 GET /api/display/room/69490a065e1a04f70b859ca9
[6:47:12 AM] 📝 GET /api/display/room/69490a065e1a04f70b859ca9
[6:48:32 AM] 📝 GET /api/display/room/69490a065e1a04f70b859ca9
[6:48:43 AM] 📝 GET /api/display/room/69490a065e1a04f70b859ca9
[6:50:03 AM] 📝 GET /api/display/room/69490a065e1a04f70b859ca9
[6:50:12 AM] 📝 GET /api/display/room/69490a065e1a04f70b859ca9
[6:51:33 AM] 📝 GET /api/display/room/69490a065e1a04f70b859ca9
[6:51:43 AM] 📝 GET /api/display/room/69490a065e1a04f70b859ca9
[6:53:03 AM] 📝 GET /api/display/room/69490a065e1a04f70b859ca9
[6:53:13 AM] 📝 GET /api/display/room/69490a065e1a04f70b859ca9
[6:53:14 AM] 📝 POST /api/auth/login
[6:53:49 AM] 📝 GET /api/auth/me
[6:53:49 AM] 📝 GET /api/bookings
[6:54:06 AM] 📝 GET /api/admin/dashboard/statistics
[6:54:12 AM] 📝 GET /api/bookings/my-bookings
[6:54:14 AM] 📝 GET /api/bookings
[6:54:17 AM] 📝 GET /api/rooms
[6:54:19 AM] 📝 GET /api/bookings
[6:54:21 AM] 📝 GET /api/rooms
[6:54:22 AM] 📝 GET /api/bookings/my-bookings
[6:54:23 AM] 📝 GET /api/rooms
[6:54:28 AM] 📝 GET /api/rooms
[6:54:33 AM] 📝 GET /api/display/room/69490a065e1a04f70b859ca9
[6:54:43 AM] 📝 GET /api/display/room/69490a065e1a04f70b859ca9
[6:54:54 AM] 📝 GET /api/bookings
[6:55:03 AM] 📝 POST /api/auth/login
[6:56:04 AM] 📝 GET /api/display/room/69490a065e1a04f70b859ca9
[6:56:13 AM] 📝 GET /api/display/room/69490a065e1a04f70b859ca9
[6:56:33 AM] 📝 GET /api/auth/me
[6:56:43 AM] 📝 POST /api/auth/exchange-code
━━━━━━━━━━━━━━━━━━━━━━━━━━━━━━━━━━
🔐 UMS Exchange Code Request
   📥 Method: POST
   📥 IP: 116.58.245.219
   📥 Origin: https://nssv.nsm.go.th
   📥 Referer: https://nssv.nsm.go.th/napp/auth/callback?code=f476e4b841a9d9b3131c7620e4bc563765435f641af4657c1b11cd7c1d9bba9e
   📥 User-Agent: Mozilla/5.0 (Windows NT 10.0; Win64; x64) AppleWebKit/537.36 (KHTML, like Gecko) Chrome/148.0.0.0 Safari/537.36
   📥 Content-Type: application/json
   📥 Body Keys: [ 'code', 'projectCode' ]
   📥 code: f476e4b841a9d9b3131c7620e4bc563765435f641af4657c1b11cd7c1d9bba9e
   📥 projectCode: MEETBOOKING
   🔄 Calling: POST https://nssv.nsm.go.th/ums/api/auth/exchange-code
   📤 UMS Status: 200
   📤 UMS Response: {
  "status": "success",
  "token": "eyJhbGciOiJIUzI1NiIsInR5cCI6IkpXVCJ9.eyJpZCI6IjY5ODAwNTM2ZGNiYzM1ZDM0NmQ3NGI2MyIsInJvbGUiOiJtZW1iZXIiLCJ1c2VybmFtZSI6IkdhcCIsImlhdCI6MTc3OTY5MjIwMywiZXhwIjoxNzc5Nzc4NjAzfQ.1QDsFaao0Z6KrZVT2r_GgkBadKGHMVVniKDeb6iuOvA",
  "user": {
    "id": "69800536dcbc35d346d74b63",
    "username": "Gap",
    "email": "gap389@gmail.com",
    "firstName": "Prasong",
    "lastName": "Yimyoung",
    "role": "member",
    "phone": "0910277999"
  }
}
   🎯 Role: member → user
   ✅ Login success: Prasong Yimyoung (user)
━━━━━━━━━━━━━━━━━━━━━━━━━━━━━━━━━━
[6:56:44 AM] 📝 GET /api/rooms
[6:56:48 AM] 📝 GET /api/bookings
[6:57:33 AM] 📝 GET /api/display/room/69490a065e1a04f70b859ca9
[6:57:43 AM] 📝 GET /api/display/room/69490a065e1a04f70b859ca9
[6:58:40 AM] 📝 GET /api/bookings/my-bookings
[6:58:42 AM] 📝 GET /api/rooms
[6:58:51 AM] 📝 GET /api/bookings
[6:58:54 AM] 📝 GET /api/rooms
[6:58:58 AM] 📝 GET /api/rooms/69609bbbaa301e5a9d0e57c0
[6:58:58 AM] 📝 GET /api/bookings
[6:59:04 AM] 📝 GET /api/display/room/69490a065e1a04f70b859ca9
[6:59:05 AM] 📝 GET /api/rooms
[6:59:09 AM] 📝 GET /api/rooms/69490a065e1a04f70b859ca9
[6:59:09 AM] 📝 GET /api/bookings
[6:59:11 AM] 📝 GET /api/rooms
[6:59:13 AM] 📝 GET /api/rooms/69490a065e1a04f70b859caa
[6:59:13 AM] 📝 GET /api/bookings
[6:59:13 AM] 📝 GET /api/display/room/69490a065e1a04f70b859ca9
[6:59:18 AM] 📝 GET /api/rooms
[6:59:33 AM] 📝 POST /api/auth/login
[6:59:33 AM] 📝 GET /api/rooms
[6:59:36 AM] 📝 GET /api/admin/dashboard/statistics
[6:59:52 AM] 📝 GET /api/admin/users
[7:00:34 AM] 📝 GET /api/display/room/69490a065e1a04f70b859ca9
[7:00:43 AM] 📝 GET /api/display/room/69490a065e1a04f70b859ca9
[7:00:54 AM] 📝 GET /api/bookings
[7:01:57 AM] 📝 GET /api/bookings/my-bookings
[7:01:58 AM] 📝 POST /api/auth/login
[7:02:04 AM] 📝 GET /api/display/room/69490a065e1a04f70b859ca9
[7:02:14 AM] 📝 GET /api/display/room/69490a065e1a04f70b859ca9
[7:02:15 AM] 📝 POST /api/auth/login
[7:02:21 AM] 📝 POST /api/auth/login
[7:03:16 AM] 📝 POST /api/auth/login
[7:03:20 AM] 📝 POST /api/auth/login
[7:03:26 AM] 📝 POST /api/auth/login
[7:03:34 AM] 📝 GET /api/display/room/69490a065e1a04f70b859ca9
[7:03:38 AM] 📝 POST /api/auth/login
[7:03:44 AM] 📝 GET /api/display/room/69490a065e1a04f70b859ca9
[7:05:04 AM] 📝 GET /api/display/room/69490a065e1a04f70b859ca9
[7:05:14 AM] 📝 GET /api/display/room/69490a065e1a04f70b859ca9
[7:06:34 AM] 📝 GET /api/display/room/69490a065e1a04f70b859ca9
[7:06:44 AM] 📝 GET /api/display/room/69490a065e1a04f70b859ca9
[7:06:48 AM] 📝 POST /api/auth/login
[7:07:01 AM] 📝 POST /api/auth/login
[7:07:15 AM] 📝 POST /api/auth/login
[7:07:37 AM] 📝 POST /api/auth/login
[7:07:43 AM] 📝 POST /api/auth/login
[7:08:04 AM] 📝 GET /api/display/room/69490a065e1a04f70b859ca9
[7:08:14 AM] 📝 GET /api/display/room/69490a065e1a04f70b859ca9
[7:08:25 AM] 📝 POST /api/auth/login
[7:08:34 AM] 📝 POST /api/auth/login
[7:08:34 AM] 📝 GET /api/rooms
[7:08:36 AM] 📝 GET /api/admin/dashboard/statistics
[7:08:49 AM] 📝 GET /api/admin/users
[7:09:21 AM] 📝 PATCH /api/admin/users/69952c2d3e048c40e28f814a/password
[7:09:34 AM] 📝 GET /api/display/room/69490a065e1a04f70b859ca9
[7:09:44 AM] 📝 GET /api/display/room/69490a065e1a04f70b859ca9
[7:10:52 AM] 📝 POST /api/auth/exchange-code
━━━━━━━━━━━━━━━━━━━━━━━━━━━━━━━━━━
🔐 UMS Exchange Code Request
   📥 Method: POST
   📥 IP: 116.58.245.219
   📥 Origin: https://nssv.nsm.go.th
   📥 Referer: https://nssv.nsm.go.th/napp/auth/callback?code=b10ba3b1f2917a8c96354f47399224302cf8c614d049f942106e1c810e5e8dff
   📥 User-Agent: Mozilla/5.0 (Windows NT 10.0; Win64; x64) AppleWebKit/537.36 (KHTML, like Gecko) Chrome/148.0.0.0 Safari/537.36
   📥 Content-Type: application/json
   📥 Body Keys: [ 'code', 'projectCode' ]
   📥 code: b10ba3b1f2917a8c96354f47399224302cf8c614d049f942106e1c810e5e8dff
   📥 projectCode: MEETBOOKING
   🔄 Calling: POST https://nssv.nsm.go.th/ums/api/auth/exchange-code
   📤 UMS Status: 200
   📤 UMS Response: {
  "status": "success",
  "token": "eyJhbGciOiJIUzI1NiIsInR5cCI6IkpXVCJ9.eyJpZCI6IjY5ODAwNTM2ZGNiYzM1ZDM0NmQ3NGI2MyIsInJvbGUiOiJtZW1iZXIiLCJ1c2VybmFtZSI6IkdhcCIsImlhdCI6MTc3OTY5MzA1MiwiZXhwIjoxNzc5Nzc5NDUyfQ.FkjieHbLJa6rk4IR_3kY8zUJnROP4_zUoaa04XGWVBc",
  "user": {
    "id": "69800536dcbc35d346d74b63",
    "username": "Gap",
    "email": "gap389@gmail.com",
    "firstName": "Prasong",
    "lastName": "Yimyoung",
    "role": "member",
    "phone": "0910277999"
  }
}
   🎯 Role: member → user
   ✅ Login success: Prasong Yimyoung (user)
━━━━━━━━━━━━━━━━━━━━━━━━━━━━━━━━━━
[7:10:53 AM] 📝 GET /api/rooms
[7:10:56 AM] 📝 GET /api/bookings
[7:11:05 AM] 📝 GET /api/display/room/69490a065e1a04f70b859ca9
[7:11:14 AM] 📝 GET /api/display/room/69490a065e1a04f70b859ca9
[7:11:18 AM] 📝 POST /api/auth/login
[7:11:18 AM] 📝 GET /api/rooms
[7:11:20 AM] 📝 GET /api/admin/dashboard/statistics
[7:11:27 AM] 📝 GET /api/rooms
[7:11:27 AM] 📝 GET /api/bookings/my-bookings
[7:11:28 AM] 📝 GET /api/bookings
[7:11:29 AM] 📝 GET /api/rooms
[7:11:31 AM] 📝 GET /api/bookings
[7:11:33 AM] 📝 GET /api/rooms
[7:11:35 AM] 📝 GET /api/admin/dashboard/statistics
[7:11:38 AM] 📝 GET /api/rooms
[7:11:43 AM] 📝 GET /api/bookings
[7:12:05 AM] 📝 GET /api/bookings/my-bookings
[7:12:07 AM] 📝 GET /api/rooms
[7:12:09 AM] 📝 GET /api/admin/dashboard/statistics
[7:12:10 AM] 📝 GET /api/admin/stats/bookings-trend
[7:12:10 AM] 📝 GET /api/admin/stats/department-usage
[7:12:10 AM] 📝 GET /api/admin/stats/monthly-stats
[7:12:10 AM] 📝 GET /api/admin/stats/popular-rooms
[7:12:11 AM] 📝 GET /api/rooms
[7:12:17 AM] 📝 GET /api/admin/bookings
[7:12:20 AM] 📝 GET /api/display/rooms
[7:12:21 AM] 📝 GET /api/rooms
[7:12:23 AM] 📝 GET /api/admin/stats/bookings-trend
[7:12:23 AM] 📝 GET /api/admin/stats/department-usage
[7:12:23 AM] 📝 GET /api/admin/stats/popular-rooms
[7:12:23 AM] 📝 GET /api/admin/stats/monthly-stats
[7:12:28 AM] 📝 GET /api/rooms
[7:12:30 AM] 📝 GET /api/rooms/69490a065e1a04f70b859ca9
[7:12:30 AM] 📝 GET /api/bookings
[7:12:34 AM] 📝 GET /api/display/room/69490a065e1a04f70b859ca9
[7:12:44 AM] 📝 GET /api/display/room/69490a065e1a04f70b859ca9
[7:12:46 AM] 📝 GET /api/bookings
[7:12:47 AM] 📝 GET /api/bookings
[7:12:51 AM] 📝 GET /api/rooms
[7:12:57 AM] 📝 GET /api/rooms
[7:13:00 AM] 📝 GET /api/bookings
[7:13:08 AM] 📝 POST /api/auth/exchange-code
━━━━━━━━━━━━━━━━━━━━━━━━━━━━━━━━━━
🔐 UMS Exchange Code Request
   📥 Method: POST
   📥 IP: 116.58.245.219
   📥 Origin: https://nssv.nsm.go.th
   📥 Referer: https://nssv.nsm.go.th/napp/auth/callback?code=ea204a750bb694bfd774de4cc28740685e91620c80271db82b0c9fb4197e4e77
   📥 User-Agent: Mozilla/5.0 (Windows NT 10.0; Win64; x64) AppleWebKit/537.36 (KHTML, like Gecko) Chrome/148.0.0.0 Safari/537.36
   📥 Content-Type: application/json
   📥 Body Keys: [ 'code', 'projectCode' ]
   📥 code: ea204a750bb694bfd774de4cc28740685e91620c80271db82b0c9fb4197e4e77
   📥 projectCode: MEETBOOKING
   🔄 Calling: POST https://nssv.nsm.go.th/ums/api/auth/exchange-code
   📤 UMS Status: 200
   📤 UMS Response: {
  "status": "success",
  "token": "eyJhbGciOiJIUzI1NiIsInR5cCI6IkpXVCJ9.eyJpZCI6IjY5ODAwNTM2ZGNiYzM1ZDM0NmQ3NGI2MyIsInJvbGUiOiJtZW1iZXIiLCJ1c2VybmFtZSI6IkdhcCIsImlhdCI6MTc3OTY5MzE4OCwiZXhwIjoxNzc5Nzc5NTg4fQ.ZAWOk61czkWktXsCg0hYy7KEU7tKH8-p4a02HiT6xQw",
  "user": {
    "id": "69800536dcbc35d346d74b63",
    "username": "Gap",
    "email": "gap389@gmail.com",
    "firstName": "Prasong",
    "lastName": "Yimyoung",
    "role": "member",
    "phone": "0910277999"
  }
}
   🎯 Role: member → user
   ✅ Login success: Prasong Yimyoung (user)
━━━━━━━━━━━━━━━━━━━━━━━━━━━━━━━━━━
[7:13:09 AM] 📝 GET /api/rooms
[7:13:12 AM] 📝 GET /api/bookings
[7:13:16 AM] 📝 GET /api/rooms/69490a065e1a04f70b859cab
[7:13:16 AM] 📝 GET /api/bookings
[7:13:17 AM] 📝 GET /api/bookings/my-bookings
[7:13:19 AM] 📝 GET /api/bookings
[7:13:21 AM] 📝 GET /api/rooms
[7:13:22 AM] 📝 GET /api/admin/dashboard/statistics
[7:13:26 AM] 📝 GET /api/admin/bookings
[7:13:29 AM] 📝 GET /api/rooms
[7:13:31 AM] 📝 GET /api/admin/dashboard/statistics
[7:13:32 AM] 📝 GET /api/display/rooms
[7:13:44 AM] 📝 GET /api/admin/users
[7:14:05 AM] 📝 GET /api/display/room/69490a065e1a04f70b859ca9
[7:14:14 AM] 📝 GET /api/display/room/69490a065e1a04f70b859ca9
[7:14:19 AM] 📝 GET /api/rooms
[7:14:50 AM] 📝 GET /api/rooms/69490a065e1a04f70b859ca9
[7:14:51 AM] 📝 GET /api/bookings
[7:15:03 AM] 📝 GET /api/rooms
[7:15:05 AM] 📝 GET /api/admin/dashboard/statistics
[7:15:08 AM] 📝 GET /api/admin/bookings
[7:15:10 AM] 📝 GET /api/rooms
[7:15:11 AM] 📝 GET /api/admin/stats/popular-rooms
[7:15:11 AM] 📝 GET /api/admin/stats/department-usage
[7:15:11 AM] 📝 GET /api/admin/stats/bookings-trend
[7:15:11 AM] 📝 GET /api/admin/stats/monthly-stats
[7:15:35 AM] 📝 GET /api/display/room/69490a065e1a04f70b859ca9
[7:15:44 AM] 📝 GET /api/display/room/69490a065e1a04f70b859ca9
[7:15:45 AM] 📝 POST /api/auth/exchange-code
━━━━━━━━━━━━━━━━━━━━━━━━━━━━━━━━━━
🔐 UMS Exchange Code Request
   📥 Method: POST
   📥 IP: 116.58.245.219
   📥 Origin: https://nssv.nsm.go.th
   📥 Referer: https://nssv.nsm.go.th/napp/auth/callback?code=143fd0a6e7db1ab7f34cd84d069d2201aa0327df5faccaa8f70f91561d6a5467
   📥 User-Agent: Mozilla/5.0 (Windows NT 10.0; Win64; x64) AppleWebKit/537.36 (KHTML, like Gecko) Chrome/148.0.0.0 Safari/537.36
   📥 Content-Type: application/json
   📥 Body Keys: [ 'code', 'projectCode' ]
   📥 code: 143fd0a6e7db1ab7f34cd84d069d2201aa0327df5faccaa8f70f91561d6a5467
   📥 projectCode: MEETBOOKING
   🔄 Calling: POST https://nssv.nsm.go.th/ums/api/auth/exchange-code
   📤 UMS Status: 200
   📤 UMS Response: {
  "status": "success",
  "token": "eyJhbGciOiJIUzI1NiIsInR5cCI6IkpXVCJ9.eyJpZCI6IjY5OGMzMTMxZGNiYzM1ZDM0NmQ3NGY1NyIsInJvbGUiOiJhZG1pbiIsInVzZXJuYW1lIjoidGF5ZmFyMDEyIiwiaWF0IjoxNzc5NjkzMzQ1LCJleHAiOjE3Nzk3Nzk3NDV9.7GbnqyHaA-XRJjv77Dy11GPGDi3h30zRHryNsIMlZ1k",
  "user": {
    "id": "698c3131dcbc35d346d74f57",
    "username": "tayfar012",
    "email": "tarata.khameam@gmail.com",
    "firstName": "ธราธาร์",
    "lastName": "คำเอี่ยม",
    "role": "admin",
    "phone": "0897034254"
  }
}
   🎯 Role: admin → admin
   ✅ Login success: ธราธาร์ คำเอี่ยม (admin)
━━━━━━━━━━━━━━━━━━━━━━━━━━━━━━━━━━
[7:15:45 AM] 📝 GET /api/rooms
[7:15:54 AM] 📝 GET /api/bookings
[7:16:05 AM] 📝 GET /api/admin/dashboard/statistics
[7:17:05 AM] 📝 GET /api/display/room/69490a065e1a04f70b859ca9
[7:17:15 AM] 📝 GET /api/display/room/69490a065e1a04f70b859ca9
[7:17:36 AM] 📝 GET /api/bookings/my-bookings
[7:17:37 AM] 📝 GET /api/rooms
[7:17:37 AM] 📝 GET /api/departments
[7:17:51 AM] 📝 GET /api/rooms
[7:17:51 AM] 📝 GET /api/departments
[7:17:59 AM] 📝 GET /api/rooms
[7:18:23 AM] 📝 POST /api/auth/login
[7:18:23 AM] 📝 GET /api/rooms
[7:18:35 AM] 📝 GET /api/display/room/69490a065e1a04f70b859ca9
[7:18:45 AM] 📝 GET /api/display/room/69490a065e1a04f70b859ca9
[7:18:51 AM] 📝 POST /api/auth/exchange-code
━━━━━━━━━━━━━━━━━━━━━━━━━━━━━━━━━━
🔐 UMS Exchange Code Request
   📥 Method: POST
   📥 IP: 116.58.245.219
   📥 Origin: https://nssv.nsm.go.th
   📥 Referer: https://nssv.nsm.go.th/napp/auth/callback?code=780977270a816fa2d6e9196fb9c23dd476637a6fbc62eaf0b1f06230fb813415
   📥 User-Agent: Mozilla/5.0 (Windows NT 10.0; Win64; x64) AppleWebKit/537.36 (KHTML, like Gecko) Chrome/148.0.0.0 Safari/537.36
   📥 Content-Type: application/json
   📥 Body Keys: [ 'code', 'projectCode' ]
   📥 code: 780977270a816fa2d6e9196fb9c23dd476637a6fbc62eaf0b1f06230fb813415
   📥 projectCode: MEETBOOKING
   🔄 Calling: POST https://nssv.nsm.go.th/ums/api/auth/exchange-code
   📤 UMS Status: 200
   📤 UMS Response: {
  "status": "success",
  "token": "eyJhbGciOiJIUzI1NiIsInR5cCI6IkpXVCJ9.eyJpZCI6IjY5NmUyYTljYWUxMTg0OWFmYTdhNTM5ZCIsInJvbGUiOiJzdXBlcmFkbWluIiwidXNlcm5hbWUiOiJuYWlvb2IiLCJpYXQiOjE3Nzk2OTM1MzEsImV4cCI6MTc3OTc3OTkzMX0.P4YbHcxHbVrl62Q0bqCUT84WION-2RmYpXk4mJ545FA",
  "user": {
    "id": "696e2a9cae11849afa7a539d",
    "username": "naioob",
    "email": "naioob@gmail.com",
    "firstName": "ธนะรักษ์ oob",
    "lastName": "สุขสันต์",
    "role": "superadmin",
    "phone": "0931317150"
  }
}
   🎯 Role: superadmin → admin
   ✅ Login success: ธนะรักษ์ oob สุขสันต์ (admin)
━━━━━━━━━━━━━━━━━━━━━━━━━━━━━━━━━━
[7:18:52 AM] 📝 GET /api/rooms
[7:18:54 AM] 📝 POST /api/auth/login
[7:19:01 AM] 📝 POST /api/auth/login
[7:19:01 AM] 📝 GET /api/rooms
[7:19:11 AM] 📝 POST /api/auth/login
[7:19:11 AM] 📝 GET /api/rooms
[7:20:05 AM] 📝 GET /api/display/room/69490a065e1a04f70b859ca9
[7:20:12 AM] 📝 GET /api/bookings
[7:20:15 AM] 📝 GET /api/display/room/69490a065e1a04f70b859ca9
[7:20:20 AM] 📝 GET /api/admin/dashboard/statistics
[7:20:27 AM] 📝 POST /api/auth/exchange-code
━━━━━━━━━━━━━━━━━━━━━━━━━━━━━━━━━━
🔐 UMS Exchange Code Request
   📥 Method: POST
   📥 IP: 116.58.245.219
   📥 Origin: https://nssv.nsm.go.th
   📥 Referer: https://nssv.nsm.go.th/napp/auth/callback?code=9047087a1af63e2bc4b7cd712a4b66756b346814a55998e7f9c7d82e8969cfe0
   📥 User-Agent: Mozilla/5.0 (Windows NT 10.0; Win64; x64) AppleWebKit/537.36 (KHTML, like Gecko) Chrome/148.0.0.0 Safari/537.36
   📥 Content-Type: application/json
   📥 Body Keys: [ 'code', 'projectCode' ]
   📥 code: 9047087a1af63e2bc4b7cd712a4b66756b346814a55998e7f9c7d82e8969cfe0
   📥 projectCode: MEETBOOKING
   🔄 Calling: POST https://nssv.nsm.go.th/ums/api/auth/exchange-code
   📤 UMS Status: 200
   📤 UMS Response: {
  "status": "success",
  "token": "eyJhbGciOiJIUzI1NiIsInR5cCI6IkpXVCJ9.eyJpZCI6IjY5ODAwNTM2ZGNiYzM1ZDM0NmQ3NGI2MyIsInJvbGUiOiJtZW1iZXIiLCJ1c2VybmFtZSI6IkdhcCIsImlhdCI6MTc3OTY5MzYyNywiZXhwIjoxNzc5NzgwMDI3fQ.4Y2xg5oW2w-dKhQTTreKcROXogKlP2DkvB5dI1aqRTU",
  "user": {
    "id": "69800536dcbc35d346d74b63",
    "username": "Gap",
    "email": "gap389@gmail.com",
    "firstName": "Prasong",
    "lastName": "Yimyoung",
    "role": "member",
    "phone": "0910277999"
  }
}
   🎯 Role: member → user
   ✅ Login success: Prasong Yimyoung (user)
━━━━━━━━━━━━━━━━━━━━━━━━━━━━━━━━━━
[7:20:27 AM] 📝 GET /api/rooms
[7:20:35 AM] 📝 GET /api/bookings
[7:20:38 AM] 📝 GET /api/bookings/my-bookings
[7:20:43 AM] 📝 POST /api/auth/exchange-code
━━━━━━━━━━━━━━━━━━━━━━━━━━━━━━━━━━
🔐 UMS Exchange Code Request
   📥 Method: POST
   📥 IP: 116.58.245.219
   📥 Origin: https://nssv.nsm.go.th
   📥 Referer: https://nssv.nsm.go.th/napp/auth/callback?code=3fc3804c6fedc8dbaceaa7bb141a45d430aed298513a1a8b430e6f3e05693728
   📥 User-Agent: Mozilla/5.0 (Windows NT 10.0; Win64; x64) AppleWebKit/537.36 (KHTML, like Gecko) Chrome/148.0.0.0 Safari/537.36
   📥 Content-Type: application/json
   📥 Body Keys: [ 'code', 'projectCode' ]
   📥 code: 3fc3804c6fedc8dbaceaa7bb141a45d430aed298513a1a8b430e6f3e05693728
   📥 projectCode: MEETBOOKING
   🔄 Calling: POST https://nssv.nsm.go.th/ums/api/auth/exchange-code
   📤 UMS Status: 200
   📤 UMS Response: {
  "status": "success",
  "token": "eyJhbGciOiJIUzI1NiIsInR5cCI6IkpXVCJ9.eyJpZCI6IjY5OGMzMTMxZGNiYzM1ZDM0NmQ3NGY1NyIsInJvbGUiOiJhZG1pbiIsInVzZXJuYW1lIjoidGF5ZmFyMDEyIiwiaWF0IjoxNzc5NjkzNjQzLCJleHAiOjE3Nzk3ODAwNDN9.SrjPsi5XPdsBXoPb4MOaOoW7XEtE5Go3eMoXPd6R6fU",
  "user": {
    "id": "698c3131dcbc35d346d74f57",
    "username": "tayfar012",
    "email": "tarata.khameam@gmail.com",
    "firstName": "ธราธาร์",
    "lastName": "คำเอี่ยม",
    "role": "admin",
    "phone": "0897034254"
  }
}
   🎯 Role: admin → admin
   ✅ Login success: ธราธาร์ คำเอี่ยม (admin)
━━━━━━━━━━━━━━━━━━━━━━━━━━━━━━━━━━
[7:20:44 AM] 📝 GET /api/rooms
[7:20:57 AM] 📝 GET /api/bookings
[7:20:59 AM] 📝 GET /api/bookings/my-bookings
[7:21:00 AM] 📝 GET /api/rooms
[7:21:01 AM] 📝 GET /api/bookings/my-bookings
[7:21:03 AM] 📝 GET /api/bookings
[7:21:03 AM] 📝 GET /api/bookings/my-bookings
[7:21:04 AM] 📝 GET /api/rooms
[7:21:04 AM] 📝 GET /api/departments
[7:21:21 AM] 📝 GET /api/bookings/my-bookings
[7:21:23 AM] 📝 GET /api/rooms
[7:21:26 AM] 📝 GET /api/bookings
[7:21:28 AM] 📝 GET /api/rooms
[7:21:32 AM] 📝 GET /api/bookings/my-bookings
[7:21:33 AM] 📝 GET /api/departments
[7:21:33 AM] 📝 GET /api/rooms
[7:21:35 AM] 📝 GET /api/rooms
[7:21:35 AM] 📝 GET /api/departments
[7:21:35 AM] 📝 GET /api/display/room/69490a065e1a04f70b859ca9
[7:21:45 AM] 📝 GET /api/display/room/69490a065e1a04f70b859ca9
[7:21:55 AM] 📝 POST /api/auth/exchange-code
━━━━━━━━━━━━━━━━━━━━━━━━━━━━━━━━━━
🔐 UMS Exchange Code Request
   📥 Method: POST
   📥 IP: 116.58.245.219
   📥 Origin: https://nssv.nsm.go.th
   📥 Referer: https://nssv.nsm.go.th/napp/auth/callback?code=fce11a8da9e3f8cfc78e825e3711515d13f33be9cb04b24e0e3489cd1188761b
   📥 User-Agent: Mozilla/5.0 (Windows NT 10.0; Win64; x64) AppleWebKit/537.36 (KHTML, like Gecko) Chrome/148.0.0.0 Safari/537.36
   📥 Content-Type: application/json
   📥 Body Keys: [ 'code', 'projectCode' ]
   📥 code: fce11a8da9e3f8cfc78e825e3711515d13f33be9cb04b24e0e3489cd1188761b
   📥 projectCode: MEETBOOKING
   🔄 Calling: POST https://nssv.nsm.go.th/ums/api/auth/exchange-code
   📤 UMS Status: 200
   📤 UMS Response: {
  "status": "success",
  "token": "eyJhbGciOiJIUzI1NiIsInR5cCI6IkpXVCJ9.eyJpZCI6IjY5ODAwNTM2ZGNiYzM1ZDM0NmQ3NGI2MyIsInJvbGUiOiJtZW1iZXIiLCJ1c2VybmFtZSI6IkdhcCIsImlhdCI6MTc3OTY5MzcxNSwiZXhwIjoxNzc5NzgwMTE1fQ.umCCkqvvHsLWy9MP9SNj3Al7MZgvsiHU21mdBz0mv8Y",
  "user": {
    "id": "69800536dcbc35d346d74b63",
    "username": "Gap",
    "email": "gap389@gmail.com",
    "firstName": "Prasong",
    "lastName": "Yimyoung",
    "role": "member",
    "phone": "0910277999"
  }
}
   🎯 Role: member → user
   ✅ Login success: Prasong Yimyoung (user)
━━━━━━━━━━━━━━━━━━━━━━━━━━━━━━━━━━
[7:21:56 AM] 📝 GET /api/rooms
[7:21:58 AM] 📝 GET /api/bookings
[7:22:00 AM] 📝 GET /api/bookings/my-bookings
[7:22:26 AM] 📝 POST /api/auth/login
[7:22:26 AM] 📝 GET /api/rooms
[7:22:26 AM] 📝 GET /api/rooms
[7:22:30 AM] 📝 GET /api/bookings/my-bookings
[7:22:37 AM] 📝 GET /api/departments
[7:23:06 AM] 📝 GET /api/display/room/69490a065e1a04f70b859ca9
[7:23:15 AM] 📝 GET /api/display/room/69490a065e1a04f70b859ca9
[7:24:00 AM] 📝 POST /api/auth/exchange-code
━━━━━━━━━━━━━━━━━━━━━━━━━━━━━━━━━━
🔐 UMS Exchange Code Request
   📥 Method: POST
   📥 IP: 116.58.245.219
   📥 Origin: https://nssv.nsm.go.th
   📥 Referer: https://nssv.nsm.go.th/napp/auth/callback?code=cf3e34bb51483dc3b00fa8e56013b630f78055c392eb8eb898730da7b154b09e
   📥 User-Agent: Mozilla/5.0 (Windows NT 10.0; Win64; x64; rv:151.0) Gecko/20100101 Firefox/151.0
   📥 Content-Type: application/json
   📥 Body Keys: [ 'code', 'projectCode' ]
   📥 code: cf3e34bb51483dc3b00fa8e56013b630f78055c392eb8eb898730da7b154b09e
   📥 projectCode: MEETBOOKING
   🔄 Calling: POST https://nssv.nsm.go.th/ums/api/auth/exchange-code
   📤 UMS Status: 200
   📤 UMS Response: {
  "status": "success",
  "token": "eyJhbGciOiJIUzI1NiIsInR5cCI6IkpXVCJ9.eyJpZCI6IjY5ODAwNTM2ZGNiYzM1ZDM0NmQ3NGI2MyIsInJvbGUiOiJtZW1iZXIiLCJ1c2VybmFtZSI6IkdhcCIsImlhdCI6MTc3OTY5Mzg0MCwiZXhwIjoxNzc5NzgwMjQwfQ.hWjFaaZV6lGVf6sSV-ecpJYQOFGQvnpNmY5Cd_OmQv4",
  "user": {
    "id": "69800536dcbc35d346d74b63",
    "username": "Gap",
    "email": "gap389@gmail.com",
    "firstName": "Prasong",
    "lastName": "Yimyoung",
    "role": "member",
    "phone": "0910277999"
  }
}
   🎯 Role: member → user
   ✅ Login success: Prasong Yimyoung (user)
━━━━━━━━━━━━━━━━━━━━━━━━━━━━━━━━━━
[7:24:00 AM] 📝 GET /api/rooms
[7:24:05 AM] 📝 GET /api/bookings/my-bookings
[7:24:28 AM] 📝 GET /api/departments
[7:24:28 AM] 📝 GET /api/rooms
[7:24:36 AM] 📝 GET /api/display/room/69490a065e1a04f70b859ca9
[7:24:45 AM] 📝 GET /api/display/room/69490a065e1a04f70b859ca9
[7:24:55 AM] 📝 POST /api/auth/login
[7:25:01 AM] 📝 POST /api/auth/login
[7:26:06 AM] 📝 GET /api/display/room/69490a065e1a04f70b859ca9
[7:26:15 AM] 📝 GET /api/display/room/69490a065e1a04f70b859ca9
[7:26:57 AM] 📝 POST /api/auth/login
[7:26:57 AM] 📝 GET /api/rooms
[7:27:00 AM] 📝 GET /api/rooms/69490a065e1a04f70b859ca9
[7:27:00 AM] 📝 GET /api/bookings
[7:27:02 AM] 📝 GET /api/bookings
[7:27:11 AM] 📝 GET /api/bookings
[7:27:36 AM] 📝 GET /api/display/room/69490a065e1a04f70b859ca9
[7:27:46 AM] 📝 GET /api/display/room/69490a065e1a04f70b859ca9
[7:28:07 AM] 📝 GET /api/bookings
[7:28:08 AM] 📝 GET /api/rooms
[7:28:14 AM] 📝 GET /api/admin/dashboard/statistics
[7:28:16 AM] 📝 GET /api/rooms
[7:28:49 AM] 📝 POST /api/rooms
[7:28:50 AM] 📝 GET /api/rooms
[7:29:02 AM] 📝 GET /api/rooms
[7:29:06 AM] 📝 GET /api/display/room/69490a065e1a04f70b859ca9
[7:29:16 AM] 📝 GET /api/display/room/69490a065e1a04f70b859ca9
[7:29:28 AM] 📝 GET /api/admin/stats/popular-rooms
[7:29:28 AM] 📝 GET /api/admin/stats/bookings-trend
[7:29:28 AM] 📝 GET /api/admin/stats/department-usage
[7:29:28 AM] 📝 GET /api/admin/stats/monthly-stats
[7:29:30 AM] 📝 GET /api/rooms
[7:29:32 AM] 📝 GET /api/admin/bookings
[7:29:34 AM] 📝 GET /api/display/rooms
[7:29:37 AM] 📝 GET /api/bookings/my-bookings
[7:29:38 AM] 📝 GET /api/bookings
[7:29:58 AM] 📝 POST /api/auth/exchange-code
━━━━━━━━━━━━━━━━━━━━━━━━━━━━━━━━━━
🔐 UMS Exchange Code Request
   📥 Method: POST
   📥 IP: 116.58.245.219
   📥 Origin: https://nssv.nsm.go.th
   📥 Referer: https://nssv.nsm.go.th/napp/auth/callback?code=bb107705d93fe3365816ce90e28f5eacd5c1e61716eeddecc6738fc4f5eb281d
   📥 User-Agent: Mozilla/5.0 (Windows NT 10.0; Win64; x64; rv:151.0) Gecko/20100101 Firefox/151.0
   📥 Content-Type: application/json
   📥 Body Keys: [ 'code', 'projectCode' ]
   📥 code: bb107705d93fe3365816ce90e28f5eacd5c1e61716eeddecc6738fc4f5eb281d
   📥 projectCode: MEETBOOKING
   🔄 Calling: POST https://nssv.nsm.go.th/ums/api/auth/exchange-code
   📤 UMS Status: 200
   📤 UMS Response: {
  "status": "success",
  "token": "eyJhbGciOiJIUzI1NiIsInR5cCI6IkpXVCJ9.eyJpZCI6IjY5ODAwNTM2ZGNiYzM1ZDM0NmQ3NGI2MyIsInJvbGUiOiJtZW1iZXIiLCJ1c2VybmFtZSI6IkdhcCIsImlhdCI6MTc3OTY5NDE5OCwiZXhwIjoxNzc5NzgwNTk4fQ.ZDDgBCNvTADORY_r1x8soVnYTwolORY-n5qEaOZVUXk",
  "user": {
    "id": "69800536dcbc35d346d74b63",
    "username": "Gap",
    "email": "gap389@gmail.com",
    "firstName": "Prasong",
    "lastName": "Yimyoung",
    "role": "member",
    "phone": "0910277999"
  }
}
   🎯 Role: member → user
   ✅ Login success: Prasong Yimyoung (user)
━━━━━━━━━━━━━━━━━━━━━━━━━━━━━━━━━━
[7:29:59 AM] 📝 GET /api/rooms
[7:30:01 AM] 📝 GET /api/bookings
[7:30:03 AM] 📝 GET /api/bookings/my-bookings
[7:30:09 AM] 📝 GET /api/rooms
[7:30:13 AM] 📝 GET /api/bookings/my-bookings
[7:30:16 AM] 📝 GET /api/rooms
[7:30:16 AM] 📝 GET /api/departments
[7:30:19 AM] 📝 GET /api/departments
[7:30:19 AM] 📝 GET /api/rooms
[7:30:36 AM] 📝 GET /api/display/room/69490a065e1a04f70b859ca9
[7:30:46 AM] 📝 GET /api/display/room/69490a065e1a04f70b859ca9
[7:31:02 AM] 📝 GET /api/rooms
[7:31:12 AM] 📝 GET /api/rooms
[7:32:06 AM] 📝 GET /api/display/room/69490a065e1a04f70b859ca9
[7:32:16 AM] 📝 GET /api/display/room/69490a065e1a04f70b859ca9
[7:33:36 AM] 📝 GET /api/display/room/69490a065e1a04f70b859ca9
[7:33:46 AM] 📝 GET /api/display/room/69490a065e1a04f70b859ca9
[7:35:07 AM] 📝 GET /api/display/room/69490a065e1a04f70b859ca9
[7:35:08 AM] 📝 GET /api/bookings/my-bookings
[7:35:09 AM] 📝 GET /api/departments
[7:35:09 AM] 📝 GET /api/rooms
[7:35:16 AM] 📝 GET /api/display/room/69490a065e1a04f70b859ca9
[7:35:37 AM] 📝 GET /api/bookings
[7:35:44 AM] 📝 GET /api/rooms
[7:35:45 AM] 📝 GET /api/rooms/69490a065e1a04f70b859caa
[7:35:46 AM] 📝 GET /api/bookings
[7:35:54 AM] 📝 GET /api/rooms
[7:35:58 AM] 📝 GET /api/rooms/69490a065e1a04f70b859ca9
[7:35:58 AM] 📝 GET /api/bookings
[7:36:02 AM] 📝 GET /api/bookings/my-bookings
[7:36:03 AM] 📝 GET /api/rooms
[7:36:03 AM] 📝 GET /api/departments
[7:36:14 AM] 📝 GET /api/rooms
[7:36:23 AM] 📝 GET /api/rooms/69490a065e1a04f70b859ca9
[7:36:23 AM] 📝 GET /api/bookings
[7:36:24 AM] 📝 GET /api/bookings
[7:36:37 AM] 📝 GET /api/display/room/69490a065e1a04f70b859ca9
[7:36:46 AM] 📝 GET /api/display/room/69490a065e1a04f70b859ca9
[7:36:59 AM] 📝 GET /api/bookings/my-bookings
[7:37:00 AM] 📝 GET /api/rooms
[7:37:00 AM] 📝 GET /api/departments
[7:37:17 AM] 📝 GET /api/bookings
[7:38:07 AM] 📝 GET /api/display/room/69490a065e1a04f70b859ca9
[7:38:16 AM] 📝 GET /api/display/room/69490a065e1a04f70b859ca9
[7:38:46 AM] 📝 POST /api/bookings
[7:38:47 AM] 📝 GET /api/bookings/my-bookings
[7:38:51 AM] 📝 GET /api/admin/dashboard/statistics
[7:38:54 AM] 📝 GET /api/admin/bookings
[7:39:06 AM] 📝 PUT /api/admin/bookings/6a13fc86f9491de834877e64/status
[7:39:07 AM] 📝 GET /api/admin/bookings
[7:39:09 AM] 📝 PUT /api/admin/bookings/6a13fc86f9491de834877e64/status
[7:39:24 AM] 📝 GET /api/admin/bookings
[7:39:36 AM] 📝 GET /api/bookings/my-bookings
[7:39:36 AM] 📝 GET /api/display/room/69490a065e1a04f70b859ca9
[7:39:40 AM] 📝 GET /api/rooms
[7:39:43 AM] 📝 GET /api/bookings/my-bookings
[7:39:46 AM] 📝 GET /api/rooms
[7:39:46 AM] 📝 GET /api/departments
[7:39:46 AM] 📝 GET /api/display/room/69490a065e1a04f70b859ca9
[7:39:58 AM] 📝 GET /api/rooms
[7:40:01 AM] 📝 GET /api/rooms/69490a065e1a04f70b859ca9
[7:40:01 AM] 📝 GET /api/bookings
[7:40:09 AM] 📝 GET /api/rooms
[7:40:11 AM] 📝 GET /api/rooms/69490a065e1a04f70b859cab
[7:40:11 AM] 📝 GET /api/bookings
[7:40:38 AM] 📝 GET /api/bookings/my-bookings
[7:40:39 AM] 📝 GET /api/rooms
[7:40:39 AM] 📝 GET /api/departments
[7:40:41 AM] 📝 GET /api/departments
[7:40:41 AM] 📝 GET /api/rooms
[7:41:07 AM] 📝 GET /api/display/room/69490a065e1a04f70b859ca9
[7:41:16 AM] 📝 GET /api/display/room/69490a065e1a04f70b859ca9
[7:42:00 AM] 📝 GET /api/bookings
[7:42:13 AM] 📝 GET /api/bookings
[7:42:15 AM] 📝 GET /api/bookings
[7:42:21 AM] 📝 GET /api/bookings
[7:42:24 AM] 📝 POST /api/bookings
[7:42:24 AM] 📝 POST /api/bookings
[7:42:25 AM] 📝 GET /api/bookings/my-bookings
[7:42:32 AM] 📝 GET /api/admin/dashboard/statistics
[7:42:34 AM] 📝 GET /api/admin/bookings
[7:42:37 AM] 📝 GET /api/display/room/69490a065e1a04f70b859ca9
[7:42:41 AM] 📝 PUT /api/admin/bookings/6a13fd60f9491de834877ec6/status
[7:42:43 AM] 📝 GET /api/admin/bookings
[7:42:44 AM] 📝 PUT /api/admin/bookings/6a13fd60f9491de834877ecc/status
[7:42:44 AM] 📝 GET /api/admin/bookings
[7:42:46 AM] 📝 GET /api/auth/me
[7:42:46 AM] 📝 GET /api/admin/dashboard/statistics
[7:42:47 AM] 📝 GET /api/display/room/69490a065e1a04f70b859ca9
[7:42:48 AM] 📝 GET /api/admin/bookings
[7:42:53 AM] 📝 GET /api/bookings/my-bookings
[7:43:01 AM] 📝 GET /api/bookings
[7:43:05 AM] 📝 GET /api/rooms
[7:43:06 AM] 📝 GET /api/bookings
[7:43:10 AM] 📝 GET /api/rooms
[7:43:11 AM] 📝 GET /api/rooms/69490a065e1a04f70b859ca9
[7:43:11 AM] 📝 GET /api/bookings
[7:43:54 AM] 📝 GET /api/rooms
[7:44:05 AM] 📝 GET /api/rooms/69490a065e1a04f70b859ca9
[7:44:06 AM] 📝 GET /api/bookings
[7:44:07 AM] 📝 GET /api/bookings
[7:44:07 AM] 📝 GET /api/display/room/69490a065e1a04f70b859ca9
[7:44:14 AM] 📝 GET /api/bookings/my-bookings
[7:44:17 AM] 📝 GET /api/display/room/69490a065e1a04f70b859ca9
[7:44:40 AM] 📝 GET /api/rooms
[7:44:41 AM] 📝 GET /api/rooms/69490a065e1a04f70b859ca9
[7:44:41 AM] 📝 GET /api/bookings
[7:44:42 AM] 📝 GET /api/bookings
[7:44:49 AM] 📝 GET /api/bookings/my-bookings
[7:44:50 AM] 📝 GET /api/departments
[7:44:50 AM] 📝 GET /api/rooms
[7:45:05 AM] 📝 GET /api/bookings
[7:45:37 AM] 📝 GET /api/display/room/69490a065e1a04f70b859ca9
[7:45:47 AM] 📝 GET /api/display/room/69490a065e1a04f70b859ca9
[7:46:06 AM] 📝 POST /api/bookings
[7:46:08 AM] 📝 GET /api/bookings/my-bookings
[7:46:15 AM] 📝 GET /api/rooms
[7:46:18 AM] 📝 GET /api/rooms/69490a065e1a04f70b859cab
[7:46:18 AM] 📝 GET /api/bookings
[7:46:28 AM] 📝 GET /api/bookings
[7:47:07 AM] 📝 GET /api/display/room/69490a065e1a04f70b859ca9
[7:47:17 AM] 📝 GET /api/display/room/69490a065e1a04f70b859ca9
[7:48:37 AM] 📝 GET /api/display/room/69490a065e1a04f70b859ca9
[7:48:47 AM] 📝 GET /api/display/room/69490a065e1a04f70b859ca9
[7:49:17 AM] 📝 GET /api/bookings/my-bookings
[7:49:20 AM] 📝 GET /api/rooms
[7:49:20 AM] 📝 GET /api/departments
[7:50:08 AM] 📝 GET /api/display/room/69490a065e1a04f70b859ca9
[7:50:17 AM] 📝 GET /api/display/room/69490a065e1a04f70b859ca9
[7:50:55 AM] 📝 GET /api/bookings
[7:51:03 AM] 📝 POST /api/bookings
[7:51:04 AM] 📝 GET /api/bookings/my-bookings
[7:51:11 AM] 📝 GET /api/admin/dashboard/statistics
[7:51:13 AM] 📝 GET /api/admin/bookings
[7:51:37 AM] 📝 GET /api/display/room/69490a065e1a04f70b859ca9
[7:51:41 AM] 📝 PUT /api/admin/bookings/6a13fe3ef9491de834877f4c/status
[7:51:42 AM] 📝 GET /api/admin/bookings
[7:51:43 AM] 📝 PUT /api/admin/bookings/6a13ff67f9491de834877f85/status
[7:51:44 AM] 📝 GET /api/admin/bookings
[7:51:46 AM] 📝 GET /api/rooms
[7:51:46 AM] 📝 GET /api/admin/bookings
[7:51:47 AM] 📝 GET /api/display/room/69490a065e1a04f70b859ca9
[7:51:51 AM] 📝 GET /api/bookings/my-bookings
[7:51:53 AM] 📝 GET /api/rooms
[7:52:00 AM] 📝 GET /api/rooms/696f36019adeec8a6063cb8c
[7:52:00 AM] 📝 GET /api/bookings
[7:52:03 AM] 📝 GET /api/bookings
[7:52:43 AM] 📝 GET /api/rooms
[7:52:48 AM] 📝 GET /api/bookings/my-bookings
[7:52:50 AM] 📝 GET /api/rooms
[7:53:08 AM] 📝 GET /api/display/room/69490a065e1a04f70b859ca9
[7:53:16 AM] 📝 GET /api/rooms/69490a065e1a04f70b859ca9
[7:53:16 AM] 📝 GET /api/bookings
[7:53:17 AM] 📝 GET /api/display/room/69490a065e1a04f70b859ca9
[7:53:17 AM] 📝 GET /api/bookings
[7:53:23 AM] 📝 GET /api/bookings
[7:53:31 AM] 📝 GET /api/bookings
[7:53:35 AM] 📝 GET /api/rooms
[7:53:44 AM] 📝 GET /api/rooms/69490a065e1a04f70b859cab
[7:53:44 AM] 📝 GET /api/bookings
[7:53:45 AM] 📝 GET /api/bookings
[7:54:24 AM] 📝 GET /api/bookings/my-bookings
[7:54:25 AM] 📝 GET /api/rooms
[7:54:25 AM] 📝 GET /api/departments
[7:54:38 AM] 📝 GET /api/display/room/69490a065e1a04f70b859ca9
[7:54:47 AM] 📝 GET /api/display/room/69490a065e1a04f70b859ca9
[7:55:22 AM] 📝 GET /api/rooms
[7:55:22 AM] 📝 GET /api/departments
[7:55:48 AM] 📝 GET /api/bookings
[7:55:59 AM] 📝 GET /api/bookings
[7:56:01 AM] 📝 GET /api/bookings
[7:56:07 AM] 📝 GET /api/bookings
[7:56:07 AM] 📝 POST /api/bookings
[7:56:07 AM] 📝 POST /api/bookings
[7:56:08 AM] 📝 GET /api/display/room/69490a065e1a04f70b859ca9
[7:56:09 AM] 📝 GET /api/bookings/my-bookings
[7:56:18 AM] 📝 GET /api/display/room/69490a065e1a04f70b859ca9
[7:56:39 AM] 📝 GET /api/rooms
[7:56:39 AM] 📝 GET /api/departments
[7:57:29 AM] 📝 GET /api/bookings
[7:57:29 AM] 📝 GET /api/bookings
[7:57:37 AM] 📝 GET /api/bookings
[7:57:38 AM] 📝 GET /api/display/room/69490a065e1a04f70b859ca9
[7:57:39 AM] 📝 GET /api/rooms/696f36019adeec8a6063cb8c
[7:57:39 AM] 📝 GET /api/bookings
[7:57:43 AM] 📝 GET /api/bookings
[7:57:48 AM] 📝 GET /api/display/room/69490a065e1a04f70b859ca9
[7:57:53 AM] 📝 GET /api/bookings
[7:58:03 AM] 📝 GET /api/bookings
[7:58:17 AM] 📝 GET /api/bookings
[7:58:19 AM] 📝 GET /api/rooms
[7:58:27 AM] 📝 GET /api/rooms/69490a065e1a04f70b859cab
[7:58:27 AM] 📝 GET /api/bookings
[7:58:28 AM] 📝 GET /api/bookings
[7:58:31 AM] 📝 GET /api/bookings
[7:58:36 AM] 📝 POST /api/bookings
[7:58:36 AM] 📝 POST /api/bookings
[7:58:36 AM] 📝 POST /api/bookings
[7:58:36 AM] 📝 POST /api/bookings
[7:58:36 AM] 📝 POST /api/bookings
[7:58:37 AM] 📝 GET /api/bookings/my-bookings
[7:58:45 AM] 📝 GET /api/rooms
[7:58:47 AM] 📝 GET /api/rooms/696f36019adeec8a6063cb8c
[7:58:47 AM] 📝 GET /api/bookings
[7:58:48 AM] 📝 GET /api/bookings
[7:58:49 AM] 📝 GET /api/bookings
[7:58:49 AM] 📝 GET /api/rooms
[7:58:52 AM] 📝 GET /api/admin/dashboard/statistics
[7:58:56 AM] 📝 GET /api/admin/bookings
[7:59:09 AM] 📝 GET /api/display/room/69490a065e1a04f70b859ca9
[7:59:09 AM] 📝 GET /api/rooms
[7:59:10 AM] 📝 GET /api/bookings/my-bookings
[7:59:18 AM] 📝 GET /api/display/room/69490a065e1a04f70b859ca9
[8:00:27 AM] 📝 GET /api/rooms
[8:00:30 AM] 📝 GET /api/rooms/69490a065e1a04f70b859ca9
[8:00:30 AM] 📝 GET /api/bookings
[8:00:31 AM] 📝 GET /api/bookings
[8:00:38 AM] 📝 GET /api/display/room/69490a065e1a04f70b859ca9
[8:00:39 AM] 📝 GET /api/rooms
[8:00:43 AM] 📝 GET /api/rooms/69490a065e1a04f70b859cab
[8:00:43 AM] 📝 GET /api/bookings
[8:00:45 AM] 📝 GET /api/bookings
[8:00:48 AM] 📝 GET /api/display/room/69490a065e1a04f70b859ca9
[8:01:14 AM] 📝 GET /api/rooms
[8:01:48 AM] 📝 GET /api/bookings
[8:02:09 AM] 📝 GET /api/display/room/69490a065e1a04f70b859ca9
[8:02:18 AM] 📝 GET /api/display/room/69490a065e1a04f70b859ca9
[8:02:24 AM] 📝 GET /api/rooms
[8:02:26 AM] 📝 GET /api/rooms/69490a065e1a04f70b859caa
[8:02:26 AM] 📝 GET /api/bookings
[8:02:37 AM] 📝 GET /api/rooms
[8:02:39 AM] 📝 GET /api/admin/dashboard/statistics
[8:02:42 AM] 📝 GET /api/admin/bookings
[8:02:56 AM] 📝 GET /api/rooms
[8:03:02 AM] 📝 GET /api/rooms
[8:03:04 AM] 📝 GET /api/admin/dashboard/statistics
[8:03:06 AM] 📝 GET /api/display/rooms
[8:03:10 AM] 📝 GET /api/admin/bookings
[8:03:27 AM] 📝 GET /api/rooms
[8:03:38 AM] 📝 GET /api/display/room/69490a065e1a04f70b859ca9
[8:03:48 AM] 📝 GET /api/display/room/69490a065e1a04f70b859ca9
[8:05:09 AM] 📝 GET /api/display/room/69490a065e1a04f70b859ca9
[8:05:18 AM] 📝 GET /api/display/room/69490a065e1a04f70b859ca9
[8:06:15 AM] 📝 POST /api/auth/login
[8:06:16 AM] 📝 GET /api/rooms
[8:06:17 AM] 📝 GET /api/rooms
[8:06:39 AM] 📝 GET /api/display/room/69490a065e1a04f70b859ca9
[8:06:48 AM] 📝 GET /api/display/room/69490a065e1a04f70b859ca9
[8:08:09 AM] 📝 GET /api/display/room/69490a065e1a04f70b859ca9
[8:08:18 AM] 📝 GET /api/display/room/69490a065e1a04f70b859ca9
[8:09:39 AM] 📝 GET /api/display/room/69490a065e1a04f70b859ca9
[8:09:49 AM] 📝 GET /api/display/room/69490a065e1a04f70b859ca9
[8:11:09 AM] 📝 GET /api/display/room/69490a065e1a04f70b859ca9
[8:11:19 AM] 📝 GET /api/display/room/69490a065e1a04f70b859ca9
[8:12:39 AM] 📝 GET /api/display/room/69490a065e1a04f70b859ca9
[8:12:49 AM] 📝 GET /api/display/room/69490a065e1a04f70b859ca9
[8:14:10 AM] 📝 GET /api/display/room/69490a065e1a04f70b859ca9
[8:14:19 AM] 📝 GET /api/display/room/69490a065e1a04f70b859ca9
[8:15:39 AM] 📝 GET /api/display/room/69490a065e1a04f70b859ca9
[8:15:49 AM] 📝 GET /api/display/room/69490a065e1a04f70b859ca9
[8:16:57 AM] 📝 GET /api/auth/me
[8:16:58 AM] 📝 GET /api/rooms
[8:17:03 AM] 📝 GET /api/departments
[8:17:10 AM] 📝 GET /api/display/room/69490a065e1a04f70b859ca9
[8:17:19 AM] 📝 GET /api/display/room/69490a065e1a04f70b859ca9
[8:17:30 AM] 📝 GET /api/departments
[8:18:29 AM] 📝 POST /api/auth/register
[8:18:40 AM] 📝 GET /api/display/room/69490a065e1a04f70b859ca9
[8:18:49 AM] 📝 GET /api/display/room/69490a065e1a04f70b859ca9
[8:18:57 AM] 📝 POST /api/auth/register
[8:19:25 AM] 📝 POST /api/auth/register
[8:20:10 AM] 📝 GET /api/display/room/69490a065e1a04f70b859ca9
[8:20:20 AM] 📝 GET /api/display/room/69490a065e1a04f70b859ca9
[8:20:33 AM] 📝 POST /api/auth/login
[8:20:44 AM] 📝 POST /api/auth/login
[8:21:24 AM] 📝 POST /api/auth/login
[8:21:32 AM] 📝 POST /api/auth/login
[8:21:40 AM] 📝 GET /api/display/room/69490a065e1a04f70b859ca9
[8:21:50 AM] 📝 GET /api/display/room/69490a065e1a04f70b859ca9
[8:23:10 AM] 📝 GET /api/display/room/69490a065e1a04f70b859ca9
[8:23:20 AM] 📝 GET /api/display/room/69490a065e1a04f70b859ca9
[8:24:40 AM] 📝 GET /api/display/room/69490a065e1a04f70b859ca9
[8:24:50 AM] 📝 GET /api/display/room/69490a065e1a04f70b859ca9
[8:26:07 AM] 📝 POST /api/auth/login
[8:26:07 AM] 📝 GET /api/rooms
[8:26:09 AM] 📝 GET /api/bookings
[8:26:09 AM] 📝 GET /api/admin/dashboard/statistics
[8:26:11 AM] 📝 GET /api/display/room/69490a065e1a04f70b859ca9
[8:26:18 AM] 📝 GET /api/admin/stats/bookings-trend
[8:26:18 AM] 📝 GET /api/admin/stats/popular-rooms
[8:26:18 AM] 📝 GET /api/admin/stats/monthly-stats
[8:26:18 AM] 📝 GET /api/admin/stats/department-usage
[8:26:19 AM] 📝 GET /api/rooms
[8:26:19 AM] 📝 GET /api/admin/stats/monthly-stats
[8:26:19 AM] 📝 GET /api/admin/stats/bookings-trend
[8:26:19 AM] 📝 GET /api/admin/stats/department-usage
[8:26:19 AM] 📝 GET /api/admin/stats/popular-rooms
[8:26:20 AM] 📝 GET /api/display/room/69490a065e1a04f70b859ca9
[8:26:29 AM] 📝 GET /api/rooms
[8:26:41 AM] 📝 GET /api/bookings
[8:27:04 AM] 📝 GET /api/bookings
[8:27:40 AM] 📝 GET /api/display/room/69490a065e1a04f70b859ca9
[8:27:51 AM] 📝 GET /api/display/room/69490a065e1a04f70b859ca9
[8:29:11 AM] 📝 GET /api/display/room/69490a065e1a04f70b859ca9
[8:29:20 AM] 📝 GET /api/display/room/69490a065e1a04f70b859ca9
[8:29:30 AM] 📝 POST /api/auth/login
[8:30:41 AM] 📝 GET /api/display/room/69490a065e1a04f70b859ca9
[8:30:51 AM] 📝 GET /api/display/room/69490a065e1a04f70b859ca9
[8:32:11 AM] 📝 GET /api/display/room/69490a065e1a04f70b859ca9
[8:32:21 AM] 📝 GET /api/display/room/69490a065e1a04f70b859ca9
[8:33:41 AM] 📝 GET /api/display/room/69490a065e1a04f70b859ca9
[8:33:51 AM] 📝 GET /api/display/room/69490a065e1a04f70b859ca9
[8:35:11 AM] 📝 GET /api/display/room/69490a065e1a04f70b859ca9
[8:35:21 AM] 📝 GET /api/display/room/69490a065e1a04f70b859ca9
[8:36:41 AM] 📝 GET /api/display/room/69490a065e1a04f70b859ca9
[8:36:51 AM] 📝 GET /api/display/room/69490a065e1a04f70b859ca9
[8:38:12 AM] 📝 GET /api/display/room/69490a065e1a04f70b859ca9
[8:38:21 AM] 📝 GET /api/display/room/69490a065e1a04f70b859ca9
[8:39:41 AM] 📝 GET /api/display/room/69490a065e1a04f70b859ca9
[8:39:52 AM] 📝 GET /api/display/room/69490a065e1a04f70b859ca9
[8:41:12 AM] 📝 GET /api/display/room/69490a065e1a04f70b859ca9
[8:41:21 AM] 📝 GET /api/display/room/69490a065e1a04f70b859ca9
[8:42:42 AM] 📝 GET /api/display/room/69490a065e1a04f70b859ca9
[8:42:51 AM] 📝 GET /api/display/room/69490a065e1a04f70b859ca9
[8:44:12 AM] 📝 GET /api/display/room/69490a065e1a04f70b859ca9
[8:44:22 AM] 📝 GET /api/display/room/69490a065e1a04f70b859ca9
[8:45:42 AM] 📝 GET /api/display/room/69490a065e1a04f70b859ca9
[8:45:52 AM] 📝 GET /api/display/room/69490a065e1a04f70b859ca9
[8:47:12 AM] 📝 GET /api/display/room/69490a065e1a04f70b859ca9
[8:47:22 AM] 📝 GET /api/display/room/69490a065e1a04f70b859ca9
[8:48:42 AM] 📝 GET /api/display/room/69490a065e1a04f70b859ca9
[8:48:52 AM] 📝 GET /api/display/room/69490a065e1a04f70b859ca9
[8:50:12 AM] 📝 GET /api/display/room/69490a065e1a04f70b859ca9
[8:50:22 AM] 📝 GET /api/display/room/69490a065e1a04f70b859ca9
[8:51:42 AM] 📝 GET /api/display/room/69490a065e1a04f70b859ca9
[8:51:52 AM] 📝 GET /api/display/room/69490a065e1a04f70b859ca9
[8:53:13 AM] 📝 GET /api/display/room/69490a065e1a04f70b859ca9
[8:53:22 AM] 📝 GET /api/display/room/69490a065e1a04f70b859ca9
[8:54:43 AM] 📝 GET /api/display/room/69490a065e1a04f70b859ca9
[8:54:52 AM] 📝 GET /api/display/room/69490a065e1a04f70b859ca9
[8:56:13 AM] 📝 GET /api/display/room/69490a065e1a04f70b859ca9
[8:56:23 AM] 📝 GET /api/display/room/69490a065e1a04f70b859ca9
[8:57:43 AM] 📝 GET /api/display/room/69490a065e1a04f70b859ca9
[8:57:53 AM] 📝 GET /api/display/room/69490a065e1a04f70b859ca9
[8:59:13 AM] 📝 GET /api/display/room/69490a065e1a04f70b859ca9
[8:59:23 AM] 📝 GET /api/display/room/69490a065e1a04f70b859ca9
[9:00:43 AM] 📝 GET /api/display/room/69490a065e1a04f70b859ca9
[9:00:53 AM] 📝 GET /api/display/room/69490a065e1a04f70b859ca9
[9:02:13 AM] 📝 GET /api/display/room/69490a065e1a04f70b859ca9
[9:02:23 AM] 📝 GET /api/display/room/69490a065e1a04f70b859ca9
[9:03:43 AM] 📝 GET /api/display/room/69490a065e1a04f70b859ca9
[9:03:53 AM] 📝 GET /api/display/room/69490a065e1a04f70b859ca9
[9:05:13 AM] 📝 GET /api/display/room/69490a065e1a04f70b859ca9
[9:05:23 AM] 📝 GET /api/display/room/69490a065e1a04f70b859ca9
[9:06:44 AM] 📝 GET /api/display/room/69490a065e1a04f70b859ca9
[9:06:53 AM] 📝 GET /api/display/room/69490a065e1a04f70b859ca9
[9:08:14 AM] 📝 GET /api/display/room/69490a065e1a04f70b859ca9
[9:08:24 AM] 📝 GET /api/display/room/69490a065e1a04f70b859ca9
[9:09:44 AM] 📝 GET /api/display/room/69490a065e1a04f70b859ca9
[9:09:54 AM] 📝 GET /api/display/room/69490a065e1a04f70b859ca9
[9:11:14 AM] 📝 GET /api/display/room/69490a065e1a04f70b859ca9
[9:11:24 AM] 📝 GET /api/display/room/69490a065e1a04f70b859ca9
[9:12:44 AM] 📝 GET /api/display/room/69490a065e1a04f70b859ca9
[9:12:54 AM] 📝 GET /api/display/room/69490a065e1a04f70b859ca9
[9:14:14 AM] 📝 GET /api/display/room/69490a065e1a04f70b859ca9
[9:14:24 AM] 📝 GET /api/display/room/69490a065e1a04f70b859ca9
[9:15:44 AM] 📝 GET /api/display/room/69490a065e1a04f70b859ca9
[9:15:45 AM] 📝 GET /api/display/uploads/69490a065e1a04f70b859ca9_1778836721767.png
[9:15:54 AM] 📝 GET /api/display/room/69490a065e1a04f70b859ca9
[9:17:15 AM] 📝 GET /api/display/room/69490a065e1a04f70b859ca9
[9:17:25 AM] 📝 GET /api/display/room/69490a065e1a04f70b859ca9
[9:18:45 AM] 📝 GET /api/display/room/69490a065e1a04f70b859ca9
[9:18:55 AM] 📝 GET /api/display/room/69490a065e1a04f70b859ca9
[9:20:15 AM] 📝 GET /api/display/room/69490a065e1a04f70b859ca9
[9:20:25 AM] 📝 GET /api/display/room/69490a065e1a04f70b859ca9
[9:21:45 AM] 📝 GET /api/display/room/69490a065e1a04f70b859ca9
[9:21:55 AM] 📝 GET /api/display/room/69490a065e1a04f70b859ca9
[9:23:15 AM] 📝 GET /api/display/room/69490a065e1a04f70b859ca9
[9:23:25 AM] 📝 GET /api/display/room/69490a065e1a04f70b859ca9
[9:24:45 AM] 📝 GET /api/display/room/69490a065e1a04f70b859ca9
[9:24:55 AM] 📝 GET /api/display/room/69490a065e1a04f70b859ca9
[9:26:15 AM] 📝 GET /api/display/room/69490a065e1a04f70b859ca9
[9:26:25 AM] 📝 GET /api/display/room/69490a065e1a04f70b859ca9
[9:27:45 AM] 📝 GET /api/display/room/69490a065e1a04f70b859ca9
[9:27:55 AM] 📝 GET /api/display/room/69490a065e1a04f70b859ca9
[9:29:15 AM] 📝 GET /api/display/room/69490a065e1a04f70b859ca9
[9:29:26 AM] 📝 GET /api/display/room/69490a065e1a04f70b859ca9
[1:19:55 PM] 📝 GET /api/bookings
[1:15:27 AM] 📝 GET /api/display/room/69490a065e1a04f70b859caa
[1:15:27 AM] 📝 GET /api/display/uploads/69490a065e1a04f70b859caa_1778836967898.png
[1:16:45 AM] 📝 GET /api/display/room/69490a065e1a04f70b859caa
[1:18:05 AM] 📝 GET /api/display/room/69490a065e1a04f70b859caa
[1:18:15 AM] 📝 GET /api/display/room/69490a065e1a04f70b859caa
[1:19:35 AM] 📝 GET /api/display/room/69490a065e1a04f70b859caa
[1:19:45 AM] 📝 GET /api/display/room/69490a065e1a04f70b859caa
[1:21:05 AM] 📝 GET /api/display/room/69490a065e1a04f70b859caa
[1:21:15 AM] 📝 GET /api/display/room/69490a065e1a04f70b859caa
[1:22:35 AM] 📝 GET /api/display/room/69490a065e1a04f70b859caa
[1:22:45 AM] 📝 GET /api/display/room/69490a065e1a04f70b859caa
[1:24:05 AM] 📝 GET /api/display/room/69490a065e1a04f70b859caa
[1:24:15 AM] 📝 GET /api/display/room/69490a065e1a04f70b859caa
[1:25:36 AM] 📝 GET /api/display/room/69490a065e1a04f70b859caa
[1:25:46 AM] 📝 GET /api/display/room/69490a065e1a04f70b859caa
[1:27:06 AM] 📝 GET /api/display/room/69490a065e1a04f70b859caa
[1:27:16 AM] 📝 GET /api/display/room/69490a065e1a04f70b859caa
[1:28:36 AM] 📝 GET /api/display/room/69490a065e1a04f70b859caa
[1:28:46 AM] 📝 GET /api/display/room/69490a065e1a04f70b859caa
[1:29:55 AM] 📝 GET /api/display/room/69490a065e1a04f70b859caa
[1:29:55 AM] 📝 GET /api/display/uploads/69490a065e1a04f70b859caa_1778836967898.png
[1:30:06 AM] 📝 GET /api/display/room/69490a065e1a04f70b859caa
[1:30:16 AM] 📝 GET /api/display/room/69490a065e1a04f70b859caa
[1:30:23 AM] 📝 POST /api/auth/login
[1:30:30 AM] 📝 POST /api/auth/exchange-code
━━━━━━━━━━━━━━━━━━━━━━━━━━━━━━━━━━
🔐 UMS Exchange Code Request
   📥 Method: POST
   📥 IP: 116.58.253.81
   📥 Origin: https://nssv.nsm.go.th
   📥 Referer: https://nssv.nsm.go.th/napp/auth/callback?code=832e03d2cb6a802be6275e76f18f423acfa97761815db79fd8a99d163e15c0c4
   📥 User-Agent: Mozilla/5.0 (Windows NT 10.0; Win64; x64) AppleWebKit/537.36 (KHTML, like Gecko) Chrome/148.0.0.0 Safari/537.36
   📥 Content-Type: application/json
   📥 Body Keys: [ 'code', 'projectCode' ]
   📥 code: 832e03d2cb6a802be6275e76f18f423acfa97761815db79fd8a99d163e15c0c4
   📥 projectCode: MEETBOOKING
   🔄 Calling: POST https://nssv.nsm.go.th/ums/api/auth/exchange-code
   📤 UMS Status: 200
   📤 UMS Response: {
  "status": "success",
  "token": "eyJhbGciOiJIUzI1NiIsInR5cCI6IkpXVCJ9.eyJpZCI6IjY5OGMzMTMxZGNiYzM1ZDM0NmQ3NGY1NyIsInJvbGUiOiJhZG1pbiIsInVzZXJuYW1lIjoidGF5ZmFyMDEyIiwiaWF0IjoxNzc5NzU5MDMxLCJleHAiOjE3Nzk4NDU0MzF9.m5ixiQCltXbi06KxwmF4mog7SW7o5FaZZOon9me5DLE",
  "user": {
    "id": "698c3131dcbc35d346d74f57",
    "username": "tayfar012",
    "email": "tarata.khameam@gmail.com",
    "firstName": "ธราธาร์",
    "lastName": "คำเอี่ยม",
    "role": "admin",
    "phone": "0897034254"
  }
}
   🎯 Role: admin → admin
   ✅ Login success: ธราธาร์ คำเอี่ยม (admin)
━━━━━━━━━━━━━━━━━━━━━━━━━━━━━━━━━━
[1:30:31 AM] 📝 GET /api/rooms
[1:30:33 AM] 📝 GET /api/admin/dashboard/statistics
[1:30:34 AM] 📝 GET /api/display/rooms
[1:30:35 AM] 📝 GET /api/display/room/69490a065e1a04f70b859caa
[1:30:35 AM] 📝 GET /api/display/config/69490a065e1a04f70b859caa
[1:30:35 AM] 📝 GET /api/display/media/69490a065e1a04f70b859caa
[1:30:35 AM] 📝 GET /api/display/uploads/69490a065e1a04f70b859caa_1778836967898.png
[1:30:35 AM] 📝 GET /api/display/uploads/69490a065e1a04f70b859caa_1778836968895.png
[1:30:35 AM] 📝 GET /api/display/uploads/69490a065e1a04f70b859caa_1778836968444.png
[1:30:35 AM] 📝 GET /api/display/uploads/69490a065e1a04f70b859caa_1778836967381.png
[1:30:41 AM] 📝 PUT /api/display/config/69490a065e1a04f70b859caa
[1:30:41 AM] 📝 GET /api/display/rooms
[1:30:42 AM] 📝 GET /api/display/room/69490a065e1a04f70b859ca9
[1:30:42 AM] 📝 GET /api/display/media/69490a065e1a04f70b859ca9
[1:30:42 AM] 📝 GET /api/display/config/69490a065e1a04f70b859ca9
[1:30:42 AM] 📝 GET /api/display/uploads/69490a065e1a04f70b859ca9_1778836721329.png
[1:30:42 AM] 📝 GET /api/display/uploads/69490a065e1a04f70b859ca9_1778836722246.png
[1:30:42 AM] 📝 GET /api/display/uploads/69490a065e1a04f70b859ca9_1778836720904.png
[1:30:42 AM] 📝 GET /api/display/uploads/69490a065e1a04f70b859ca9_1778836721767.png
[1:30:42 AM] 📝 GET /api/display/room/69490a065e1a04f70b859caa
[1:30:42 AM] 📝 GET /api/display/media/69490a065e1a04f70b859caa
[1:30:42 AM] 📝 GET /api/display/config/69490a065e1a04f70b859caa
[1:30:45 AM] 📝 GET /api/display/room/6a13fa31f9491de834877dca
[1:30:45 AM] 📝 GET /api/display/media/6a13fa31f9491de834877dca
[1:30:45 AM] 📝 GET /api/display/config/6a13fa31f9491de834877dca
[1:30:46 AM] 📝 GET /api/display/room/69490a065e1a04f70b859ca9
[1:30:46 AM] 📝 GET /api/display/media/69490a065e1a04f70b859ca9
[1:30:46 AM] 📝 GET /api/display/config/69490a065e1a04f70b859ca9
[1:31:08 AM] 📝 PUT /api/display/config/69490a065e1a04f70b859ca9
[1:31:08 AM] 📝 GET /api/display/rooms
[1:31:09 AM] 📝 GET /api/display/room/69490a065e1a04f70b859caa
[1:31:09 AM] 📝 GET /api/display/config/69490a065e1a04f70b859caa
[1:31:09 AM] 📝 GET /api/display/media/69490a065e1a04f70b859caa
[1:31:10 AM] 📝 GET /api/display/room/69490a065e1a04f70b859ca9
[1:31:10 AM] 📝 GET /api/display/media/69490a065e1a04f70b859ca9
[1:31:10 AM] 📝 GET /api/display/config/69490a065e1a04f70b859ca9
[1:31:12 AM] 📝 GET /api/display/room/69490a065e1a04f70b859caa
[1:31:12 AM] 📝 GET /api/display/media/69490a065e1a04f70b859caa
[1:31:12 AM] 📝 GET /api/display/config/69490a065e1a04f70b859caa
[1:31:22 AM] 📝 PUT /api/display/config/69490a065e1a04f70b859caa
[1:31:22 AM] 📝 GET /api/display/rooms
[1:31:23 AM] 📝 GET /api/display/config/69490a065e1a04f70b859cab
[1:31:23 AM] 📝 GET /api/display/room/69490a065e1a04f70b859cab
[1:31:23 AM] 📝 GET /api/display/media/69490a065e1a04f70b859cab
[1:31:23 AM] 📝 GET /api/display/uploads/69490a065e1a04f70b859cab_1778837066057.png
[1:31:23 AM] 📝 GET /api/display/uploads/69490a065e1a04f70b859cab_1778837066488.png
[1:31:23 AM] 📝 GET /api/display/uploads/69490a065e1a04f70b859cab_1778837067368.png
[1:31:23 AM] 📝 GET /api/display/uploads/69490a065e1a04f70b859cab_1778837066914.png
[1:31:36 AM] 📝 GET /api/display/room/69490a065e1a04f70b859caa
[1:31:47 AM] 📝 GET /api/display/room/69490a065e1a04f70b859caa
[1:31:54 AM] 📝 PUT /api/display/config/69490a065e1a04f70b859cab
[1:31:54 AM] 📝 GET /api/display/rooms
[1:31:56 AM] 📝 GET /api/display/config/696f36019adeec8a6063cb8c
[1:31:56 AM] 📝 GET /api/display/room/696f36019adeec8a6063cb8c
[1:31:56 AM] 📝 GET /api/display/media/696f36019adeec8a6063cb8c
[1:31:56 AM] 📝 GET /api/display/uploads/696f36019adeec8a6063cb8c_1778837163809.png
[1:31:56 AM] 📝 GET /api/display/uploads/696f36019adeec8a6063cb8c_1778837162683.png
[1:31:56 AM] 📝 GET /api/display/uploads/696f36019adeec8a6063cb8c_1778837163242.png
[1:31:56 AM] 📝 GET /api/display/uploads/696f36019adeec8a6063cb8c_1778837164258.png
[1:32:23 AM] 📝 PUT /api/display/config/696f36019adeec8a6063cb8c
[1:32:23 AM] 📝 GET /api/display/rooms
[1:32:27 AM] 📝 GET /api/display/room/696f36019adeec8a6063cb8c
[1:32:31 AM] 📝 GET /api/display/config/6a13fa31f9491de834877dca
[1:32:31 AM] 📝 GET /api/display/room/6a13fa31f9491de834877dca
[1:32:31 AM] 📝 GET /api/display/media/6a13fa31f9491de834877dca
[1:32:32 AM] 📝 GET /api/display/room/69490a065e1a04f70b859ca9
[1:32:32 AM] 📝 GET /api/display/media/69490a065e1a04f70b859ca9
[1:32:32 AM] 📝 GET /api/display/config/69490a065e1a04f70b859ca9
[1:32:38 AM] 📝 GET /api/display/media/6a13fa31f9491de834877dca
[1:32:38 AM] 📝 GET /api/display/room/6a13fa31f9491de834877dca
[1:32:38 AM] 📝 GET /api/display/config/6a13fa31f9491de834877dca
[1:33:07 AM] 📝 GET /api/display/room/69490a065e1a04f70b859caa
[1:33:16 AM] 📝 GET /api/display/room/69490a065e1a04f70b859caa
[1:33:56 AM] 📝 GET /api/bookings
[1:34:35 AM] 📝 GET /api/rooms
[1:34:36 AM] 📝 GET /api/bookings
[1:34:37 AM] 📝 GET /api/display/room/69490a065e1a04f70b859caa
[1:34:39 AM] 📝 GET /api/bookings/my-bookings
[1:34:40 AM] 📝 GET /api/bookings
[1:34:41 AM] 📝 GET /api/admin/dashboard/statistics
[1:34:42 AM] 📝 GET /api/admin/bookings
[1:34:47 AM] 📝 GET /api/display/room/69490a065e1a04f70b859caa
[1:35:52 AM] 📝 GET /api/display/room/69490a065e1a04f70b859cab
[1:36:07 AM] 📝 GET /api/display/room/69490a065e1a04f70b859caa
[1:36:17 AM] 📝 GET /api/display/room/69490a065e1a04f70b859caa
[1:36:52 AM] 📝 GET /api/display/room/69490a065e1a04f70b859cab
[1:37:37 AM] 📝 GET /api/display/room/69490a065e1a04f70b859caa
[1:37:47 AM] 📝 GET /api/display/room/69490a065e1a04f70b859caa
[1:37:52 AM] 📝 GET /api/display/room/69490a065e1a04f70b859cab
[1:38:52 AM] 📝 GET /api/display/room/69490a065e1a04f70b859cab
[1:39:07 AM] 📝 GET /api/display/room/69490a065e1a04f70b859caa
[1:39:17 AM] 📝 GET /api/display/room/69490a065e1a04f70b859caa
[1:39:52 AM] 📝 GET /api/display/room/69490a065e1a04f70b859cab
[1:40:38 AM] 📝 GET /api/display/room/69490a065e1a04f70b859caa
[1:40:47 AM] 📝 GET /api/display/room/69490a065e1a04f70b859caa
[1:40:52 AM] 📝 GET /api/display/room/69490a065e1a04f70b859cab
[1:41:52 AM] 📝 GET /api/display/room/69490a065e1a04f70b859cab
[1:42:08 AM] 📝 GET /api/display/room/69490a065e1a04f70b859caa
[1:42:18 AM] 📝 GET /api/display/room/69490a065e1a04f70b859caa
[1:43:38 AM] 📝 GET /api/display/room/69490a065e1a04f70b859caa
[1:43:48 AM] 📝 GET /api/display/room/69490a065e1a04f70b859caa
[1:45:08 AM] 📝 GET /api/display/room/69490a065e1a04f70b859caa
[1:45:18 AM] 📝 GET /api/display/room/69490a065e1a04f70b859caa
[1:46:38 AM] 📝 GET /api/display/room/69490a065e1a04f70b859caa
[1:46:48 AM] 📝 GET /api/display/room/69490a065e1a04f70b859caa
[1:48:09 AM] 📝 GET /api/display/room/69490a065e1a04f70b859caa
[1:48:19 AM] 📝 GET /api/display/room/69490a065e1a04f70b859caa
[1:49:39 AM] 📝 GET /api/display/room/69490a065e1a04f70b859caa
[1:49:49 AM] 📝 GET /api/display/room/69490a065e1a04f70b859caa
[1:51:09 AM] 📝 GET /api/display/room/69490a065e1a04f70b859caa
[1:51:19 AM] 📝 GET /api/display/room/69490a065e1a04f70b859caa
[1:52:39 AM] 📝 GET /api/display/room/69490a065e1a04f70b859caa
[1:52:49 AM] 📝 GET /api/display/room/69490a065e1a04f70b859caa
[1:54:09 AM] 📝 GET /api/display/room/69490a065e1a04f70b859caa
[1:54:19 AM] 📝 GET /api/display/room/69490a065e1a04f70b859caa
[1:55:40 AM] 📝 GET /api/display/room/69490a065e1a04f70b859caa
[1:55:50 AM] 📝 GET /api/display/room/69490a065e1a04f70b859caa
[1:57:10 AM] 📝 GET /api/display/room/69490a065e1a04f70b859caa
[1:57:20 AM] 📝 GET /api/display/room/69490a065e1a04f70b859caa
[1:58:40 AM] 📝 GET /api/display/room/69490a065e1a04f70b859caa
[1:58:50 AM] 📝 GET /api/display/room/69490a065e1a04f70b859caa
[2:00:10 AM] 📝 GET /api/display/room/69490a065e1a04f70b859caa
[2:00:20 AM] 📝 GET /api/display/room/69490a065e1a04f70b859caa
[2:01:40 AM] 📝 GET /api/display/room/69490a065e1a04f70b859caa
[2:01:50 AM] 📝 GET /api/display/room/69490a065e1a04f70b859caa
[2:03:11 AM] 📝 GET /api/display/room/69490a065e1a04f70b859caa
[2:03:20 AM] 📝 GET /api/display/room/69490a065e1a04f70b859caa
[2:04:41 AM] 📝 GET /api/display/room/69490a065e1a04f70b859caa
[2:04:51 AM] 📝 GET /api/display/room/69490a065e1a04f70b859caa
[2:06:11 AM] 📝 GET /api/display/room/69490a065e1a04f70b859caa
[2:06:21 AM] 📝 GET /api/display/room/69490a065e1a04f70b859caa
[2:06:53 AM] 📝 GET /api/bookings
[2:07:31 AM] 📝 GET /api/bookings
[2:07:41 AM] 📝 GET /api/display/room/69490a065e1a04f70b859caa
[2:07:51 AM] 📝 GET /api/display/room/69490a065e1a04f70b859caa
[2:09:11 AM] 📝 GET /api/display/room/69490a065e1a04f70b859caa
[2:09:21 AM] 📝 GET /api/display/room/69490a065e1a04f70b859caa
[2:10:41 AM] 📝 GET /api/display/room/69490a065e1a04f70b859caa
[2:10:52 AM] 📝 GET /api/display/room/69490a065e1a04f70b859caa
[2:12:12 AM] 📝 GET /api/display/room/69490a065e1a04f70b859caa
[2:12:22 AM] 📝 GET /api/display/room/69490a065e1a04f70b859caa
[2:13:42 AM] 📝 GET /api/display/room/69490a065e1a04f70b859caa
[2:13:52 AM] 📝 GET /api/display/room/69490a065e1a04f70b859caa
[2:15:12 AM] 📝 GET /api/display/room/69490a065e1a04f70b859caa
[2:15:22 AM] 📝 GET /api/display/room/69490a065e1a04f70b859caa
[2:16:42 AM] 📝 GET /api/display/room/69490a065e1a04f70b859caa
[2:16:52 AM] 📝 GET /api/display/room/69490a065e1a04f70b859caa
[2:17:02 AM] 📝 POST /api/auth/login
[2:17:41 AM] 📝 POST /api/auth/login
[2:17:51 AM] 📝 POST /api/auth/login
[2:18:12 AM] 📝 GET /api/display/room/69490a065e1a04f70b859caa
[2:18:22 AM] 📝 GET /api/display/room/69490a065e1a04f70b859caa
[2:19:43 AM] 📝 GET /api/display/room/69490a065e1a04f70b859caa
[2:19:53 AM] 📝 GET /api/display/room/69490a065e1a04f70b859caa
[2:20:19 AM] 📝 POST /api/auth/login
[2:20:26 AM] 📝 POST /api/auth/login
[2:20:41 AM] 📝 POST /api/auth/login
[2:21:01 AM] 📝 POST /api/auth/login
[2:21:07 AM] 📝 GET /api/bookings
[2:21:13 AM] 📝 GET /api/display/room/69490a065e1a04f70b859caa
[2:21:23 AM] 📝 GET /api/display/room/69490a065e1a04f70b859caa
[2:22:43 AM] 📝 GET /api/display/room/69490a065e1a04f70b859caa
[2:22:53 AM] 📝 GET /api/display/room/69490a065e1a04f70b859caa
[2:24:13 AM] 📝 GET /api/display/room/69490a065e1a04f70b859caa
[2:24:23 AM] 📝 GET /api/display/room/69490a065e1a04f70b859caa
[2:25:23 AM] 📝 GET /api/bookings
[2:25:35 AM] 📝 POST /api/auth/login
[2:25:43 AM] 📝 GET /api/display/room/69490a065e1a04f70b859caa
[2:25:53 AM] 📝 GET /api/display/room/69490a065e1a04f70b859caa
[2:26:23 AM] 📝 GET /api/bookings
[2:27:13 AM] 📝 GET /api/display/room/69490a065e1a04f70b859caa
[2:27:23 AM] 📝 GET /api/display/room/69490a065e1a04f70b859caa
[2:28:44 AM] 📝 GET /api/display/room/69490a065e1a04f70b859caa
[2:28:54 AM] 📝 GET /api/display/room/69490a065e1a04f70b859caa
[2:29:22 AM] 📝 POST /api/auth/login
[2:29:42 AM] 📝 GET /api/bookings
[2:30:14 AM] 📝 GET /api/display/room/69490a065e1a04f70b859caa
[2:30:24 AM] 📝 GET /api/display/room/69490a065e1a04f70b859caa
[2:31:44 AM] 📝 GET /api/display/room/69490a065e1a04f70b859caa
[2:31:54 AM] 📝 GET /api/display/room/69490a065e1a04f70b859caa
[2:33:14 AM] 📝 GET /api/display/room/69490a065e1a04f70b859caa
[2:33:24 AM] 📝 GET /api/display/room/69490a065e1a04f70b859caa
[2:34:44 AM] 📝 GET /api/display/room/69490a065e1a04f70b859caa
[2:34:54 AM] 📝 GET /api/display/room/69490a065e1a04f70b859caa
[2:36:15 AM] 📝 GET /api/display/room/69490a065e1a04f70b859caa
[2:36:25 AM] 📝 GET /api/display/room/69490a065e1a04f70b859caa
[2:37:45 AM] 📝 GET /api/display/room/69490a065e1a04f70b859caa
[2:37:55 AM] 📝 GET /api/display/room/69490a065e1a04f70b859caa
[2:39:15 AM] 📝 GET /api/display/room/69490a065e1a04f70b859caa
[2:39:25 AM] 📝 GET /api/display/room/69490a065e1a04f70b859caa
[2:40:45 AM] 📝 GET /api/display/room/69490a065e1a04f70b859caa
[2:40:55 AM] 📝 GET /api/display/room/69490a065e1a04f70b859caa
[2:42:15 AM] 📝 GET /api/display/room/69490a065e1a04f70b859caa
[2:42:25 AM] 📝 GET /api/display/room/69490a065e1a04f70b859caa
[2:43:45 AM] 📝 GET /api/display/room/69490a065e1a04f70b859caa
[2:43:55 AM] 📝 GET /api/display/room/69490a065e1a04f70b859caa
[2:45:16 AM] 📝 GET /api/display/room/69490a065e1a04f70b859caa
[2:45:26 AM] 📝 GET /api/display/room/69490a065e1a04f70b859caa
[2:46:46 AM] 📝 GET /api/display/room/69490a065e1a04f70b859caa
[2:46:56 AM] 📝 GET /api/display/room/69490a065e1a04f70b859caa
[2:48:16 AM] 📝 GET /api/display/room/69490a065e1a04f70b859caa
[2:48:26 AM] 📝 GET /api/display/room/69490a065e1a04f70b859caa
[2:49:46 AM] 📝 GET /api/display/room/69490a065e1a04f70b859caa
[2:49:56 AM] 📝 GET /api/display/room/69490a065e1a04f70b859caa
[2:51:17 AM] 📝 GET /api/display/room/69490a065e1a04f70b859caa
[2:51:22 AM] 📝 GET /api/auth/me
[2:51:26 AM] 📝 GET /api/display/room/69490a065e1a04f70b859caa
[2:51:43 AM] 📝 POST /api/auth/login
[2:51:43 AM] 📝 GET /api/rooms
[2:51:46 AM] 📝 GET /api/bookings/my-bookings
[2:51:53 AM] 📝 DELETE /api/bookings/6a13fe3ef9491de834877f4c
[2:51:57 AM] 📝 GET /api/rooms
[2:51:59 AM] 📝 GET /api/rooms/69490a065e1a04f70b859ca9
[2:51:59 AM] 📝 GET /api/bookings
[2:52:00 AM] 📝 GET /api/bookings
[2:52:02 AM] 📝 GET /api/bookings
[2:52:47 AM] 📝 GET /api/display/room/69490a065e1a04f70b859caa
[2:52:57 AM] 📝 GET /api/display/room/69490a065e1a04f70b859caa
[2:54:17 AM] 📝 GET /api/display/room/69490a065e1a04f70b859caa
[2:54:27 AM] 📝 GET /api/display/room/69490a065e1a04f70b859caa
[2:55:47 AM] 📝 GET /api/display/room/69490a065e1a04f70b859caa
[2:55:57 AM] 📝 GET /api/display/room/69490a065e1a04f70b859caa
[2:57:18 AM] 📝 GET /api/display/room/69490a065e1a04f70b859caa
[2:57:27 AM] 📝 GET /api/display/room/69490a065e1a04f70b859caa
[2:58:47 AM] 📝 GET /api/display/room/69490a065e1a04f70b859caa
[2:58:57 AM] 📝 GET /api/display/room/69490a065e1a04f70b859caa
[3:00:18 AM] 📝 GET /api/display/room/69490a065e1a04f70b859caa
[3:00:28 AM] 📝 GET /api/display/room/69490a065e1a04f70b859caa
[3:01:48 AM] 📝 GET /api/display/room/69490a065e1a04f70b859caa
[3:01:58 AM] 📝 GET /api/display/room/69490a065e1a04f70b859caa
[3:03:18 AM] 📝 GET /api/display/room/69490a065e1a04f70b859caa
[3:03:28 AM] 📝 GET /api/display/room/69490a065e1a04f70b859caa
[3:04:48 AM] 📝 GET /api/display/room/69490a065e1a04f70b859caa
[3:04:59 AM] 📝 GET /api/display/room/69490a065e1a04f70b859caa
[3:06:19 AM] 📝 GET /api/display/room/69490a065e1a04f70b859caa
[3:06:28 AM] 📝 GET /api/display/room/69490a065e1a04f70b859caa
[3:07:49 AM] 📝 GET /api/display/room/69490a065e1a04f70b859caa
[3:07:59 AM] 📝 GET /api/display/room/69490a065e1a04f70b859caa
[3:09:19 AM] 📝 GET /api/display/room/69490a065e1a04f70b859caa
[3:09:29 AM] 📝 GET /api/display/room/69490a065e1a04f70b859caa
[3:10:49 AM] 📝 GET /api/display/room/69490a065e1a04f70b859caa
[3:10:59 AM] 📝 GET /api/display/room/69490a065e1a04f70b859caa
[3:12:19 AM] 📝 GET /api/display/room/69490a065e1a04f70b859caa
[3:12:29 AM] 📝 GET /api/display/room/69490a065e1a04f70b859caa
[3:13:49 AM] 📝 GET /api/display/room/69490a065e1a04f70b859caa
[3:13:59 AM] 📝 GET /api/display/room/69490a065e1a04f70b859caa
[3:15:19 AM] 📝 GET /api/display/room/69490a065e1a04f70b859caa
[3:15:29 AM] 📝 GET /api/display/room/69490a065e1a04f70b859caa
[3:16:50 AM] 📝 GET /api/display/room/69490a065e1a04f70b859caa
[3:16:59 AM] 📝 GET /api/display/room/69490a065e1a04f70b859caa
[3:18:20 AM] 📝 GET /api/display/room/69490a065e1a04f70b859caa
[3:18:30 AM] 📝 GET /api/display/room/69490a065e1a04f70b859caa
[3:19:50 AM] 📝 GET /api/display/room/69490a065e1a04f70b859caa
[3:20:00 AM] 📝 GET /api/display/room/69490a065e1a04f70b859caa
[3:21:20 AM] 📝 GET /api/display/room/69490a065e1a04f70b859caa
[3:21:30 AM] 📝 GET /api/display/room/69490a065e1a04f70b859caa
[3:22:50 AM] 📝 GET /api/display/room/69490a065e1a04f70b859caa
[3:23:00 AM] 📝 GET /api/display/room/69490a065e1a04f70b859caa
[3:24:20 AM] 📝 GET /api/display/room/69490a065e1a04f70b859caa
[3:24:30 AM] 📝 GET /api/display/room/69490a065e1a04f70b859caa
[3:25:51 AM] 📝 GET /api/display/room/69490a065e1a04f70b859caa
[3:25:59 AM] 📝 GET /api/auth/me
[3:25:59 AM] 📝 GET /api/rooms
[3:26:01 AM] 📝 GET /api/display/room/69490a065e1a04f70b859caa
[3:26:03 AM] 📝 GET /api/admin/dashboard/statistics
[3:26:04 AM] 📝 GET /api/admin/bookings
[3:27:21 AM] 📝 GET /api/display/room/69490a065e1a04f70b859caa
[3:27:31 AM] 📝 GET /api/display/room/69490a065e1a04f70b859caa
[3:28:51 AM] 📝 GET /api/display/room/69490a065e1a04f70b859caa
[3:29:01 AM] 📝 GET /api/display/room/69490a065e1a04f70b859caa
[3:30:21 AM] 📝 GET /api/display/room/69490a065e1a04f70b859caa
[3:30:31 AM] 📝 GET /api/display/room/69490a065e1a04f70b859caa
[3:31:51 AM] 📝 GET /api/display/room/69490a065e1a04f70b859caa
[3:32:01 AM] 📝 GET /api/display/room/69490a065e1a04f70b859caa
[3:33:22 AM] 📝 GET /api/display/room/69490a065e1a04f70b859caa
[3:33:31 AM] 📝 GET /api/display/room/69490a065e1a04f70b859caa
[3:34:52 AM] 📝 GET /api/display/room/69490a065e1a04f70b859caa
[3:35:02 AM] 📝 GET /api/display/room/69490a065e1a04f70b859caa
[3:36:22 AM] 📝 GET /api/display/room/69490a065e1a04f70b859caa
[3:36:32 AM] 📝 GET /api/display/room/69490a065e1a04f70b859caa
[3:37:52 AM] 📝 GET /api/display/room/69490a065e1a04f70b859caa
[3:38:02 AM] 📝 GET /api/display/room/69490a065e1a04f70b859caa
[3:39:22 AM] 📝 GET /api/display/room/69490a065e1a04f70b859caa
[3:39:32 AM] 📝 GET /api/display/room/69490a065e1a04f70b859caa
[3:40:52 AM] 📝 GET /api/display/room/69490a065e1a04f70b859caa
[3:41:02 AM] 📝 GET /api/display/room/69490a065e1a04f70b859caa
[3:42:22 AM] 📝 GET /api/display/room/69490a065e1a04f70b859caa
[3:42:33 AM] 📝 GET /api/display/room/69490a065e1a04f70b859caa
[3:43:53 AM] 📝 GET /api/display/room/69490a065e1a04f70b859caa
[3:44:03 AM] 📝 GET /api/display/room/69490a065e1a04f70b859caa
[3:45:23 AM] 📝 GET /api/display/room/69490a065e1a04f70b859caa
[3:45:33 AM] 📝 GET /api/display/room/69490a065e1a04f70b859caa
[3:46:53 AM] 📝 GET /api/display/room/69490a065e1a04f70b859caa
[3:47:03 AM] 📝 GET /api/display/room/69490a065e1a04f70b859caa
[3:48:23 AM] 📝 GET /api/display/room/69490a065e1a04f70b859caa
[3:48:33 AM] 📝 GET /api/display/room/69490a065e1a04f70b859caa
[3:49:54 AM] 📝 GET /api/display/room/69490a065e1a04f70b859caa
[3:50:03 AM] 📝 GET /api/display/room/69490a065e1a04f70b859caa
[3:51:24 AM] 📝 GET /api/display/room/69490a065e1a04f70b859caa
[3:51:34 AM] 📝 GET /api/display/room/69490a065e1a04f70b859caa
[3:52:54 AM] 📝 GET /api/display/room/69490a065e1a04f70b859caa
[3:53:04 AM] 📝 GET /api/display/room/69490a065e1a04f70b859caa
[3:54:24 AM] 📝 GET /api/display/room/69490a065e1a04f70b859caa
[3:54:34 AM] 📝 GET /api/display/room/69490a065e1a04f70b859caa
[3:55:49 AM] 📝 GET /api/auth/me
[3:55:49 AM] 📝 GET /api/departments
[3:55:54 AM] 📝 GET /api/display/room/69490a065e1a04f70b859caa
[3:56:04 AM] 📝 GET /api/display/room/69490a065e1a04f70b859caa
[3:56:12 AM] 📝 POST /api/auth/login
[3:56:13 AM] 📝 GET /api/rooms
[3:56:16 AM] 📝 GET /api/admin/dashboard/statistics
[3:56:42 AM] 📝 GET /api/admin/users
[3:57:24 AM] 📝 GET /api/display/room/69490a065e1a04f70b859caa
[3:57:34 AM] 📝 GET /api/display/room/69490a065e1a04f70b859caa
[3:58:55 AM] 📝 GET /api/display/room/69490a065e1a04f70b859caa
[3:59:04 AM] 📝 GET /api/display/room/69490a065e1a04f70b859caa
[3:59:27 AM] 📝 GET /api/bookings
[4:00:14 AM] 📝 GET /api/rooms/69490a065e1a04f70b859cab
[4:00:14 AM] 📝 GET /api/bookings
[4:00:25 AM] 📝 GET /api/display/room/69490a065e1a04f70b859caa
[4:00:35 AM] 📝 GET /api/display/room/69490a065e1a04f70b859caa
[4:01:23 AM] 📝 POST /api/auth/login
[4:01:55 AM] 📝 GET /api/display/room/69490a065e1a04f70b859caa
[4:02:04 AM] 📝 POST /api/auth/login
[4:02:05 AM] 📝 GET /api/display/room/69490a065e1a04f70b859caa
[4:02:29 AM] 📝 POST /api/auth/login
[4:03:25 AM] 📝 GET /api/display/room/69490a065e1a04f70b859caa
[4:03:35 AM] 📝 GET /api/display/room/69490a065e1a04f70b859caa
[4:04:55 AM] 📝 GET /api/display/room/69490a065e1a04f70b859caa
[4:05:05 AM] 📝 GET /api/display/room/69490a065e1a04f70b859caa
[4:06:16 AM] 📝 GET /api/rooms
[4:06:21 AM] 📝 GET /api/admin/dashboard/statistics
[4:06:25 AM] 📝 GET /api/display/room/69490a065e1a04f70b859caa
[4:06:35 AM] 📝 GET /api/display/room/69490a065e1a04f70b859caa
[4:06:54 AM] 📝 GET /api/admin/users
[4:07:14 AM] 📝 DELETE /api/admin/users/6a14060df9491de83487816e
[4:07:56 AM] 📝 GET /api/display/room/69490a065e1a04f70b859caa
[4:08:06 AM] 📝 GET /api/display/room/69490a065e1a04f70b859caa
[4:09:26 AM] 📝 GET /api/display/room/69490a065e1a04f70b859caa
[4:09:36 AM] 📝 GET /api/display/room/69490a065e1a04f70b859caa
[4:10:56 AM] 📝 GET /api/display/room/69490a065e1a04f70b859caa
[4:11:06 AM] 📝 GET /api/display/room/69490a065e1a04f70b859caa
[4:12:26 AM] 📝 GET /api/display/room/69490a065e1a04f70b859caa
[4:12:36 AM] 📝 GET /api/display/room/69490a065e1a04f70b859caa
[4:13:57 AM] 📝 GET /api/display/room/69490a065e1a04f70b859caa
[4:14:06 AM] 📝 GET /api/display/room/69490a065e1a04f70b859caa
[4:15:26 AM] 📝 GET /api/display/room/69490a065e1a04f70b859caa
[4:15:36 AM] 📝 GET /api/display/room/69490a065e1a04f70b859caa
[4:16:57 AM] 📝 GET /api/display/room/69490a065e1a04f70b859caa
[4:17:07 AM] 📝 GET /api/display/room/69490a065e1a04f70b859caa
[4:18:27 AM] 📝 GET /api/display/room/69490a065e1a04f70b859caa
[4:18:37 AM] 📝 GET /api/display/room/69490a065e1a04f70b859caa
[4:19:57 AM] 📝 GET /api/display/room/69490a065e1a04f70b859caa
[4:20:07 AM] 📝 GET /api/display/room/69490a065e1a04f70b859caa
[4:21:27 AM] 📝 GET /api/display/room/69490a065e1a04f70b859caa
[4:21:37 AM] 📝 GET /api/display/room/69490a065e1a04f70b859caa
[4:22:57 AM] 📝 GET /api/display/room/69490a065e1a04f70b859caa
[4:23:07 AM] 📝 GET /api/display/room/69490a065e1a04f70b859caa
[4:24:28 AM] 📝 GET /api/display/room/69490a065e1a04f70b859caa
[4:24:37 AM] 📝 GET /api/display/room/69490a065e1a04f70b859caa
[4:25:58 AM] 📝 GET /api/display/room/69490a065e1a04f70b859caa
[4:26:08 AM] 📝 GET /api/display/room/69490a065e1a04f70b859caa
[4:27:01 AM] 📝 GET /api/departments
[4:27:28 AM] 📝 GET /api/display/room/69490a065e1a04f70b859caa
[4:27:38 AM] 📝 GET /api/display/room/69490a065e1a04f70b859caa
[4:28:18 AM] 📝 POST /api/auth/register
[4:28:58 AM] 📝 GET /api/display/room/69490a065e1a04f70b859caa
[4:29:02 AM] 📝 POST /api/auth/login
[4:29:02 AM] 📝 GET /api/rooms
[4:29:08 AM] 📝 GET /api/display/room/69490a065e1a04f70b859caa
[4:30:25 AM] 📝 POST /api/auth/login
[4:30:28 AM] 📝 GET /api/display/room/69490a065e1a04f70b859caa
[4:30:34 AM] 📝 POST /api/auth/login
[4:30:35 AM] 📝 GET /api/rooms
[4:30:38 AM] 📝 GET /api/display/room/69490a065e1a04f70b859caa
[4:30:48 AM] 📝 GET /api/auth/me
[4:30:48 AM] 📝 GET /api/rooms
[4:31:13 AM] 📝 GET /api/rooms/69490a065e1a04f70b859ca9
[4:31:13 AM] 📝 GET /api/bookings
[4:31:20 AM] 📝 GET /api/rooms
[4:31:59 AM] 📝 GET /api/display/room/69490a065e1a04f70b859caa
[4:32:08 AM] 📝 GET /api/display/room/69490a065e1a04f70b859caa
[4:33:29 AM] 📝 GET /api/display/room/69490a065e1a04f70b859caa
[4:33:39 AM] 📝 GET /api/display/room/69490a065e1a04f70b859caa
[4:34:59 AM] 📝 GET /api/display/room/69490a065e1a04f70b859caa
[4:35:09 AM] 📝 GET /api/display/room/69490a065e1a04f70b859caa
[4:36:29 AM] 📝 GET /api/display/room/69490a065e1a04f70b859caa
[4:36:39 AM] 📝 GET /api/display/room/69490a065e1a04f70b859caa
[4:37:59 AM] 📝 GET /api/display/room/69490a065e1a04f70b859caa
[4:38:09 AM] 📝 GET /api/display/room/69490a065e1a04f70b859caa
[4:39:29 AM] 📝 GET /api/display/room/69490a065e1a04f70b859caa
[4:39:39 AM] 📝 GET /api/display/room/69490a065e1a04f70b859caa
[4:41:00 AM] 📝 GET /api/display/room/69490a065e1a04f70b859caa
[4:41:09 AM] 📝 GET /api/display/room/69490a065e1a04f70b859caa
[4:42:30 AM] 📝 GET /api/display/room/69490a065e1a04f70b859caa
[4:42:40 AM] 📝 GET /api/display/room/69490a065e1a04f70b859caa
[4:44:00 AM] 📝 GET /api/display/room/69490a065e1a04f70b859caa
[4:44:10 AM] 📝 GET /api/display/room/69490a065e1a04f70b859caa
[4:45:30 AM] 📝 GET /api/display/room/69490a065e1a04f70b859caa
[4:45:40 AM] 📝 GET /api/display/room/69490a065e1a04f70b859caa
[4:47:00 AM] 📝 GET /api/display/room/69490a065e1a04f70b859caa
[4:47:10 AM] 📝 GET /api/display/room/69490a065e1a04f70b859caa
[4:48:30 AM] 📝 GET /api/display/room/69490a065e1a04f70b859caa
[4:48:32 AM] 📝 POST /api/auth/login
[4:48:32 AM] 📝 GET /api/rooms
[4:48:36 AM] 📝 GET /api/admin/dashboard/statistics
[4:48:40 AM] 📝 GET /api/display/room/69490a065e1a04f70b859caa
[4:48:49 AM] 📝 GET /api/admin/users
[4:50:01 AM] 📝 GET /api/display/room/69490a065e1a04f70b859caa
[4:50:11 AM] 📝 GET /api/display/room/69490a065e1a04f70b859caa
[4:51:31 AM] 📝 GET /api/display/room/69490a065e1a04f70b859caa
[4:51:41 AM] 📝 GET /api/display/room/69490a065e1a04f70b859caa
[4:53:01 AM] 📝 GET /api/display/room/69490a065e1a04f70b859caa
[4:53:11 AM] 📝 GET /api/display/room/69490a065e1a04f70b859caa
[4:54:31 AM] 📝 GET /api/display/room/69490a065e1a04f70b859caa
[4:54:41 AM] 📝 GET /api/display/room/69490a065e1a04f70b859caa
[4:56:01 AM] 📝 GET /api/display/room/69490a065e1a04f70b859caa
[4:56:11 AM] 📝 GET /api/display/room/69490a065e1a04f70b859caa
[4:57:31 AM] 📝 GET /api/display/room/69490a065e1a04f70b859caa
[4:57:41 AM] 📝 GET /api/display/room/69490a065e1a04f70b859caa
[4:59:02 AM] 📝 GET /api/display/room/69490a065e1a04f70b859caa
[4:59:11 AM] 📝 GET /api/display/room/69490a065e1a04f70b859caa
[5:00:32 AM] 📝 GET /api/display/room/69490a065e1a04f70b859caa
[5:00:42 AM] 📝 GET /api/display/room/69490a065e1a04f70b859caa
[5:02:02 AM] 📝 GET /api/display/room/69490a065e1a04f70b859caa
[5:02:12 AM] 📝 GET /api/display/room/69490a065e1a04f70b859caa
[5:03:26 AM] 📝 GET /api/bookings
[5:03:32 AM] 📝 GET /api/display/room/69490a065e1a04f70b859caa
[5:03:42 AM] 📝 GET /api/display/room/69490a065e1a04f70b859caa
[5:05:02 AM] 📝 GET /api/display/room/69490a065e1a04f70b859caa
[5:05:12 AM] 📝 GET /api/display/room/69490a065e1a04f70b859caa
[5:06:32 AM] 📝 GET /api/display/room/69490a065e1a04f70b859caa
[5:06:42 AM] 📝 GET /api/display/room/69490a065e1a04f70b859caa
[5:08:03 AM] 📝 GET /api/display/room/69490a065e1a04f70b859caa
[5:08:13 AM] 📝 GET /api/display/room/69490a065e1a04f70b859caa
[5:09:33 AM] 📝 GET /api/display/room/69490a065e1a04f70b859caa
[5:09:43 AM] 📝 GET /api/display/room/69490a065e1a04f70b859caa
[5:11:03 AM] 📝 GET /api/display/room/69490a065e1a04f70b859caa
[5:11:13 AM] 📝 GET /api/display/room/69490a065e1a04f70b859caa
[5:12:33 AM] 📝 GET /api/display/room/69490a065e1a04f70b859caa
[5:12:43 AM] 📝 GET /api/display/room/69490a065e1a04f70b859caa
[5:14:04 AM] 📝 GET /api/display/room/69490a065e1a04f70b859caa
[5:14:13 AM] 📝 GET /api/display/room/69490a065e1a04f70b859caa
[5:15:34 AM] 📝 GET /api/display/room/69490a065e1a04f70b859caa
[5:15:34 AM] 📝 GET /api/display/uploads/69490a065e1a04f70b859caa_1778836967898.png
[5:15:43 AM] 📝 GET /api/display/room/69490a065e1a04f70b859caa
[5:17:04 AM] 📝 GET /api/display/room/69490a065e1a04f70b859caa
[5:17:14 AM] 📝 GET /api/display/room/69490a065e1a04f70b859caa
[5:18:34 AM] 📝 GET /api/display/room/69490a065e1a04f70b859caa
[5:18:44 AM] 📝 GET /api/display/room/69490a065e1a04f70b859caa
[5:20:04 AM] 📝 GET /api/display/room/69490a065e1a04f70b859caa
[5:20:14 AM] 📝 GET /api/display/room/69490a065e1a04f70b859caa
[5:21:34 AM] 📝 GET /api/display/room/69490a065e1a04f70b859caa
[5:21:44 AM] 📝 GET /api/display/room/69490a065e1a04f70b859caa
[5:23:04 AM] 📝 GET /api/display/room/69490a065e1a04f70b859caa
[5:23:14 AM] 📝 GET /api/display/room/69490a065e1a04f70b859caa
[5:24:35 AM] 📝 GET /api/display/room/69490a065e1a04f70b859caa
[5:24:44 AM] 📝 GET /api/display/room/69490a065e1a04f70b859caa
[5:26:05 AM] 📝 GET /api/display/room/69490a065e1a04f70b859caa
[5:26:15 AM] 📝 GET /api/display/room/69490a065e1a04f70b859caa
[5:26:54 AM] 📝 GET /api/rooms
[5:26:58 AM] 📝 GET /api/bookings
[5:27:35 AM] 📝 GET /api/display/room/69490a065e1a04f70b859caa
[5:27:45 AM] 📝 GET /api/display/room/69490a065e1a04f70b859caa
[5:29:05 AM] 📝 GET /api/display/room/69490a065e1a04f70b859caa
[5:29:15 AM] 📝 GET /api/display/room/69490a065e1a04f70b859caa
[5:30:35 AM] 📝 GET /api/display/room/69490a065e1a04f70b859caa
[5:30:45 AM] 📝 GET /api/display/room/69490a065e1a04f70b859caa
[5:32:05 AM] 📝 GET /api/display/room/69490a065e1a04f70b859caa
[5:32:15 AM] 📝 GET /api/display/room/69490a065e1a04f70b859caa
[5:33:36 AM] 📝 GET /api/display/room/69490a065e1a04f70b859caa
[5:33:45 AM] 📝 GET /api/display/room/69490a065e1a04f70b859caa
[5:35:06 AM] 📝 GET /api/display/room/69490a065e1a04f70b859caa
[5:35:16 AM] 📝 GET /api/display/room/69490a065e1a04f70b859caa
[5:36:36 AM] 📝 GET /api/display/room/69490a065e1a04f70b859caa
[5:36:46 AM] 📝 GET /api/display/room/69490a065e1a04f70b859caa
[5:38:06 AM] 📝 GET /api/display/room/69490a065e1a04f70b859caa
[5:38:16 AM] 📝 GET /api/display/room/69490a065e1a04f70b859caa
[5:39:36 AM] 📝 GET /api/display/room/69490a065e1a04f70b859caa
[5:39:46 AM] 📝 GET /api/display/room/69490a065e1a04f70b859caa
[5:41:06 AM] 📝 GET /api/display/room/69490a065e1a04f70b859caa
[5:41:16 AM] 📝 GET /api/display/room/69490a065e1a04f70b859caa
[5:42:37 AM] 📝 GET /api/display/room/69490a065e1a04f70b859caa
[5:42:47 AM] 📝 GET /api/display/room/69490a065e1a04f70b859caa
[5:44:07 AM] 📝 GET /api/display/room/69490a065e1a04f70b859caa
[5:44:17 AM] 📝 GET /api/display/room/69490a065e1a04f70b859caa
[5:45:37 AM] 📝 GET /api/display/room/69490a065e1a04f70b859caa
[5:45:47 AM] 📝 GET /api/display/room/69490a065e1a04f70b859caa
[5:47:07 AM] 📝 GET /api/display/room/69490a065e1a04f70b859caa
[5:47:17 AM] 📝 GET /api/display/room/69490a065e1a04f70b859caa
[5:48:37 AM] 📝 GET /api/display/room/69490a065e1a04f70b859caa
[5:48:47 AM] 📝 GET /api/display/room/69490a065e1a04f70b859caa
[5:50:08 AM] 📝 GET /api/display/room/69490a065e1a04f70b859caa
[5:50:17 AM] 📝 GET /api/display/room/69490a065e1a04f70b859caa
[5:51:38 AM] 📝 GET /api/display/room/69490a065e1a04f70b859caa
[5:51:48 AM] 📝 GET /api/display/room/69490a065e1a04f70b859caa
[5:53:08 AM] 📝 GET /api/display/room/69490a065e1a04f70b859caa
[5:53:18 AM] 📝 GET /api/display/room/69490a065e1a04f70b859caa
[5:54:38 AM] 📝 GET /api/display/room/69490a065e1a04f70b859caa
[5:54:48 AM] 📝 GET /api/display/room/69490a065e1a04f70b859caa
[5:56:09 AM] 📝 GET /api/display/room/69490a065e1a04f70b859caa
[5:56:19 AM] 📝 GET /api/display/room/69490a065e1a04f70b859caa
[5:57:38 AM] 📝 GET /api/display/room/69490a065e1a04f70b859caa
[5:57:48 AM] 📝 GET /api/display/room/69490a065e1a04f70b859caa
[5:59:08 AM] 📝 GET /api/display/room/69490a065e1a04f70b859caa
[5:59:18 AM] 📝 GET /api/display/room/69490a065e1a04f70b859caa
[6:00:06 AM] 📝 GET /api/display/room/69490a065e1a04f70b859cab
[6:00:06 AM] 📝 GET /api/display/uploads/69490a065e1a04f70b859cab_1778837066488.png
[6:01:06 AM] 📝 GET /api/display/room/69490a065e1a04f70b859cab
[6:02:06 AM] 📝 GET /api/display/room/69490a065e1a04f70b859cab
[6:03:06 AM] 📝 GET /api/display/room/69490a065e1a04f70b859cab
[6:04:06 AM] 📝 GET /api/display/room/69490a065e1a04f70b859cab
[6:05:06 AM] 📝 GET /api/display/room/69490a065e1a04f70b859cab
[6:06:06 AM] 📝 GET /api/display/room/69490a065e1a04f70b859cab
[6:07:06 AM] 📝 GET /api/display/room/69490a065e1a04f70b859cab
[6:08:06 AM] 📝 GET /api/display/room/69490a065e1a04f70b859cab
[6:09:06 AM] 📝 GET /api/display/room/69490a065e1a04f70b859cab
[6:10:06 AM] 📝 GET /api/display/room/69490a065e1a04f70b859cab
[6:11:06 AM] 📝 GET /api/display/room/69490a065e1a04f70b859cab
[6:12:06 AM] 📝 GET /api/display/room/69490a065e1a04f70b859cab
[6:13:06 AM] 📝 GET /api/display/room/69490a065e1a04f70b859cab
[6:14:06 AM] 📝 GET /api/display/room/69490a065e1a04f70b859cab
[6:15:06 AM] 📝 GET /api/display/room/69490a065e1a04f70b859cab
[6:16:06 AM] 📝 GET /api/display/room/69490a065e1a04f70b859cab
[6:16:15 AM] 📝 GET /api/auth/me
[6:16:15 AM] 📝 GET /api/bookings
[6:16:58 AM] 📝 GET /api/auth/me
[6:16:58 AM] 📝 GET /api/bookings
[6:17:06 AM] 📝 GET /api/display/room/69490a065e1a04f70b859cab
[6:17:13 AM] 📝 GET /api/rooms
[6:17:17 AM] 📝 GET /api/rooms/69490a065e1a04f70b859cab
[6:17:17 AM] 📝 GET /api/bookings
[6:18:06 AM] 📝 GET /api/display/room/69490a065e1a04f70b859cab
[6:19:06 AM] 📝 GET /api/display/room/69490a065e1a04f70b859cab
[6:20:06 AM] 📝 GET /api/display/room/69490a065e1a04f70b859cab
[6:21:06 AM] 📝 GET /api/display/room/69490a065e1a04f70b859cab
[6:22:06 AM] 📝 GET /api/display/room/69490a065e1a04f70b859cab
[6:23:06 AM] 📝 GET /api/display/room/69490a065e1a04f70b859cab
[6:24:06 AM] 📝 GET /api/display/room/69490a065e1a04f70b859cab
[6:25:06 AM] 📝 GET /api/display/room/69490a065e1a04f70b859cab
[6:26:06 AM] 📝 GET /api/display/room/69490a065e1a04f70b859cab
[6:27:06 AM] 📝 GET /api/display/room/69490a065e1a04f70b859cab
[6:28:06 AM] 📝 GET /api/display/room/69490a065e1a04f70b859cab
[6:29:06 AM] 📝 GET /api/display/room/69490a065e1a04f70b859cab
[6:30:06 AM] 📝 GET /api/display/room/69490a065e1a04f70b859cab
[6:31:06 AM] 📝 GET /api/display/room/69490a065e1a04f70b859cab
[6:32:06 AM] 📝 GET /api/display/room/69490a065e1a04f70b859cab
[6:33:06 AM] 📝 GET /api/display/room/69490a065e1a04f70b859cab
[6:34:06 AM] 📝 GET /api/display/room/69490a065e1a04f70b859cab
[6:35:06 AM] 📝 GET /api/display/room/69490a065e1a04f70b859cab
[6:36:06 AM] 📝 GET /api/display/room/69490a065e1a04f70b859cab
[6:37:06 AM] 📝 GET /api/display/room/69490a065e1a04f70b859cab
[6:38:06 AM] 📝 GET /api/display/room/69490a065e1a04f70b859cab
[6:39:06 AM] 📝 GET /api/display/room/69490a065e1a04f70b859cab
[6:40:06 AM] 📝 GET /api/display/room/69490a065e1a04f70b859cab
[6:41:06 AM] 📝 GET /api/display/room/69490a065e1a04f70b859cab
[6:42:06 AM] 📝 GET /api/display/room/69490a065e1a04f70b859cab
[6:43:06 AM] 📝 GET /api/display/room/69490a065e1a04f70b859cab
[6:44:06 AM] 📝 GET /api/display/room/69490a065e1a04f70b859cab
[6:44:51 AM] 📝 GET /api/display/room/696f36019adeec8a6063cb8c
[6:44:51 AM] 📝 GET /api/display/room/696f36019adeec8a6063cb8c
[6:44:51 AM] 📝 GET /api/display/uploads/696f36019adeec8a6063cb8c_1778837162683.png
[6:45:06 AM] 📝 GET /api/display/room/69490a065e1a04f70b859cab
[6:46:06 AM] 📝 GET /api/display/room/69490a065e1a04f70b859cab
[6:47:06 AM] 📝 GET /api/display/room/69490a065e1a04f70b859cab
[6:48:06 AM] 📝 GET /api/display/room/69490a065e1a04f70b859cab
[6:49:06 AM] 📝 GET /api/display/room/69490a065e1a04f70b859cab
[6:50:06 AM] 📝 GET /api/display/room/69490a065e1a04f70b859cab
[6:51:06 AM] 📝 GET /api/display/room/69490a065e1a04f70b859cab
[6:52:06 AM] 📝 GET /api/display/room/69490a065e1a04f70b859cab
[6:53:06 AM] 📝 GET /api/display/room/69490a065e1a04f70b859cab
[6:54:07 AM] 📝 GET /api/display/room/69490a065e1a04f70b859cab
[6:55:06 AM] 📝 GET /api/display/room/69490a065e1a04f70b859cab
[6:56:06 AM] 📝 GET /api/display/room/69490a065e1a04f70b859cab
[6:57:06 AM] 📝 GET /api/display/room/69490a065e1a04f70b859cab
[6:58:06 AM] 📝 GET /api/display/room/69490a065e1a04f70b859cab
[6:59:06 AM] 📝 GET /api/display/room/69490a065e1a04f70b859cab
[6:59:50 AM] 📝 GET /api/display/room/69490a065e1a04f70b859cab
[7:00:38 AM] 📝 GET /api/display/room/69490a065e1a04f70b859caa
[7:00:50 AM] 📝 GET /api/display/room/69490a065e1a04f70b859caa
[7:00:50 AM] 📝 GET /api/display/room/69490a065e1a04f70b859cab
[7:00:56 AM] 📝 GET /api/display/room/69490a065e1a04f70b859caa
[7:01:50 AM] 📝 GET /api/display/room/69490a065e1a04f70b859caa
[7:01:50 AM] 📝 GET /api/display/room/69490a065e1a04f70b859cab
[7:02:50 AM] 📝 GET /api/display/room/69490a065e1a04f70b859caa
[7:02:50 AM] 📝 GET /api/display/room/69490a065e1a04f70b859cab
[7:03:50 AM] 📝 GET /api/display/room/69490a065e1a04f70b859caa
[7:03:50 AM] 📝 GET /api/display/room/69490a065e1a04f70b859cab
[7:04:08 AM] 📝 POST /api/auth/login
[7:04:50 AM] 📝 GET /api/display/room/69490a065e1a04f70b859caa
[7:04:50 AM] 📝 GET /api/display/room/69490a065e1a04f70b859cab
[7:05:12 AM] 📝 POST /api/auth/login
[7:05:24 AM] 📝 POST /api/auth/login
[7:05:45 AM] 📝 POST /api/auth/login
[7:05:50 AM] 📝 GET /api/display/room/69490a065e1a04f70b859caa
[7:05:50 AM] 📝 GET /api/display/room/69490a065e1a04f70b859cab
[7:06:50 AM] 📝 GET /api/display/room/69490a065e1a04f70b859caa
[7:06:50 AM] 📝 GET /api/display/room/69490a065e1a04f70b859cab
[7:07:50 AM] 📝 GET /api/display/room/69490a065e1a04f70b859caa
[7:07:50 AM] 📝 GET /api/display/room/69490a065e1a04f70b859cab
[7:08:50 AM] 📝 GET /api/display/room/69490a065e1a04f70b859caa
[7:08:50 AM] 📝 GET /api/display/room/69490a065e1a04f70b859cab
[7:09:50 AM] 📝 GET /api/display/room/69490a065e1a04f70b859caa
[7:09:50 AM] 📝 GET /api/display/room/69490a065e1a04f70b859cab
[7:10:50 AM] 📝 GET /api/display/room/69490a065e1a04f70b859caa
[7:10:50 AM] 📝 GET /api/display/room/69490a065e1a04f70b859cab
[7:11:50 AM] 📝 GET /api/display/room/69490a065e1a04f70b859caa
[7:11:50 AM] 📝 GET /api/display/room/69490a065e1a04f70b859cab
[7:12:25 AM] 📝 GET /api/rooms
[7:12:35 AM] 📝 GET /api/admin/dashboard/statistics
[7:12:36 AM] 📝 GET /api/display/rooms
[7:12:37 AM] 📝 GET /api/display/config/69490a065e1a04f70b859ca9
[7:12:37 AM] 📝 GET /api/display/room/69490a065e1a04f70b859ca9
[7:12:37 AM] 📝 GET /api/display/media/69490a065e1a04f70b859ca9
[7:12:38 AM] 📝 GET /api/display/uploads/69490a065e1a04f70b859ca9_1778836721329.png
[7:12:38 AM] 📝 GET /api/display/uploads/69490a065e1a04f70b859ca9_1778836722246.png
[7:12:38 AM] 📝 GET /api/display/uploads/69490a065e1a04f70b859ca9_1778836721767.png
[7:12:38 AM] 📝 GET /api/display/uploads/69490a065e1a04f70b859ca9_1778836720904.png
[7:12:38 AM] 📝 GET /api/display/config/69490a065e1a04f70b859caa
[7:12:38 AM] 📝 GET /api/display/media/69490a065e1a04f70b859caa
[7:12:38 AM] 📝 GET /api/display/room/69490a065e1a04f70b859caa
[7:12:39 AM] 📝 GET /api/display/uploads/69490a065e1a04f70b859caa_1778836967381.png
[7:12:39 AM] 📝 GET /api/display/uploads/69490a065e1a04f70b859caa_1778836967898.png
[7:12:39 AM] 📝 GET /api/display/uploads/69490a065e1a04f70b859caa_1778836968444.png
[7:12:39 AM] 📝 GET /api/display/uploads/69490a065e1a04f70b859caa_1778836968895.png
[7:12:41 AM] 📝 GET /api/display/config/69490a065e1a04f70b859cab
[7:12:41 AM] 📝 GET /api/display/media/69490a065e1a04f70b859cab
[7:12:41 AM] 📝 GET /api/display/room/69490a065e1a04f70b859cab
[7:12:41 AM] 📝 GET /api/display/uploads/69490a065e1a04f70b859cab_1778837066914.png
[7:12:41 AM] 📝 GET /api/display/uploads/69490a065e1a04f70b859cab_1778837066488.png
[7:12:41 AM] 📝 GET /api/display/uploads/69490a065e1a04f70b859cab_1778837066057.png
[7:12:41 AM] 📝 GET /api/display/uploads/69490a065e1a04f70b859cab_1778837067368.png
[7:12:50 AM] 📝 GET /api/display/room/69490a065e1a04f70b859caa
[7:12:50 AM] 📝 GET /api/display/room/69490a065e1a04f70b859cab
[7:12:51 AM] 📝 GET /api/display/room/69490a065e1a04f70b859cab
[7:13:28 AM] 📝 GET /api/bookings/my-bookings
[7:13:30 AM] 📝 GET /api/rooms
[7:13:30 AM] 📝 GET /api/departments
[7:13:48 AM] 📝 GET /api/bookings
[7:13:50 AM] 📝 GET /api/display/room/69490a065e1a04f70b859caa
[7:13:50 AM] 📝 GET /api/display/room/69490a065e1a04f70b859cab
[7:13:51 AM] 📝 GET /api/display/room/69490a065e1a04f70b859cab
[7:14:02 AM] 📝 GET /api/admin/dashboard/statistics
[7:14:50 AM] 📝 GET /api/display/room/69490a065e1a04f70b859caa
[7:14:50 AM] 📝 GET /api/display/room/69490a065e1a04f70b859cab
[7:14:52 AM] 📝 GET /api/display/room/69490a065e1a04f70b859cab
[7:15:50 AM] 📝 GET /api/display/room/69490a065e1a04f70b859caa
[7:15:50 AM] 📝 GET /api/display/room/69490a065e1a04f70b859cab
[7:15:51 AM] 📝 GET /api/display/room/69490a065e1a04f70b859cab
[7:16:50 AM] 📝 GET /api/display/room/69490a065e1a04f70b859caa
[7:16:50 AM] 📝 GET /api/display/room/69490a065e1a04f70b859cab
[7:16:52 AM] 📝 GET /api/display/room/69490a065e1a04f70b859cab
[7:17:50 AM] 📝 GET /api/display/room/69490a065e1a04f70b859caa
[7:17:50 AM] 📝 GET /api/display/room/69490a065e1a04f70b859cab
[7:17:52 AM] 📝 GET /api/display/room/69490a065e1a04f70b859cab
[7:18:50 AM] 📝 GET /api/display/room/69490a065e1a04f70b859caa
[7:18:50 AM] 📝 GET /api/display/room/69490a065e1a04f70b859cab
[7:19:00 AM] 📝 GET /api/rooms
[7:19:13 AM] 📝 POST /api/auth/exchange-code
━━━━━━━━━━━━━━━━━━━━━━━━━━━━━━━━━━
🔐 UMS Exchange Code Request
   📥 Method: POST
   📥 IP: 116.58.253.81
   📥 Origin: https://nssv.nsm.go.th
   📥 Referer: https://nssv.nsm.go.th/napp/auth/callback?code=1d530c2330e6829447991c1781f42c338b0b4afc613049bd7c084cbe753b910d
   📥 User-Agent: Mozilla/5.0 (Windows NT 10.0; Win64; x64) AppleWebKit/537.36 (KHTML, like Gecko) Chrome/148.0.0.0 Safari/537.36
   📥 Content-Type: application/json
   📥 Body Keys: [ 'code', 'projectCode' ]
   📥 code: 1d530c2330e6829447991c1781f42c338b0b4afc613049bd7c084cbe753b910d
   📥 projectCode: MEETBOOKING
   🔄 Calling: POST https://nssv.nsm.go.th/ums/api/auth/exchange-code
   📤 UMS Status: 200
   📤 UMS Response: {
  "status": "success",
  "token": "eyJhbGciOiJIUzI1NiIsInR5cCI6IkpXVCJ9.eyJpZCI6IjY5OGMzMTMxZGNiYzM1ZDM0NmQ3NGY1NyIsInJvbGUiOiJhZG1pbiIsInVzZXJuYW1lIjoidGF5ZmFyMDEyIiwiaWF0IjoxNzc5Nzc5OTUzLCJleHAiOjE3Nzk4NjYzNTN9.aTPXXcu7Ta1OHmudDDzab3c1sIHg2019XjepUqLnQ8g",
  "user": {
    "id": "698c3131dcbc35d346d74f57",
    "username": "tayfar012",
    "email": "tarata.khameam@gmail.com",
    "firstName": "ธราธาร์",
    "lastName": "คำเอี่ยม",
    "role": "admin",
    "phone": "0897034254"
  }
}
   🎯 Role: admin → admin
   ✅ Login success: ธราธาร์ คำเอี่ยม (admin)
━━━━━━━━━━━━━━━━━━━━━━━━━━━━━━━━━━
[7:19:14 AM] 📝 GET /api/rooms
[7:19:50 AM] 📝 GET /api/display/room/69490a065e1a04f70b859caa
[7:19:50 AM] 📝 GET /api/display/room/69490a065e1a04f70b859cab
[7:20:11 AM] 📝 POST /api/auth/exchange-code
━━━━━━━━━━━━━━━━━━━━━━━━━━━━━━━━━━
🔐 UMS Exchange Code Request
   📥 Method: POST
   📥 IP: 116.58.253.81
   📥 Origin: https://nssv.nsm.go.th
   📥 Referer: https://nssv.nsm.go.th/napp/auth/callback?code=f36e4f077a767e0cad67fa86e495b5a1398ee84963f3e584d5188795ce96eff5
   📥 User-Agent: Mozilla/5.0 (Windows NT 10.0; Win64; x64) AppleWebKit/537.36 (KHTML, like Gecko) Chrome/148.0.0.0 Safari/537.36
   📥 Content-Type: application/json
   📥 Body Keys: [ 'code', 'projectCode' ]
   📥 code: f36e4f077a767e0cad67fa86e495b5a1398ee84963f3e584d5188795ce96eff5
   📥 projectCode: MEETBOOKING
   🔄 Calling: POST https://nssv.nsm.go.th/ums/api/auth/exchange-code
   📤 UMS Status: 200
   📤 UMS Response: {
  "status": "success",
  "token": "eyJhbGciOiJIUzI1NiIsInR5cCI6IkpXVCJ9.eyJpZCI6IjY5OGMzMTMxZGNiYzM1ZDM0NmQ3NGY1NyIsInJvbGUiOiJhZG1pbiIsInVzZXJuYW1lIjoidGF5ZmFyMDEyIiwiaWF0IjoxNzc5NzgwMDExLCJleHAiOjE3Nzk4NjY0MTF9.GV2EKagjtza1JWFIcg_PKoO0p4Zg3XFc2aWfi7JaUtg",
  "user": {
    "id": "698c3131dcbc35d346d74f57",
    "username": "tayfar012",
    "email": "tarata.khameam@gmail.com",
    "firstName": "ธราธาร์",
    "lastName": "คำเอี่ยม",
    "role": "admin",
    "phone": "0897034254"
  }
}
   🎯 Role: admin → admin
   ✅ Login success: ธราธาร์ คำเอี่ยม (admin)
━━━━━━━━━━━━━━━━━━━━━━━━━━━━━━━━━━
[7:20:12 AM] 📝 GET /api/rooms
[7:20:50 AM] 📝 GET /api/display/room/69490a065e1a04f70b859caa
[7:20:50 AM] 📝 GET /api/display/room/69490a065e1a04f70b859cab
[7:21:42 AM] 📝 POST /api/auth/exchange-code
━━━━━━━━━━━━━━━━━━━━━━━━━━━━━━━━━━
🔐 UMS Exchange Code Request
   📥 Method: POST
   📥 IP: 116.58.253.81
   📥 Origin: https://nssv.nsm.go.th
   📥 Referer: https://nssv.nsm.go.th/napp/auth/callback?code=8f5989f47aa0e189d8398ac1534a960d0cb7325288546f439bd534d83914723a
   📥 User-Agent: Mozilla/5.0 (Windows NT 10.0; Win64; x64) AppleWebKit/537.36 (KHTML, like Gecko) Chrome/148.0.0.0 Safari/537.36
   📥 Content-Type: application/json
   📥 Body Keys: [ 'code', 'projectCode' ]
   📥 code: 8f5989f47aa0e189d8398ac1534a960d0cb7325288546f439bd534d83914723a
   📥 projectCode: MEETBOOKING
   🔄 Calling: POST https://nssv.nsm.go.th/ums/api/auth/exchange-code
   📤 UMS Status: 200
   📤 UMS Response: {
  "status": "success",
  "token": "eyJhbGciOiJIUzI1NiIsInR5cCI6IkpXVCJ9.eyJpZCI6IjZhMTUwNTA0NDA0YWExMWYwZWJmZjkwOSIsInJvbGUiOiJtZW1iZXIiLCJ1c2VybmFtZSI6ImdyZWF0cm9qIiwiaWF0IjoxNzc5NzgwMTAzLCJleHAiOjE3Nzk4NjY1MDN9.QGs7i5Cwn7dEcQ-oR2aN3NBLoJA70anrnGHKxsh9mpU",
  "user": {
    "id": "6a150504404aa11f0ebff909",
    "username": "greatroj",
    "email": "greatroj@gmail.com",
    "firstName": "อุมาพร",
    "lastName": "อวยสวัสดิ์",
    "role": "member",
    "phone": "0828786525"
  }
}
   🎯 Role: member → user
   ✅ Login success: อุมาพร อวยสวัสดิ์ (user)
━━━━━━━━━━━━━━━━━━━━━━━━━━━━━━━━━━
[7:21:43 AM] 📝 GET /api/rooms
[7:21:50 AM] 📝 GET /api/display/room/69490a065e1a04f70b859caa
[7:21:50 AM] 📝 GET /api/display/room/69490a065e1a04f70b859cab
[7:22:25 AM] 📝 GET /api/bookings/my-bookings
[7:22:50 AM] 📝 GET /api/display/room/69490a065e1a04f70b859caa
[7:22:50 AM] 📝 GET /api/display/room/69490a065e1a04f70b859cab
[7:23:50 AM] 📝 GET /api/display/room/69490a065e1a04f70b859caa
[7:23:50 AM] 📝 GET /api/display/room/69490a065e1a04f70b859cab
[7:24:50 AM] 📝 GET /api/display/room/69490a065e1a04f70b859caa
[7:24:50 AM] 📝 GET /api/display/room/69490a065e1a04f70b859cab
[7:25:50 AM] 📝 GET /api/display/room/69490a065e1a04f70b859caa
[7:25:50 AM] 📝 GET /api/display/room/69490a065e1a04f70b859cab
[7:26:38 AM] 📝 POST /api/auth/exchange-code
━━━━━━━━━━━━━━━━━━━━━━━━━━━━━━━━━━
🔐 UMS Exchange Code Request
   📥 Method: POST
   📥 IP: 116.58.253.81
   📥 Origin: https://nssv.nsm.go.th
   📥 Referer: https://nssv.nsm.go.th/napp/auth/callback?code=dd75790a8b56308b327ace050393024aec841601937e1db9a04110705126817a
   📥 User-Agent: Mozilla/5.0 (Windows NT 10.0; Win64; x64) AppleWebKit/537.36 (KHTML, like Gecko) Chrome/148.0.0.0 Safari/537.36
   📥 Content-Type: application/json
   📥 Body Keys: [ 'code', 'projectCode' ]
   📥 code: dd75790a8b56308b327ace050393024aec841601937e1db9a04110705126817a
   📥 projectCode: MEETBOOKING
   🔄 Calling: POST https://nssv.nsm.go.th/ums/api/auth/exchange-code
   📤 UMS Status: 200
   📤 UMS Response: {
  "status": "success",
  "token": "eyJhbGciOiJIUzI1NiIsInR5cCI6IkpXVCJ9.eyJpZCI6IjZhMTU0NmMxNDA0YWExMWYwZWJmZjkzNSIsInJvbGUiOiJtZW1iZXIiLCJ1c2VybmFtZSI6InZhc2FuYTI1MjYiLCJpYXQiOjE3Nzk3ODAzOTgsImV4cCI6MTc3OTg2Njc5OH0.N6vu5mDaLW0Ubo4ejeiteOgxGVuu77rhpu7__fJ_7gI",
  "user": {
    "id": "6a1546c1404aa11f0ebff935",
    "username": "vasana2526",
    "email": "nava.rasana230326@gmail.com",
    "firstName": "วาสนา",
    "lastName": "แก้วสอาด",
    "role": "member",
    "phone": "0878497936"
  }
}
   🎯 Role: member → user
   ✅ Login success: วาสนา แก้วสอาด (user)
━━━━━━━━━━━━━━━━━━━━━━━━━━━━━━━━━━
[7:26:39 AM] 📝 GET /api/rooms
[7:26:50 AM] 📝 GET /api/display/room/69490a065e1a04f70b859caa
[7:26:50 AM] 📝 GET /api/display/room/69490a065e1a04f70b859cab
[7:27:14 AM] 📝 GET /api/bookings/my-bookings
[7:27:15 AM] 📝 GET /api/rooms
[7:27:15 AM] 📝 GET /api/departments
[7:27:35 AM] 📝 GET /api/bookings
[7:27:50 AM] 📝 GET /api/display/room/69490a065e1a04f70b859caa
[7:27:50 AM] 📝 GET /api/display/room/69490a065e1a04f70b859cab
[7:28:50 AM] 📝 GET /api/display/room/69490a065e1a04f70b859caa
[7:28:50 AM] 📝 GET /api/display/room/69490a065e1a04f70b859cab
[7:28:55 AM] 📝 POST /api/bookings
[7:29:13 AM] 📝 GET /api/bookings
[7:29:15 AM] 📝 GET /api/bookings/my-bookings
[7:29:16 AM] 📝 GET /api/bookings
[7:29:18 AM] 📝 GET /api/rooms
[7:29:34 AM] 📝 GET /api/rooms/696f36019adeec8a6063cb8c
[7:29:34 AM] 📝 GET /api/bookings
[7:29:36 AM] 📝 GET /api/bookings
[7:29:40 AM] 📝 GET /api/bookings
[7:29:42 AM] 📝 GET /api/rooms
[7:29:44 AM] 📝 GET /api/bookings
[7:29:47 AM] 📝 GET /api/rooms
[7:29:49 AM] 📝 GET /api/rooms/69490a065e1a04f70b859ca9
[7:29:49 AM] 📝 GET /api/bookings
[7:29:50 AM] 📝 GET /api/display/room/69490a065e1a04f70b859caa
[7:29:50 AM] 📝 GET /api/display/room/69490a065e1a04f70b859cab
[7:29:51 AM] 📝 GET /api/bookings
[7:29:53 AM] 📝 GET /api/rooms
[7:29:54 AM] 📝 GET /api/bookings
[7:29:56 AM] 📝 GET /api/bookings/my-bookings
[7:30:01 AM] 📝 GET /api/rooms
[7:30:01 AM] 📝 GET /api/departments
[7:30:02 AM] 📝 GET /api/bookings/my-bookings
[7:30:09 AM] 📝 GET /api/rooms
[7:30:10 AM] 📝 GET /api/bookings
[7:30:11 AM] 📝 GET /api/bookings/my-bookings
[7:30:14 AM] 📝 GET /api/rooms
[7:30:21 AM] 📝 POST /api/auth/login
[7:30:27 AM] 📝 POST /api/auth/exchange-code
━━━━━━━━━━━━━━━━━━━━━━━━━━━━━━━━━━
🔐 UMS Exchange Code Request
   📥 Method: POST
   📥 IP: 116.58.253.81
   📥 Origin: https://nssv.nsm.go.th
   📥 Referer: https://nssv.nsm.go.th/napp/auth/callback?code=3656e07445de4cea09d8dff81d812f7bfa6c6972c68b2012575b87db4a2543f7
   📥 User-Agent: Mozilla/5.0 (Windows NT 10.0; Win64; x64) AppleWebKit/537.36 (KHTML, like Gecko) Chrome/148.0.0.0 Safari/537.36
   📥 Content-Type: application/json
   📥 Body Keys: [ 'code', 'projectCode' ]
   📥 code: 3656e07445de4cea09d8dff81d812f7bfa6c6972c68b2012575b87db4a2543f7
   📥 projectCode: MEETBOOKING
   🔄 Calling: POST https://nssv.nsm.go.th/ums/api/auth/exchange-code
   📤 UMS Status: 200
   📤 UMS Response: {
  "status": "success",
  "token": "eyJhbGciOiJIUzI1NiIsInR5cCI6IkpXVCJ9.eyJpZCI6IjY5OGMzMTMxZGNiYzM1ZDM0NmQ3NGY1NyIsInJvbGUiOiJhZG1pbiIsInVzZXJuYW1lIjoidGF5ZmFyMDEyIiwiaWF0IjoxNzc5NzgwNjI3LCJleHAiOjE3Nzk4NjcwMjd9.oMmzX180CZ0BrERRLPtryJ5LvlexR5EgT3GKtPg0M2k",
  "user": {
    "id": "698c3131dcbc35d346d74f57",
    "username": "tayfar012",
    "email": "tarata.khameam@gmail.com",
    "firstName": "ธราธาร์",
    "lastName": "คำเอี่ยม",
    "role": "admin",
    "phone": "0897034254"
  }
}
   🎯 Role: admin → admin
   ✅ Login success: ธราธาร์ คำเอี่ยม (admin)
━━━━━━━━━━━━━━━━━━━━━━━━━━━━━━━━━━
[7:30:28 AM] 📝 GET /api/rooms
[7:30:34 AM] 📝 GET /api/rooms/696f36019adeec8a6063cb8c
[7:30:34 AM] 📝 GET /api/bookings
[7:30:36 AM] 📝 GET /api/bookings
[7:30:37 AM] 📝 GET /api/bookings
[7:30:40 AM] 📝 GET /api/admin/dashboard/statistics
[7:30:42 AM] 📝 GET /api/admin/bookings
[7:30:50 AM] 📝 GET /api/display/room/69490a065e1a04f70b859caa
[7:30:50 AM] 📝 GET /api/display/room/69490a065e1a04f70b859cab
[7:31:48 AM] 📝 GET /api/bookings/my-bookings
[7:31:50 AM] 📝 GET /api/display/room/69490a065e1a04f70b859caa
[7:31:50 AM] 📝 GET /api/display/room/69490a065e1a04f70b859cab
[7:31:56 AM] 📝 GET /api/bookings
[7:32:07 AM] 📝 GET /api/rooms/69490a065e1a04f70b859cab
[7:32:07 AM] 📝 GET /api/bookings
[7:32:09 AM] 📝 GET /api/bookings
[7:32:10 AM] 📝 GET /api/bookings
[7:32:50 AM] 📝 GET /api/display/room/69490a065e1a04f70b859caa
[7:32:50 AM] 📝 GET /api/display/room/69490a065e1a04f70b859cab
[7:33:50 AM] 📝 GET /api/display/room/69490a065e1a04f70b859caa
[7:33:50 AM] 📝 GET /api/display/room/69490a065e1a04f70b859cab
[7:34:50 AM] 📝 GET /api/display/room/69490a065e1a04f70b859caa
[7:34:50 AM] 📝 GET /api/display/room/69490a065e1a04f70b859cab
[7:35:50 AM] 📝 GET /api/display/room/69490a065e1a04f70b859caa
[7:35:50 AM] 📝 GET /api/display/room/69490a065e1a04f70b859cab
[7:36:50 AM] 📝 GET /api/display/room/69490a065e1a04f70b859caa
[7:36:50 AM] 📝 GET /api/display/room/69490a065e1a04f70b859cab
[7:37:50 AM] 📝 GET /api/display/room/69490a065e1a04f70b859caa
[7:37:50 AM] 📝 GET /api/display/room/69490a065e1a04f70b859cab
[7:38:50 AM] 📝 GET /api/display/room/69490a065e1a04f70b859caa
[7:38:50 AM] 📝 GET /api/display/room/69490a065e1a04f70b859cab
[7:39:50 AM] 📝 GET /api/display/room/69490a065e1a04f70b859caa
[7:39:50 AM] 📝 GET /api/display/room/69490a065e1a04f70b859cab
[7:40:50 AM] 📝 GET /api/display/room/69490a065e1a04f70b859caa
[7:40:50 AM] 📝 GET /api/display/room/69490a065e1a04f70b859cab
[7:41:50 AM] 📝 GET /api/display/room/69490a065e1a04f70b859caa
[7:41:50 AM] 📝 GET /api/display/room/69490a065e1a04f70b859cab
[7:42:50 AM] 📝 GET /api/display/room/69490a065e1a04f70b859caa
[7:42:50 AM] 📝 GET /api/display/room/69490a065e1a04f70b859cab
[7:43:50 AM] 📝 GET /api/display/room/69490a065e1a04f70b859caa
[7:43:50 AM] 📝 GET /api/display/room/69490a065e1a04f70b859cab
[7:44:50 AM] 📝 GET /api/display/room/69490a065e1a04f70b859caa
[7:44:50 AM] 📝 GET /api/display/room/69490a065e1a04f70b859cab
[7:45:50 AM] 📝 GET /api/display/room/69490a065e1a04f70b859caa
[7:45:50 AM] 📝 GET /api/display/room/69490a065e1a04f70b859cab
[7:46:31 AM] 📝 POST /api/auth/login
[7:46:50 AM] 📝 GET /api/display/room/69490a065e1a04f70b859caa
[7:46:50 AM] 📝 GET /api/display/room/69490a065e1a04f70b859cab
[7:46:54 AM] 📝 POST /api/auth/login
[7:47:04 AM] 📝 POST /api/auth/login
[7:47:21 AM] 📝 GET /api/bookings
[7:47:50 AM] 📝 GET /api/display/room/69490a065e1a04f70b859caa
[7:47:50 AM] 📝 GET /api/display/room/69490a065e1a04f70b859cab
[7:48:15 AM] 📝 POST /api/auth/login
[7:48:25 AM] 📝 POST /api/auth/login
[7:48:31 AM] 📝 POST /api/auth/login
[7:48:50 AM] 📝 GET /api/display/room/69490a065e1a04f70b859caa
[7:48:50 AM] 📝 GET /api/display/room/69490a065e1a04f70b859cab
[7:49:15 AM] 📝 POST /api/auth/login
[7:49:22 AM] 📝 POST /api/auth/login
[7:49:34 AM] 📝 POST /api/auth/exchange-code
━━━━━━━━━━━━━━━━━━━━━━━━━━━━━━━━━━
🔐 UMS Exchange Code Request
   📥 Method: POST
   📥 IP: 116.58.253.81
   📥 Origin: https://nssv.nsm.go.th
   📥 Referer: https://nssv.nsm.go.th/napp/auth/callback?code=776b3464a8f7b3a6bebd968e994809e61dccd3f7e707f2db7e923343f7ed94fc
   📥 User-Agent: Mozilla/5.0 (Windows NT 10.0; Win64; x64) AppleWebKit/537.36 (KHTML, like Gecko) Chrome/148.0.0.0 Safari/537.36
   📥 Content-Type: application/json
   📥 Body Keys: [ 'code', 'projectCode' ]
   📥 code: 776b3464a8f7b3a6bebd968e994809e61dccd3f7e707f2db7e923343f7ed94fc
   📥 projectCode: MEETBOOKING
   🔄 Calling: POST https://nssv.nsm.go.th/ums/api/auth/exchange-code
   📤 UMS Status: 200
   📤 UMS Response: {
  "status": "success",
  "token": "eyJhbGciOiJIUzI1NiIsInR5cCI6IkpXVCJ9.eyJpZCI6IjZhMTUwNTA0NDA0YWExMWYwZWJmZjkwOSIsInJvbGUiOiJtZW1iZXIiLCJ1c2VybmFtZSI6ImdyZWF0cm9qIiwiaWF0IjoxNzc5NzgxNzc1LCJleHAiOjE3Nzk4NjgxNzV9.pLXuEZENgUYpfhFUU6Alyd2O-ISweibZpdgxOM5cK68",
  "user": {
    "id": "6a150504404aa11f0ebff909",
    "username": "greatroj",
    "email": "greatroj@gmail.com",
    "firstName": "อุมาพร",
    "lastName": "อวยสวัสดิ์",
    "role": "member",
    "phone": "0828786525"
  }
}
   🎯 Role: member → user
   ✅ Login success: อุมาพร อวยสวัสดิ์ (user)
━━━━━━━━━━━━━━━━━━━━━━━━━━━━━━━━━━
[7:49:36 AM] 📝 GET /api/rooms
[7:49:50 AM] 📝 GET /api/display/room/69490a065e1a04f70b859caa
[7:49:50 AM] 📝 GET /api/display/room/69490a065e1a04f70b859cab
[7:50:15 AM] 📝 POST /api/auth/exchange-code
━━━━━━━━━━━━━━━━━━━━━━━━━━━━━━━━━━
🔐 UMS Exchange Code Request
   📥 Method: POST
   📥 IP: 116.58.253.81
   📥 Origin: https://nssv.nsm.go.th
   📥 Referer: https://nssv.nsm.go.th/napp/auth/callback?code=46ffc19a17f157fb1b2109a4b572c360012062c5737084f06ac2e430317b519d
   📥 User-Agent: Mozilla/5.0 (Windows NT 10.0; Win64; x64) AppleWebKit/537.36 (KHTML, like Gecko) Chrome/148.0.0.0 Safari/537.36
   📥 Content-Type: application/json
   📥 Body Keys: [ 'code', 'projectCode' ]
   📥 code: 46ffc19a17f157fb1b2109a4b572c360012062c5737084f06ac2e430317b519d
   📥 projectCode: MEETBOOKING
   🔄 Calling: POST https://nssv.nsm.go.th/ums/api/auth/exchange-code
   📤 UMS Status: 200
   📤 UMS Response: {
  "status": "success",
  "token": "eyJhbGciOiJIUzI1NiIsInR5cCI6IkpXVCJ9.eyJpZCI6IjZhMTU0NmMxNDA0YWExMWYwZWJmZjkzNSIsInJvbGUiOiJtZW1iZXIiLCJ1c2VybmFtZSI6InZhc2FuYTI1MjYiLCJpYXQiOjE3Nzk3ODE4MTYsImV4cCI6MTc3OTg2ODIxNn0.fkFT_rrlIEt1PQnbp2Zo3_OVdEYsdSx1TQtRIvQotXU",
  "user": {
    "id": "6a1546c1404aa11f0ebff935",
    "username": "vasana2526",
    "email": "nava.rasana230326@gmail.com",
    "firstName": "วาสนา",
    "lastName": "แก้วสอาด",
    "role": "member",
    "phone": "0878497936"
  }
}
   🎯 Role: member → user
   ✅ Login success: วาสนา แก้วสอาด (user)
━━━━━━━━━━━━━━━━━━━━━━━━━━━━━━━━━━
[7:50:16 AM] 📝 GET /api/rooms
[7:50:50 AM] 📝 GET /api/display/room/69490a065e1a04f70b859caa
[7:50:50 AM] 📝 GET /api/display/room/69490a065e1a04f70b859cab
[7:51:50 AM] 📝 GET /api/display/room/69490a065e1a04f70b859caa
[7:51:50 AM] 📝 GET /api/display/room/69490a065e1a04f70b859cab
[7:52:50 AM] 📝 GET /api/display/room/69490a065e1a04f70b859caa
[7:52:50 AM] 📝 GET /api/display/room/69490a065e1a04f70b859cab
[7:53:50 AM] 📝 GET /api/display/room/69490a065e1a04f70b859caa
[7:53:50 AM] 📝 GET /api/display/room/69490a065e1a04f70b859cab
[7:54:50 AM] 📝 GET /api/display/room/69490a065e1a04f70b859caa
[7:54:50 AM] 📝 GET /api/display/room/69490a065e1a04f70b859cab
[7:55:50 AM] 📝 GET /api/display/room/69490a065e1a04f70b859caa
[7:55:50 AM] 📝 GET /api/display/room/69490a065e1a04f70b859cab
[7:56:50 AM] 📝 GET /api/display/room/69490a065e1a04f70b859caa
[7:56:50 AM] 📝 GET /api/display/room/69490a065e1a04f70b859cab
[7:57:50 AM] 📝 GET /api/display/room/69490a065e1a04f70b859caa
[7:57:50 AM] 📝 GET /api/display/room/69490a065e1a04f70b859cab
[7:58:50 AM] 📝 GET /api/display/room/69490a065e1a04f70b859caa
[7:58:50 AM] 📝 GET /api/display/room/69490a065e1a04f70b859cab
[7:59:50 AM] 📝 GET /api/display/room/69490a065e1a04f70b859caa
[7:59:50 AM] 📝 GET /api/display/room/69490a065e1a04f70b859cab
[8:00:50 AM] 📝 GET /api/display/room/69490a065e1a04f70b859caa
[8:00:50 AM] 📝 GET /api/display/room/69490a065e1a04f70b859cab
[8:01:50 AM] 📝 GET /api/display/room/69490a065e1a04f70b859caa
[8:01:50 AM] 📝 GET /api/display/room/69490a065e1a04f70b859cab
[8:02:50 AM] 📝 GET /api/display/room/69490a065e1a04f70b859caa
[8:02:50 AM] 📝 GET /api/display/room/69490a065e1a04f70b859cab
[8:03:50 AM] 📝 GET /api/display/room/69490a065e1a04f70b859caa
[8:03:50 AM] 📝 GET /api/display/room/69490a065e1a04f70b859cab
[8:04:50 AM] 📝 GET /api/display/room/69490a065e1a04f70b859caa
[8:04:50 AM] 📝 GET /api/display/room/69490a065e1a04f70b859cab
[8:05:50 AM] 📝 GET /api/display/room/69490a065e1a04f70b859caa
[8:05:50 AM] 📝 GET /api/display/room/69490a065e1a04f70b859cab
[8:06:50 AM] 📝 GET /api/display/room/69490a065e1a04f70b859caa
[8:06:50 AM] 📝 GET /api/display/room/69490a065e1a04f70b859cab
[8:07:50 AM] 📝 GET /api/display/room/69490a065e1a04f70b859caa
[8:07:50 AM] 📝 GET /api/display/room/69490a065e1a04f70b859cab
[8:08:50 AM] 📝 GET /api/display/room/69490a065e1a04f70b859caa
[8:08:50 AM] 📝 GET /api/display/room/69490a065e1a04f70b859cab
[8:09:50 AM] 📝 GET /api/display/room/69490a065e1a04f70b859caa
[8:09:50 AM] 📝 GET /api/display/room/69490a065e1a04f70b859cab
[8:10:50 AM] 📝 GET /api/display/room/69490a065e1a04f70b859caa
[8:10:50 AM] 📝 GET /api/display/room/69490a065e1a04f70b859cab
[8:11:50 AM] 📝 GET /api/display/room/69490a065e1a04f70b859caa
[8:11:50 AM] 📝 GET /api/display/room/69490a065e1a04f70b859cab
[8:12:50 AM] 📝 GET /api/display/room/69490a065e1a04f70b859caa
[8:12:50 AM] 📝 GET /api/display/room/69490a065e1a04f70b859cab
[8:13:50 AM] 📝 GET /api/display/room/69490a065e1a04f70b859caa
[8:13:50 AM] 📝 GET /api/display/room/69490a065e1a04f70b859cab
[8:14:50 AM] 📝 GET /api/display/room/69490a065e1a04f70b859caa
[8:14:50 AM] 📝 GET /api/display/room/69490a065e1a04f70b859cab
[8:15:50 AM] 📝 GET /api/display/room/69490a065e1a04f70b859caa
[8:15:50 AM] 📝 GET /api/display/room/69490a065e1a04f70b859cab
[8:16:50 AM] 📝 GET /api/display/room/69490a065e1a04f70b859caa
[8:16:50 AM] 📝 GET /api/display/room/69490a065e1a04f70b859cab
[8:17:50 AM] 📝 GET /api/display/room/69490a065e1a04f70b859caa
[8:17:50 AM] 📝 GET /api/display/room/69490a065e1a04f70b859cab
[8:18:50 AM] 📝 GET /api/display/room/69490a065e1a04f70b859caa
[8:18:50 AM] 📝 GET /api/display/room/69490a065e1a04f70b859cab
[8:19:50 AM] 📝 GET /api/display/room/69490a065e1a04f70b859caa
[8:19:50 AM] 📝 GET /api/display/room/69490a065e1a04f70b859cab
[8:20:50 AM] 📝 GET /api/display/room/69490a065e1a04f70b859caa
[8:20:50 AM] 📝 GET /api/display/room/69490a065e1a04f70b859cab
[8:21:50 AM] 📝 GET /api/display/room/69490a065e1a04f70b859caa
[8:21:50 AM] 📝 GET /api/display/room/69490a065e1a04f70b859cab
[8:22:50 AM] 📝 GET /api/display/room/69490a065e1a04f70b859caa
[8:22:50 AM] 📝 GET /api/display/room/69490a065e1a04f70b859cab
[8:23:50 AM] 📝 GET /api/display/room/69490a065e1a04f70b859caa
[8:23:50 AM] 📝 GET /api/display/room/69490a065e1a04f70b859cab
[8:24:50 AM] 📝 GET /api/display/room/69490a065e1a04f70b859caa
[8:24:50 AM] 📝 GET /api/display/room/69490a065e1a04f70b859cab
[8:25:50 AM] 📝 GET /api/display/room/69490a065e1a04f70b859caa
[8:25:50 AM] 📝 GET /api/display/room/69490a065e1a04f70b859cab
[8:26:50 AM] 📝 GET /api/display/room/69490a065e1a04f70b859caa
[8:26:50 AM] 📝 GET /api/display/room/69490a065e1a04f70b859cab
[8:27:50 AM] 📝 GET /api/display/room/69490a065e1a04f70b859caa
[8:27:50 AM] 📝 GET /api/display/room/69490a065e1a04f70b859cab
[8:28:50 AM] 📝 GET /api/display/room/69490a065e1a04f70b859caa
[8:28:50 AM] 📝 GET /api/display/room/69490a065e1a04f70b859cab
[8:29:50 AM] 📝 GET /api/display/room/69490a065e1a04f70b859caa
[8:29:50 AM] 📝 GET /api/display/room/69490a065e1a04f70b859cab
[8:30:50 AM] 📝 GET /api/display/room/69490a065e1a04f70b859caa
[8:30:50 AM] 📝 GET /api/display/room/69490a065e1a04f70b859cab
[8:31:50 AM] 📝 GET /api/display/room/69490a065e1a04f70b859caa
[8:31:50 AM] 📝 GET /api/display/room/69490a065e1a04f70b859cab
[8:32:50 AM] 📝 GET /api/display/room/69490a065e1a04f70b859caa
[8:32:50 AM] 📝 GET /api/display/room/69490a065e1a04f70b859cab
[8:33:50 AM] 📝 GET /api/display/room/69490a065e1a04f70b859caa
[8:33:50 AM] 📝 GET /api/display/room/69490a065e1a04f70b859cab
[8:34:50 AM] 📝 GET /api/display/room/69490a065e1a04f70b859caa
[8:34:50 AM] 📝 GET /api/display/room/69490a065e1a04f70b859cab
[8:35:50 AM] 📝 GET /api/display/room/69490a065e1a04f70b859caa
[8:35:50 AM] 📝 GET /api/display/room/69490a065e1a04f70b859cab
[8:36:50 AM] 📝 GET /api/display/room/69490a065e1a04f70b859caa
[8:36:50 AM] 📝 GET /api/display/room/69490a065e1a04f70b859cab
[8:37:50 AM] 📝 GET /api/display/room/69490a065e1a04f70b859caa
[8:37:50 AM] 📝 GET /api/display/room/69490a065e1a04f70b859cab
[8:38:50 AM] 📝 GET /api/display/room/69490a065e1a04f70b859caa
[8:38:50 AM] 📝 GET /api/display/room/69490a065e1a04f70b859cab
[8:39:50 AM] 📝 GET /api/display/room/69490a065e1a04f70b859caa
[8:39:50 AM] 📝 GET /api/display/room/69490a065e1a04f70b859cab
[8:40:50 AM] 📝 GET /api/display/room/69490a065e1a04f70b859caa
[8:40:50 AM] 📝 GET /api/display/room/69490a065e1a04f70b859cab
[8:41:50 AM] 📝 GET /api/display/room/69490a065e1a04f70b859caa
[8:41:50 AM] 📝 GET /api/display/room/69490a065e1a04f70b859cab
[8:42:50 AM] 📝 GET /api/display/room/69490a065e1a04f70b859caa
[8:42:50 AM] 📝 GET /api/display/room/69490a065e1a04f70b859cab
[8:43:50 AM] 📝 GET /api/display/room/69490a065e1a04f70b859caa
[8:43:50 AM] 📝 GET /api/display/room/69490a065e1a04f70b859cab
[8:44:50 AM] 📝 GET /api/display/room/69490a065e1a04f70b859caa
[8:44:50 AM] 📝 GET /api/display/room/69490a065e1a04f70b859cab
[8:45:50 AM] 📝 GET /api/display/room/69490a065e1a04f70b859caa
[8:45:50 AM] 📝 GET /api/display/room/69490a065e1a04f70b859cab
[8:46:50 AM] 📝 GET /api/display/room/69490a065e1a04f70b859caa
[8:46:50 AM] 📝 GET /api/display/room/69490a065e1a04f70b859cab
[8:47:50 AM] 📝 GET /api/display/room/69490a065e1a04f70b859caa
[8:47:50 AM] 📝 GET /api/display/room/69490a065e1a04f70b859cab
[8:48:50 AM] 📝 GET /api/display/room/69490a065e1a04f70b859caa
[8:48:50 AM] 📝 GET /api/display/room/69490a065e1a04f70b859cab
[8:49:50 AM] 📝 GET /api/display/room/69490a065e1a04f70b859caa
[8:49:50 AM] 📝 GET /api/display/room/69490a065e1a04f70b859cab
[8:50:50 AM] 📝 GET /api/display/room/69490a065e1a04f70b859caa
[8:50:50 AM] 📝 GET /api/display/room/69490a065e1a04f70b859cab
[8:51:50 AM] 📝 GET /api/display/room/69490a065e1a04f70b859caa
[8:51:51 AM] 📝 GET /api/display/room/69490a065e1a04f70b859cab
[8:52:50 AM] 📝 GET /api/display/room/69490a065e1a04f70b859caa
[8:52:50 AM] 📝 GET /api/display/room/69490a065e1a04f70b859cab
[8:53:50 AM] 📝 GET /api/display/room/69490a065e1a04f70b859caa
[8:53:50 AM] 📝 GET /api/display/room/69490a065e1a04f70b859cab
[8:54:50 AM] 📝 GET /api/display/room/69490a065e1a04f70b859caa
[8:54:50 AM] 📝 GET /api/display/room/69490a065e1a04f70b859cab
[8:55:50 AM] 📝 GET /api/display/room/69490a065e1a04f70b859caa
[8:55:50 AM] 📝 GET /api/display/room/69490a065e1a04f70b859cab
[8:56:50 AM] 📝 GET /api/display/room/69490a065e1a04f70b859caa
[8:56:50 AM] 📝 GET /api/display/room/69490a065e1a04f70b859cab
[8:57:50 AM] 📝 GET /api/display/room/69490a065e1a04f70b859caa
[8:57:50 AM] 📝 GET /api/display/room/69490a065e1a04f70b859cab
[8:58:50 AM] 📝 GET /api/display/room/69490a065e1a04f70b859caa
[8:58:50 AM] 📝 GET /api/display/room/69490a065e1a04f70b859cab
[8:59:50 AM] 📝 GET /api/display/room/69490a065e1a04f70b859caa
[8:59:50 AM] 📝 GET /api/display/room/69490a065e1a04f70b859cab
[9:00:50 AM] 📝 GET /api/display/room/69490a065e1a04f70b859caa
[9:00:50 AM] 📝 GET /api/display/room/69490a065e1a04f70b859cab
[9:01:50 AM] 📝 GET /api/display/room/69490a065e1a04f70b859caa
[9:01:50 AM] 📝 GET /api/display/room/69490a065e1a04f70b859cab
[9:02:50 AM] 📝 GET /api/display/room/69490a065e1a04f70b859caa
[9:02:50 AM] 📝 GET /api/display/room/69490a065e1a04f70b859cab
[9:03:50 AM] 📝 GET /api/display/room/69490a065e1a04f70b859caa
[9:03:50 AM] 📝 GET /api/display/room/69490a065e1a04f70b859cab
[9:04:50 AM] 📝 GET /api/display/room/69490a065e1a04f70b859caa
[9:04:50 AM] 📝 GET /api/display/room/69490a065e1a04f70b859cab
[9:05:50 AM] 📝 GET /api/display/room/69490a065e1a04f70b859caa
[9:05:50 AM] 📝 GET /api/display/room/69490a065e1a04f70b859cab
[9:06:50 AM] 📝 GET /api/display/room/69490a065e1a04f70b859caa
[9:06:50 AM] 📝 GET /api/display/room/69490a065e1a04f70b859cab
[9:07:50 AM] 📝 GET /api/display/room/69490a065e1a04f70b859caa
[9:07:50 AM] 📝 GET /api/display/room/69490a065e1a04f70b859cab
[9:08:50 AM] 📝 GET /api/display/room/69490a065e1a04f70b859caa
[9:08:50 AM] 📝 GET /api/display/room/69490a065e1a04f70b859cab
[9:09:50 AM] 📝 GET /api/display/room/69490a065e1a04f70b859caa
[9:09:50 AM] 📝 GET /api/display/room/69490a065e1a04f70b859cab
[9:10:50 AM] 📝 GET /api/display/room/69490a065e1a04f70b859caa
[9:10:50 AM] 📝 GET /api/display/room/69490a065e1a04f70b859cab
[9:11:50 AM] 📝 GET /api/display/room/69490a065e1a04f70b859caa
[9:11:50 AM] 📝 GET /api/display/room/69490a065e1a04f70b859cab
[9:12:50 AM] 📝 GET /api/display/room/69490a065e1a04f70b859caa
[9:12:50 AM] 📝 GET /api/display/room/69490a065e1a04f70b859cab
[9:13:40 AM] 📝 GET /api/auth/me
[9:13:40 AM] 📝 GET /api/rooms
[9:13:43 AM] 📝 GET /api/bookings/my-bookings
[9:13:50 AM] 📝 GET /api/display/room/69490a065e1a04f70b859caa
[9:13:50 AM] 📝 GET /api/display/room/69490a065e1a04f70b859cab
[9:13:57 AM] 📝 GET /api/rooms
[9:14:02 AM] 📝 GET /api/bookings
[9:14:04 AM] 📝 GET /api/rooms
[9:14:50 AM] 📝 GET /api/display/room/69490a065e1a04f70b859caa
[9:14:50 AM] 📝 GET /api/display/room/69490a065e1a04f70b859cab
[9:15:50 AM] 📝 GET /api/display/room/69490a065e1a04f70b859caa
[9:15:50 AM] 📝 GET /api/display/room/69490a065e1a04f70b859cab
[9:16:50 AM] 📝 GET /api/display/room/69490a065e1a04f70b859caa
[9:16:50 AM] 📝 GET /api/display/room/69490a065e1a04f70b859cab
[9:17:50 AM] 📝 GET /api/display/room/69490a065e1a04f70b859caa
[9:17:50 AM] 📝 GET /api/display/room/69490a065e1a04f70b859cab
[9:18:50 AM] 📝 GET /api/display/room/69490a065e1a04f70b859caa
[9:18:50 AM] 📝 GET /api/display/room/69490a065e1a04f70b859cab
[9:19:50 AM] 📝 GET /api/display/room/69490a065e1a04f70b859caa
[9:19:50 AM] 📝 GET /api/display/room/69490a065e1a04f70b859cab
[9:20:50 AM] 📝 GET /api/display/room/69490a065e1a04f70b859caa
[9:20:50 AM] 📝 GET /api/display/room/69490a065e1a04f70b859cab
[9:21:50 AM] 📝 GET /api/display/room/69490a065e1a04f70b859caa
[9:21:50 AM] 📝 GET /api/display/room/69490a065e1a04f70b859cab
[9:22:50 AM] 📝 GET /api/display/room/69490a065e1a04f70b859caa
[9:22:50 AM] 📝 GET /api/display/room/69490a065e1a04f70b859cab
[9:23:50 AM] 📝 GET /api/display/room/69490a065e1a04f70b859caa
[9:23:50 AM] 📝 GET /api/display/room/69490a065e1a04f70b859cab
[9:24:50 AM] 📝 GET /api/display/room/69490a065e1a04f70b859caa
[9:24:50 AM] 📝 GET /api/display/room/69490a065e1a04f70b859cab
[9:25:50 AM] 📝 GET /api/display/room/69490a065e1a04f70b859caa
[9:25:50 AM] 📝 GET /api/display/room/69490a065e1a04f70b859cab
[9:26:50 AM] 📝 GET /api/display/room/69490a065e1a04f70b859caa
[9:26:50 AM] 📝 GET /api/display/room/69490a065e1a04f70b859cab
[9:27:50 AM] 📝 GET /api/display/room/69490a065e1a04f70b859caa
[9:27:50 AM] 📝 GET /api/display/room/69490a065e1a04f70b859cab
[9:28:50 AM] 📝 GET /api/display/room/69490a065e1a04f70b859caa
[9:28:50 AM] 📝 GET /api/display/room/69490a065e1a04f70b859cab
[9:29:50 AM] 📝 GET /api/display/room/69490a065e1a04f70b859caa
[9:29:50 AM] 📝 GET /api/display/room/69490a065e1a04f70b859cab
[12:57:18 AM] 📝 GET /api/departments
[12:59:08 AM] 📝 POST /api/auth/register
[12:59:44 AM] 📝 POST /api/auth/register
[12:59:59 AM] 📝 POST /api/auth/login
[1:00:00 AM] 📝 GET /api/rooms
[1:00:14 AM] 📝 GET /api/bookings
[1:00:18 AM] 📝 GET /api/rooms
[1:00:19 AM] 📝 GET /api/bookings
[1:00:27 AM] 📝 GET /api/rooms
[1:00:53 AM] 📝 GET /api/rooms/69490a065e1a04f70b859cab
[1:00:53 AM] 📝 GET /api/bookings
[1:00:58 AM] 📝 GET /api/rooms
[1:07:35 AM] 📝 GET /api/bookings
[1:07:53 AM] 📝 GET /api/rooms
[1:08:11 AM] 📝 GET /api/rooms/69490a065e1a04f70b859ca9
[1:08:11 AM] 📝 GET /api/bookings
[1:08:35 AM] 📝 GET /api/rooms
[1:10:07 AM] 📝 POST /api/auth/login
[1:10:07 AM] 📝 GET /api/rooms
[1:10:39 AM] 📝 GET /api/auth/me
[1:10:40 AM] 📝 GET /api/rooms
[1:11:10 AM] 📝 GET /api/auth/me
[1:11:11 AM] 📝 GET /api/rooms
[1:11:53 AM] 📝 GET /api/auth/me
[1:11:53 AM] 📝 GET /api/rooms
[1:21:35 AM] 📝 GET /api/bookings
[1:22:18 AM] 📝 GET /api/rooms
[1:22:21 AM] 📝 GET /api/bookings
[1:22:27 AM] 📝 GET /api/rooms
[1:22:38 AM] 📝 GET /api/bookings/my-bookings
[1:22:51 AM] 📝 GET /api/rooms
[1:25:38 AM] 📝 GET /api/auth/me
[1:25:38 AM] 📝 GET /api/rooms
[1:31:39 AM] 📝 GET /api/departments
[1:32:18 AM] 📝 POST /api/auth/login
[1:32:18 AM] 📝 GET /api/rooms
[1:32:56 AM] 📝 GET /api/rooms
[1:33:09 AM] 📝 GET /api/departments
[1:33:26 AM] 📝 POST /api/auth/login
[1:33:26 AM] 📝 GET /api/rooms
[1:33:54 AM] 📝 GET /api/auth/me
[1:33:55 AM] 📝 GET /api/rooms
[1:34:19 AM] 📝 GET /api/auth/me
[1:34:19 AM] 📝 GET /api/rooms
[1:35:15 AM] 📝 GET /api/auth/me
[1:35:15 AM] 📝 GET /api/rooms
[1:41:31 AM] 📝 GET /api/auth/me
[1:50:25 AM] 📝 GET /api/bookings/my-bookings
[1:50:30 AM] 📝 GET /api/rooms
[1:53:49 AM] 📝 GET /api/auth/me
[1:53:49 AM] 📝 GET /api/rooms
[1:59:55 AM] 📝 GET /api/bookings/my-bookings
[2:00:07 AM] 📝 GET /api/departments
[2:00:07 AM] 📝 GET /api/rooms
[2:02:11 AM] 📝 GET /api/rooms
[2:02:11 AM] 📝 GET /api/departments
[2:02:49 AM] 📝 GET /api/rooms
[2:04:16 AM] 📝 GET /api/auth/me
[2:05:08 AM] 📝 POST /api/auth/login
[2:05:08 AM] 📝 GET /api/rooms
[2:05:23 AM] 📝 GET /api/auth/me
[2:05:23 AM] 📝 GET /api/rooms
[2:05:29 AM] 📝 GET /api/rooms/69490a065e1a04f70b859ca9
[2:05:30 AM] 📝 GET /api/bookings
[2:05:30 AM] 📝 GET /api/bookings
[2:05:31 AM] 📝 GET /api/bookings
[2:05:34 AM] 📝 GET /api/rooms
[2:05:39 AM] 📝 GET /api/rooms
[2:05:41 AM] 📝 GET /api/rooms/69490a065e1a04f70b859caa
[2:05:41 AM] 📝 GET /api/bookings
[2:05:42 AM] 📝 GET /api/bookings
[2:05:44 AM] 📝 GET /api/bookings
[2:05:44 AM] 📝 GET /api/bookings
[2:05:47 AM] 📝 GET /api/rooms
[2:05:48 AM] 📝 GET /api/rooms/69490a065e1a04f70b859cab
[2:05:49 AM] 📝 GET /api/bookings
[2:05:50 AM] 📝 GET /api/bookings
[2:05:52 AM] 📝 GET /api/bookings
[2:05:54 AM] 📝 GET /api/bookings
[2:05:55 AM] 📝 GET /api/bookings/my-bookings
[2:05:57 AM] 📝 GET /api/rooms
[2:05:58 AM] 📝 GET /api/rooms
[2:05:58 AM] 📝 GET /api/rooms
[2:05:58 AM] 📝 GET /api/rooms/696f36019adeec8a6063cb8c
[2:05:58 AM] 📝 GET /api/bookings
[2:05:59 AM] 📝 GET /api/bookings
[2:06:12 AM] 📝 GET /api/bookings/my-bookings
[2:06:52 AM] 📝 GET /api/rooms
[2:06:57 AM] 📝 GET /api/bookings
[2:07:03 AM] 📝 GET /api/admin/dashboard/statistics
[2:07:05 AM] 📝 GET /api/admin/bookings
[2:07:22 AM] 📝 GET /api/bookings/my-bookings
[2:07:49 AM] 📝 GET /api/admin/dashboard/statistics
[2:07:50 AM] 📝 GET /api/admin/bookings
[2:07:57 AM] 📝 GET /api/bookings/my-bookings
[2:08:08 AM] 📝 GET /api/rooms
[2:08:10 AM] 📝 GET /api/rooms/69490a065e1a04f70b859ca9
[2:08:10 AM] 📝 GET /api/bookings
[2:08:45 AM] 📝 GET /api/bookings
[2:09:39 AM] 📝 GET /api/rooms
[2:09:51 AM] 📝 GET /api/bookings
[2:09:54 AM] 📝 GET /api/rooms
[2:10:17 AM] 📝 GET /api/rooms/69490a065e1a04f70b859ca9
[2:10:17 AM] 📝 GET /api/bookings
[2:10:31 AM] 📝 GET /api/bookings
[2:11:04 AM] 📝 GET /api/rooms
[2:11:36 AM] 📝 GET /api/bookings
[2:11:40 AM] 📝 GET /api/rooms
[2:12:37 AM] 📝 GET /api/bookings
[2:12:51 AM] 📝 GET /api/rooms
[2:13:05 AM] 📝 GET /api/rooms/69490a065e1a04f70b859ca9
[2:13:05 AM] 📝 GET /api/bookings
[2:13:09 AM] 📝 GET /api/bookings
[2:13:18 AM] 📝 GET /api/bookings
[2:13:45 AM] 📝 GET /api/bookings
[2:13:47 AM] 📝 GET /api/bookings
[2:13:52 AM] 📝 GET /api/bookings/my-bookings
[2:13:54 AM] 📝 GET /api/rooms
[2:13:55 AM] 📝 GET /api/bookings
[2:13:58 AM] 📝 GET /api/rooms
[2:14:11 AM] 📝 GET /api/auth/me
[2:14:14 AM] 📝 POST /api/auth/login
[2:14:15 AM] 📝 GET /api/rooms
[2:14:21 AM] 📝 GET /api/rooms/69490a065e1a04f70b859ca9
[2:14:21 AM] 📝 GET /api/bookings
[2:14:40 AM] 📝 GET /api/admin/dashboard/statistics
[2:14:46 AM] 📝 GET /api/admin/bookings
[2:14:54 AM] 📝 GET /api/rooms
[2:14:56 AM] 📝 GET /api/admin/dashboard/statistics
[2:14:59 AM] 📝 GET /api/admin/stats/monthly-stats
[2:14:59 AM] 📝 GET /api/admin/stats/department-usage
[2:14:59 AM] 📝 GET /api/admin/stats/popular-rooms
[2:14:59 AM] 📝 GET /api/admin/stats/bookings-trend
[2:15:01 AM] 📝 GET /api/rooms
[2:15:02 AM] 📝 GET /api/rooms/69490a065e1a04f70b859ca9
[2:15:02 AM] 📝 GET /api/bookings
[2:15:04 AM] 📝 GET /api/bookings/my-bookings
[2:15:12 AM] 📝 GET /api/rooms/69490a065e1a04f70b859ca9
[2:15:12 AM] 📝 GET /api/bookings
[2:16:27 AM] 📝 GET /api/rooms
[2:16:34 AM] 📝 GET /api/rooms/69490a065e1a04f70b859ca9
[2:16:34 AM] 📝 GET /api/bookings
[2:16:40 AM] 📝 GET /api/bookings
[2:16:42 AM] 📝 GET /api/bookings/my-bookings
[2:16:45 AM] 📝 GET /api/bookings
[2:17:11 AM] 📝 GET /api/rooms
[2:17:31 AM] 📝 GET /api/rooms/69490a065e1a04f70b859ca9
[2:17:31 AM] 📝 GET /api/bookings
[2:17:41 AM] 📝 GET /api/bookings
[2:18:05 AM] 📝 GET /api/rooms
[2:21:21 AM] 📝 GET /api/rooms
[2:21:29 AM] 📝 GET /api/rooms
[2:21:37 AM] 📝 GET /api/bookings
[2:21:41 AM] 📝 POST /api/auth/exchange-code
━━━━━━━━━━━━━━━━━━━━━━━━━━━━━━━━━━
🔐 UMS Exchange Code Request
   📥 Method: POST
   📥 IP: 116.58.245.155
   📥 Origin: https://nssv.nsm.go.th
   📥 Referer: https://nssv.nsm.go.th/napp/auth/callback?code=6ecc27f56d99d1d97722166b52ff1f9b404e8ca3355a6a6e5b15ee1fa76ec7f5
   📥 User-Agent: Mozilla/5.0 (Windows NT 10.0; Win64; x64) AppleWebKit/537.36 (KHTML, like Gecko) Chrome/148.0.0.0 Safari/537.36
   📥 Content-Type: application/json
   📥 Body Keys: [ 'code', 'projectCode' ]
   📥 code: 6ecc27f56d99d1d97722166b52ff1f9b404e8ca3355a6a6e5b15ee1fa76ec7f5
   📥 projectCode: MEETBOOKING
   🔄 Calling: POST https://nssv.nsm.go.th/ums/api/auth/exchange-code
   📤 UMS Status: 200
   📤 UMS Response: {
  "status": "success",
  "token": "eyJhbGciOiJIUzI1NiIsInR5cCI6IkpXVCJ9.eyJpZCI6IjY5OGMzMTMxZGNiYzM1ZDM0NmQ3NGY1NyIsInJvbGUiOiJhZG1pbiIsInVzZXJuYW1lIjoidGF5ZmFyMDEyIiwiaWF0IjoxNzc5ODQ4NTAyLCJleHAiOjE3Nzk5MzQ5MDJ9.-IN5s9bpcgVbbGas7C33mAXjI995uzMnl2_XqheN1o4",
  "user": {
    "id": "698c3131dcbc35d346d74f57",
    "username": "tayfar012",
    "email": "tarata.khameam@gmail.com",
    "firstName": "ธราธาร์",
    "lastName": "คำเอี่ยม",
    "role": "admin",
    "phone": "0897034254"
  }
}
   🎯 Role: admin → admin
   ✅ Login success: ธราธาร์ คำเอี่ยม (admin)
━━━━━━━━━━━━━━━━━━━━━━━━━━━━━━━━━━
[2:21:42 AM] 📝 GET /api/rooms
[2:21:43 AM] 📝 GET /api/bookings
[2:21:46 AM] 📝 GET /api/rooms/69490a065e1a04f70b859cab
[2:21:46 AM] 📝 GET /api/bookings
[2:21:51 AM] 📝 GET /api/rooms
[2:21:52 AM] 📝 GET /api/rooms/69490a065e1a04f70b859ca9
[2:21:52 AM] 📝 GET /api/bookings
[2:22:12 AM] 📝 GET /api/rooms
[2:22:13 AM] 📝 GET /api/rooms/69490a065e1a04f70b859caa
[2:22:13 AM] 📝 GET /api/bookings
[2:22:16 AM] 📝 GET /api/rooms
[2:22:17 AM] 📝 GET /api/rooms/69490a065e1a04f70b859cab
[2:22:17 AM] 📝 GET /api/bookings
[2:22:19 AM] 📝 GET /api/rooms
[2:22:21 AM] 📝 GET /api/rooms/696f36019adeec8a6063cb8c
[2:22:21 AM] 📝 GET /api/bookings
[2:22:23 AM] 📝 GET /api/auth/me
[2:22:23 AM] 📝 GET /api/rooms
[2:22:52 AM] 📝 GET /api/rooms/69490a065e1a04f70b859ca9
[2:22:52 AM] 📝 GET /api/bookings
[2:23:00 AM] 📝 GET /api/admin/dashboard/statistics
[2:23:02 AM] 📝 GET /api/display/rooms
[2:23:04 AM] 📝 GET /api/display/room/69490a065e1a04f70b859ca9
[2:23:04 AM] 📝 GET /api/display/media/69490a065e1a04f70b859ca9
[2:23:04 AM] 📝 GET /api/display/config/69490a065e1a04f70b859ca9
[2:23:04 AM] 📝 GET /api/display/uploads/69490a065e1a04f70b859ca9_1778836720904.png
[2:23:04 AM] 📝 GET /api/display/uploads/69490a065e1a04f70b859ca9_1778836721329.png
[2:23:04 AM] 📝 GET /api/display/uploads/69490a065e1a04f70b859ca9_1778836722246.png
[2:23:04 AM] 📝 GET /api/display/uploads/69490a065e1a04f70b859ca9_1778836721767.png
[2:23:55 AM] 📝 PUT /api/display/config/69490a065e1a04f70b859ca9
[2:23:55 AM] 📝 GET /api/display/rooms
[2:24:00 AM] 📝 GET /api/display/room/69490a065e1a04f70b859caa
[2:24:00 AM] 📝 GET /api/display/config/69490a065e1a04f70b859caa
[2:24:00 AM] 📝 GET /api/display/media/69490a065e1a04f70b859caa
[2:24:00 AM] 📝 GET /api/display/uploads/69490a065e1a04f70b859caa_1778836967898.png
[2:24:00 AM] 📝 GET /api/display/uploads/69490a065e1a04f70b859caa_1778836967381.png
[2:24:00 AM] 📝 GET /api/display/uploads/69490a065e1a04f70b859caa_1778836968895.png
[2:24:00 AM] 📝 GET /api/display/uploads/69490a065e1a04f70b859caa_1778836968444.png
[2:24:03 AM] 📝 GET /api/display/media/69490a065e1a04f70b859cab
[2:24:03 AM] 📝 GET /api/display/config/69490a065e1a04f70b859cab
[2:24:03 AM] 📝 GET /api/display/room/69490a065e1a04f70b859cab
[2:24:03 AM] 📝 GET /api/display/uploads/69490a065e1a04f70b859cab_1778837066057.png
[2:24:03 AM] 📝 GET /api/display/uploads/69490a065e1a04f70b859cab_1778837067368.png
[2:24:03 AM] 📝 GET /api/display/uploads/69490a065e1a04f70b859cab_1778837066914.png
[2:24:03 AM] 📝 GET /api/display/uploads/69490a065e1a04f70b859cab_1778837066488.png
[2:24:06 AM] 📝 GET /api/display/room/696f36019adeec8a6063cb8c
[2:24:06 AM] 📝 GET /api/display/config/696f36019adeec8a6063cb8c
[2:24:06 AM] 📝 GET /api/display/media/696f36019adeec8a6063cb8c
[2:24:06 AM] 📝 GET /api/display/uploads/696f36019adeec8a6063cb8c_1778837164258.png
[2:24:06 AM] 📝 GET /api/display/uploads/696f36019adeec8a6063cb8c_1778837163242.png
[2:24:06 AM] 📝 GET /api/display/uploads/696f36019adeec8a6063cb8c_1778837163809.png
[2:24:06 AM] 📝 GET /api/display/uploads/696f36019adeec8a6063cb8c_1778837162683.png
[2:24:15 AM] 📝 GET /api/rooms
[2:28:29 AM] 📝 GET /api/bookings
[2:28:34 AM] 📝 GET /api/bookings/my-bookings
[2:28:35 AM] 📝 GET /api/rooms
[2:34:20 AM] 📝 GET /api/auth/me
[2:34:29 AM] 📝 POST /api/auth/login
[2:34:29 AM] 📝 GET /api/rooms
[2:34:32 AM] 📝 GET /api/rooms/69490a065e1a04f70b859cab
[2:34:32 AM] 📝 GET /api/bookings
[2:35:48 AM] 📝 POST /api/auth/login
[2:35:48 AM] 📝 GET /api/rooms
[2:35:51 AM] 📝 GET /api/rooms/69490a065e1a04f70b859caa
[2:35:51 AM] 📝 GET /api/bookings
[2:37:20 AM] 📝 GET /api/rooms
[2:37:21 AM] 📝 GET /api/rooms/69490a065e1a04f70b859caa
[2:37:21 AM] 📝 GET /api/bookings
[2:37:26 AM] 📝 GET /api/departments
[2:39:58 AM] 📝 POST /api/auth/login
[2:39:58 AM] 📝 GET /api/rooms
[2:39:59 AM] 📝 GET /api/admin/dashboard/statistics
[2:40:11 AM] 📝 GET /api/admin/users
[2:40:58 AM] 📝 PATCH /api/admin/users/6a164200f9491de8348793b8/role
[2:41:13 AM] 📝 PATCH /api/admin/users/6a152162f9491de834878940/role
[2:41:31 AM] 📝 GET /api/display/rooms
[2:41:34 AM] 📝 GET /api/display/room/69490a065e1a04f70b859ca9
[2:41:34 AM] 📝 GET /api/display/config/69490a065e1a04f70b859ca9
[2:41:34 AM] 📝 GET /api/display/media/69490a065e1a04f70b859ca9
[2:41:34 AM] 📝 GET /api/display/uploads/69490a065e1a04f70b859ca9_1778836722246.png
[2:41:34 AM] 📝 GET /api/display/uploads/69490a065e1a04f70b859ca9_1778836721767.png
[2:41:34 AM] 📝 GET /api/display/uploads/69490a065e1a04f70b859ca9_1778836720904.png
[2:41:34 AM] 📝 GET /api/display/uploads/69490a065e1a04f70b859ca9_1778836721329.png
[2:41:43 AM] 📝 GET /api/bookings/my-bookings
[2:41:44 AM] 📝 GET /api/rooms
[2:41:49 AM] 📝 GET /api/rooms/69490a065e1a04f70b859cab
[2:41:49 AM] 📝 GET /api/bookings
[2:45:50 AM] 📝 POST /api/auth/login
[2:45:50 AM] 📝 GET /api/rooms
[2:45:53 AM] 📝 GET /api/rooms/69490a065e1a04f70b859ca9
[2:45:53 AM] 📝 GET /api/bookings
[2:46:23 AM] 📝 GET /api/auth/me
[2:46:23 AM] 📝 GET /api/rooms
[2:46:25 AM] 📝 GET /api/bookings
[2:46:36 AM] 📝 GET /api/rooms
[2:46:48 AM] 📝 GET /api/bookings
[2:46:50 AM] 📝 GET /api/rooms/69490a065e1a04f70b859ca9
[2:46:50 AM] 📝 GET /api/bookings
[2:46:55 AM] 📝 GET /api/bookings
[2:46:56 AM] 📝 GET /api/bookings
[2:47:00 AM] 📝 GET /api/bookings
[2:47:10 AM] 📝 GET /api/admin/dashboard/statistics
[2:47:15 AM] 📝 GET /api/rooms
[2:47:30 AM] 📝 GET /api/rooms
[2:47:37 AM] 📝 GET /api/rooms/69490a065e1a04f70b859ca9
[2:47:37 AM] 📝 GET /api/bookings
[2:47:52 AM] 📝 POST /api/auth/login
[2:47:53 AM] 📝 GET /api/rooms
[2:47:56 AM] 📝 GET /api/rooms/69490a065e1a04f70b859ca9
[2:47:57 AM] 📝 GET /api/bookings
[2:48:18 AM] 📝 GET /api/bookings
[2:48:32 AM] 📝 GET /api/rooms
[3:00:11 AM] 📝 GET /api/rooms/69490a065e1a04f70b859cab
[3:00:11 AM] 📝 GET /api/bookings
[3:00:23 AM] 📝 GET /api/bookings
[3:00:56 AM] 📝 GET /api/rooms
[3:03:45 AM] 📝 GET /api/rooms/69490a065e1a04f70b859ca9
[3:03:45 AM] 📝 GET /api/bookings
[3:03:49 AM] 📝 GET /api/bookings
[3:14:03 AM] 📝 GET /api/bookings
[3:21:14 AM] 📝 GET /api/rooms
[3:28:43 AM] 📝 GET /api/bookings/my-bookings
[3:28:45 AM] 📝 GET /api/rooms
[3:28:50 AM] 📝 GET /api/bookings
[3:29:07 AM] 📝 GET /api/rooms
[3:33:27 AM] 📝 GET /api/rooms/69490a065e1a04f70b859cab
[3:33:28 AM] 📝 GET /api/bookings
[3:34:05 AM] 📝 POST /api/auth/login
[3:34:06 AM] 📝 GET /api/rooms
[3:34:18 AM] 📝 POST /api/auth/login
[3:34:18 AM] 📝 GET /api/rooms
[3:34:22 AM] 📝 GET /api/rooms/69490a065e1a04f70b859cab
[3:34:22 AM] 📝 GET /api/bookings
[3:34:39 AM] 📝 GET /api/bookings
[3:34:50 AM] 📝 GET /api/rooms/696f36019adeec8a6063cb8c
[3:34:51 AM] 📝 GET /api/bookings
[3:34:59 AM] 📝 GET /api/rooms
[3:41:44 AM] 📝 GET /api/bookings
[3:41:57 AM] 📝 GET /api/rooms/696f36019adeec8a6063cb8c
[3:41:57 AM] 📝 GET /api/bookings
[3:42:02 AM] 📝 GET /api/rooms
[4:00:22 AM] 📝 GET /api/auth/me
[4:00:22 AM] 📝 GET /api/rooms
[4:00:24 AM] 📝 GET /api/bookings/my-bookings
[4:00:25 AM] 📝 GET /api/rooms
[4:00:25 AM] 📝 GET /api/departments
[4:00:39 AM] 📝 GET /api/bookings
[4:01:11 AM] 📝 POST /api/bookings
[4:01:13 AM] 📝 GET /api/bookings/my-bookings
[4:02:51 AM] 📝 GET /api/departments
[4:02:51 AM] 📝 GET /api/rooms
[4:03:12 AM] 📝 GET /api/bookings
[4:03:32 AM] 📝 POST /api/bookings
[4:03:33 AM] 📝 GET /api/bookings/my-bookings
[4:03:35 AM] 📝 GET /api/rooms
[4:03:37 AM] 📝 GET /api/rooms/696f36019adeec8a6063cb8c
[4:03:37 AM] 📝 GET /api/bookings
[4:03:40 AM] 📝 GET /api/bookings
[4:03:42 AM] 📝 GET /api/bookings
[4:03:43 AM] 📝 GET /api/bookings
[4:04:33 AM] 📝 GET /api/bookings
[4:11:23 AM] 📝 GET /api/auth/me
[4:11:35 AM] 📝 POST /api/auth/login
[4:11:45 AM] 📝 POST /api/auth/login
[4:11:46 AM] 📝 GET /api/bookings/my-bookings
[4:11:54 AM] 📝 GET /api/rooms
[4:11:54 AM] 📝 GET /api/departments
[4:12:32 AM] 📝 POST /api/auth/login
[4:13:32 AM] 📝 GET /api/bookings
[4:14:55 AM] 📝 POST /api/bookings
[4:14:59 AM] 📝 GET /api/bookings/my-bookings
[4:15:19 AM] 📝 GET /api/rooms
[4:15:47 AM] 📝 GET /api/rooms
[4:15:49 AM] 📝 GET /api/rooms/69490a065e1a04f70b859caa
[4:15:49 AM] 📝 GET /api/bookings
[4:15:50 AM] 📝 GET /api/rooms/69490a065e1a04f70b859caa
[4:15:50 AM] 📝 GET /api/bookings
[4:16:56 AM] 📝 GET /api/rooms
[4:18:26 AM] 📝 GET /api/bookings
[4:18:45 AM] 📝 GET /api/admin/dashboard/statistics
[4:19:02 AM] 📝 GET /api/admin/bookings
[4:21:25 AM] 📝 GET /api/bookings/my-bookings
[4:21:25 AM] 📝 GET /api/bookings
[4:21:26 AM] 📝 GET /api/rooms
[4:21:26 AM] 📝 GET /api/departments
[4:21:31 AM] 📝 GET /api/rooms
[4:21:40 AM] 📝 GET /api/rooms/69490a065e1a04f70b859cab
[4:21:40 AM] 📝 GET /api/bookings
[4:21:41 AM] 📝 GET /api/bookings
[4:21:41 AM] 📝 GET /api/bookings
[4:21:59 AM] 📝 GET /api/bookings
[4:22:00 AM] 📝 GET /api/rooms
[4:24:20 AM] 📝 GET /api/admin/dashboard/statistics
[4:24:50 AM] 📝 GET /api/rooms
[4:25:43 AM] 📝 GET /api/rooms
[4:25:56 AM] 📝 GET /api/bookings
[4:26:09 AM] 📝 GET /api/auth/me
[4:26:09 AM] 📝 GET /api/rooms
[4:26:10 AM] 📝 GET /api/bookings
[4:26:11 AM] 📝 GET /api/bookings/my-bookings
[4:26:32 AM] 📝 GET /api/bookings
[4:26:34 AM] 📝 GET /api/rooms
[4:26:35 AM] 📝 GET /api/bookings
[4:26:53 AM] 📝 GET /api/admin/dashboard/statistics
[4:27:06 AM] 📝 GET /api/rooms
[4:27:09 AM] 📝 GET /api/admin/dashboard/statistics
[4:27:55 AM] 📝 GET /api/bookings
[4:28:05 AM] 📝 GET /api/rooms
[4:29:05 AM] 📝 GET /api/rooms/69490a065e1a04f70b859ca9
[4:29:05 AM] 📝 GET /api/bookings
[4:30:10 AM] 📝 GET /api/rooms
[4:30:45 AM] 📝 GET /api/rooms
[4:31:40 AM] 📝 GET /api/auth/me
[4:31:40 AM] 📝 GET /api/rooms
[4:32:13 AM] 📝 GET /api/rooms
[4:32:17 AM] 📝 GET /api/bookings
[4:32:19 AM] 📝 GET /api/bookings/my-bookings
[4:32:21 AM] 📝 GET /api/bookings
[4:32:22 AM] 📝 GET /api/bookings/my-bookings
[4:32:22 AM] 📝 GET /api/rooms
[4:32:23 AM] 📝 GET /api/rooms
[4:33:09 AM] 📝 GET /api/bookings/my-bookings
[4:33:11 AM] 📝 GET /api/bookings/6a14012cf9491de834878073
[4:33:11 AM] 📝 GET /api/rooms
[4:33:11 AM] 📝 GET /api/departments
[4:33:11 AM] 📝 GET /api/bookings
[4:33:15 AM] 📝 PUT /api/bookings/6a14012cf9491de834878073
[4:33:16 AM] 📝 GET /api/bookings/my-bookings
[4:33:19 AM] 📝 GET /api/departments
[4:33:19 AM] 📝 GET /api/rooms
[4:33:19 AM] 📝 GET /api/bookings/6a14012cf9491de83487806d
[4:33:19 AM] 📝 GET /api/bookings
[4:33:23 AM] 📝 PUT /api/bookings/6a14012cf9491de83487806d
[4:33:24 AM] 📝 GET /api/bookings/my-bookings
[4:33:25 AM] 📝 GET /api/bookings/6a14012cf9491de834878067
[4:33:25 AM] 📝 GET /api/rooms
[4:33:25 AM] 📝 GET /api/departments
[4:33:26 AM] 📝 GET /api/bookings
[4:33:27 AM] 📝 PUT /api/bookings/6a14012cf9491de834878067
[4:33:28 AM] 📝 GET /api/bookings/my-bookings
[4:33:31 AM] 📝 GET /api/rooms
[4:33:31 AM] 📝 GET /api/departments
[4:33:31 AM] 📝 GET /api/bookings/6a14012cf9491de834878061
[4:33:31 AM] 📝 GET /api/bookings
[4:33:32 AM] 📝 PUT /api/bookings/6a14012cf9491de834878061
[4:33:33 AM] 📝 GET /api/bookings/my-bookings
[4:33:35 AM] 📝 GET /api/departments
[4:33:35 AM] 📝 GET /api/rooms
[4:33:35 AM] 📝 GET /api/bookings/6a14012cf9491de83487805b
[4:33:35 AM] 📝 GET /api/bookings
[4:33:41 AM] 📝 GET /api/auth/me
[4:33:41 AM] 📝 GET /api/bookings/my-bookings
[4:33:42 AM] 📝 GET /api/departments
[4:33:42 AM] 📝 GET /api/bookings/6a14012cf9491de83487805b
[4:33:42 AM] 📝 GET /api/rooms
[4:33:42 AM] 📝 GET /api/bookings
[4:33:52 AM] 📝 GET /api/auth/me
[4:33:52 AM] 📝 GET /api/bookings/my-bookings
[4:33:58 AM] 📝 GET /api/bookings/6a14012cf9491de83487805b
[4:33:58 AM] 📝 GET /api/departments
[4:33:58 AM] 📝 GET /api/rooms
[4:33:58 AM] 📝 GET /api/bookings
[4:34:01 AM] 📝 PUT /api/bookings/6a14012cf9491de83487805b
[4:34:02 AM] 📝 GET /api/bookings/my-bookings
[4:34:18 AM] 📝 GET /api/rooms
[4:34:20 AM] 📝 GET /api/rooms/696f36019adeec8a6063cb8c
[4:34:20 AM] 📝 GET /api/bookings
[4:34:22 AM] 📝 GET /api/bookings
[4:34:34 AM] 📝 GET /api/bookings/my-bookings
[4:35:00 AM] 📝 GET /api/rooms
[4:35:10 AM] 📝 GET /api/rooms/696f36019adeec8a6063cb8c
[4:35:10 AM] 📝 GET /api/bookings
[4:35:11 AM] 📝 GET /api/bookings
[4:35:49 AM] 📝 POST /api/auth/login
[4:35:49 AM] 📝 GET /api/rooms
[4:35:52 AM] 📝 GET /api/admin/dashboard/statistics
[4:35:52 AM] 📝 GET /api/bookings
[4:35:56 AM] 📝 GET /api/display/rooms
[4:35:57 AM] 📝 GET /api/admin/bookings
[4:35:58 AM] 📝 GET /api/display/rooms
[4:36:00 AM] 📝 GET /api/display/room/69490a065e1a04f70b859ca9
[4:36:00 AM] 📝 GET /api/display/config/69490a065e1a04f70b859ca9
[4:36:00 AM] 📝 GET /api/display/media/69490a065e1a04f70b859ca9
[4:36:00 AM] 📝 GET /api/display/uploads/69490a065e1a04f70b859ca9_1778836722246.png
[4:36:00 AM] 📝 GET /api/display/uploads/69490a065e1a04f70b859ca9_1778836721767.png
[4:36:00 AM] 📝 GET /api/display/uploads/69490a065e1a04f70b859ca9_1778836720904.png
[4:36:00 AM] 📝 GET /api/display/uploads/69490a065e1a04f70b859ca9_1778836721329.png
[4:36:02 AM] 📝 GET /api/display/config/69490a065e1a04f70b859caa
[4:36:02 AM] 📝 GET /api/display/room/69490a065e1a04f70b859caa
[4:36:02 AM] 📝 GET /api/display/media/69490a065e1a04f70b859caa
[4:36:02 AM] 📝 GET /api/display/uploads/69490a065e1a04f70b859caa_1778836968444.png
[4:36:02 AM] 📝 GET /api/display/uploads/69490a065e1a04f70b859caa_1778836967381.png
[4:36:02 AM] 📝 GET /api/display/uploads/69490a065e1a04f70b859caa_1778836967898.png
[4:36:02 AM] 📝 GET /api/display/uploads/69490a065e1a04f70b859caa_1778836968895.png
[4:36:06 AM] 📝 GET /api/display/config/69490a065e1a04f70b859cab
[4:36:06 AM] 📝 GET /api/display/room/69490a065e1a04f70b859cab
[4:36:06 AM] 📝 GET /api/display/media/69490a065e1a04f70b859cab
[4:36:06 AM] 📝 GET /api/display/uploads/69490a065e1a04f70b859cab_1778837066057.png
[4:36:06 AM] 📝 GET /api/display/uploads/69490a065e1a04f70b859cab_1778837066914.png
[4:36:06 AM] 📝 GET /api/display/uploads/69490a065e1a04f70b859cab_1778837066488.png
[4:36:06 AM] 📝 GET /api/display/uploads/69490a065e1a04f70b859cab_1778837067368.png
[4:36:14 AM] 📝 GET /api/display/config/69490a065e1a04f70b859caa
[4:36:14 AM] 📝 GET /api/display/media/69490a065e1a04f70b859caa
[4:36:14 AM] 📝 GET /api/display/room/69490a065e1a04f70b859caa
[4:36:15 AM] 📝 GET /api/display/room/69490a065e1a04f70b859ca9
[4:36:15 AM] 📝 GET /api/display/config/69490a065e1a04f70b859ca9
[4:36:15 AM] 📝 GET /api/display/media/69490a065e1a04f70b859ca9
[4:36:16 AM] 📝 GET /api/display/room/6a13fa31f9491de834877dca
[4:36:16 AM] 📝 GET /api/display/media/6a13fa31f9491de834877dca
[4:36:16 AM] 📝 GET /api/display/config/6a13fa31f9491de834877dca
[4:36:20 AM] 📝 GET /api/display/room/6a13fa31f9491de834877dca
[4:36:30 AM] 📝 GET /api/display/room/69490a065e1a04f70b859ca9
[4:36:30 AM] 📝 GET /api/display/media/69490a065e1a04f70b859ca9
[4:36:30 AM] 📝 GET /api/display/config/69490a065e1a04f70b859ca9
[4:36:30 AM] 📝 GET /api/display/media/69490a065e1a04f70b859caa
[4:36:30 AM] 📝 GET /api/display/room/69490a065e1a04f70b859caa
[4:36:30 AM] 📝 GET /api/display/config/69490a065e1a04f70b859caa
[4:36:32 AM] 📝 GET /api/display/media/6a13fa31f9491de834877dca
[4:36:32 AM] 📝 GET /api/display/config/6a13fa31f9491de834877dca
[4:36:32 AM] 📝 GET /api/display/room/6a13fa31f9491de834877dca
[4:36:33 AM] 📝 GET /api/display/media/69490a065e1a04f70b859cab
[4:36:33 AM] 📝 GET /api/display/room/69490a065e1a04f70b859cab
[4:36:33 AM] 📝 GET /api/display/config/69490a065e1a04f70b859cab
[4:36:35 AM] 📝 GET /api/display/config/6a13fa31f9491de834877dca
[4:36:35 AM] 📝 GET /api/display/media/6a13fa31f9491de834877dca
[4:36:35 AM] 📝 GET /api/display/room/6a13fa31f9491de834877dca
[4:36:37 AM] 📝 GET /api/display/config/69609bbbaa301e5a9d0e57c0
[4:36:37 AM] 📝 GET /api/display/room/69609bbbaa301e5a9d0e57c0
[4:36:37 AM] 📝 GET /api/display/media/69609bbbaa301e5a9d0e57c0
[4:36:37 AM] 📝 GET /api/display/uploads/69609bbbaa301e5a9d0e57c0_1779014504831.jpg
[4:36:39 AM] 📝 GET /api/display/config/69490a065e1a04f70b859cab
[4:36:39 AM] 📝 GET /api/display/room/69490a065e1a04f70b859cab
[4:36:39 AM] 📝 GET /api/display/media/69490a065e1a04f70b859cab
[4:37:00 AM] 📝 GET /api/display/media/69490a065e1a04f70b859ca9
[4:37:00 AM] 📝 GET /api/display/room/69490a065e1a04f70b859ca9
[4:37:00 AM] 📝 GET /api/display/config/69490a065e1a04f70b859ca9
[4:37:48 AM] 📝 GET /api/rooms
[4:37:52 AM] 📝 GET /api/admin/stats/popular-rooms
[4:37:52 AM] 📝 GET /api/admin/stats/department-usage
[4:37:52 AM] 📝 GET /api/admin/stats/bookings-trend
[4:37:52 AM] 📝 GET /api/admin/stats/monthly-stats
[4:38:04 AM] 📝 GET /api/admin/bookings
[4:38:21 AM] 📝 GET /api/rooms
[5:55:02 AM] 📝 POST /api/auth/login
[5:55:02 AM] 📝 GET /api/rooms
[5:55:11 AM] 📝 GET /api/bookings
[5:55:22 AM] 📝 GET /api/bookings/my-bookings
[5:55:40 AM] 📝 GET /api/rooms
[6:17:25 AM] 📝 GET /api/rooms/69490a065e1a04f70b859caa
[6:17:25 AM] 📝 GET /api/bookings
[6:17:52 AM] 📝 GET /api/bookings
[6:17:57 AM] 📝 GET /api/bookings/my-bookings
[6:18:03 AM] 📝 GET /api/rooms
[6:18:03 AM] 📝 GET /api/bookings/6a166fbff9491de83487963f
[6:18:03 AM] 📝 GET /api/departments
[6:18:03 AM] 📝 GET /api/bookings
[6:18:44 AM] 📝 PUT /api/bookings/6a166fbff9491de83487963f
[6:18:47 AM] 📝 GET /api/bookings/my-bookings
[6:18:52 AM] 📝 GET /api/rooms
[6:26:53 AM] 📝 GET /api/rooms/69490a065e1a04f70b859cab
[6:26:53 AM] 📝 GET /api/bookings
[6:27:04 AM] 📝 GET /api/rooms
[6:41:54 AM] 📝 GET /api/rooms/696f36019adeec8a6063cb8c
[6:41:54 AM] 📝 GET /api/bookings
[6:41:58 AM] 📝 GET /api/bookings
[7:03:30 AM] 📝 GET /api/rooms
[7:03:34 AM] 📝 GET /api/rooms/69490a065e1a04f70b859ca9
[7:03:34 AM] 📝 GET /api/bookings
[7:03:37 AM] 📝 GET /api/bookings
[7:04:04 AM] 📝 GET /api/rooms
[7:14:28 AM] 📝 GET /api/rooms/69490a065e1a04f70b859cab
[7:14:28 AM] 📝 GET /api/bookings
[7:14:30 AM] 📝 GET /api/bookings
[7:17:18 AM] 📝 GET /api/rooms
[7:17:25 AM] 📝 GET /api/rooms
[7:17:33 AM] 📝 GET /api/bookings
[7:18:01 AM] 📝 GET /api/rooms
[7:18:11 AM] 📝 GET /api/rooms
[7:18:35 AM] 📝 GET /api/bookings/my-bookings
[7:18:41 AM] 📝 GET /api/rooms
[7:19:04 AM] 📝 GET /api/bookings/my-bookings
[7:19:07 AM] 📝 GET /api/rooms
[8:49:15 AM] 📝 GET /api/auth/me
[8:49:16 AM] 📝 GET /api/rooms
[8:49:20 AM] 📝 GET /api/admin/dashboard/statistics
[8:49:21 AM] 📝 GET /api/admin/bookings
[8:49:43 AM] 📝 PUT /api/admin/bookings/6a14012cf9491de83487805b/status
[8:49:45 AM] 📝 GET /api/admin/bookings
[8:49:47 AM] 📝 PUT /api/admin/bookings/6a14012cf9491de834878061/status
[8:49:48 AM] 📝 GET /api/admin/bookings
[8:49:54 AM] 📝 PUT /api/admin/bookings/6a14012cf9491de834878067/status
[8:49:55 AM] 📝 GET /api/admin/bookings
[8:49:56 AM] 📝 PUT /api/admin/bookings/6a14012cf9491de83487806d/status
[8:49:57 AM] 📝 GET /api/admin/bookings
[8:49:58 AM] 📝 PUT /api/admin/bookings/6a14012cf9491de834878073/status
[8:49:59 AM] 📝 GET /api/admin/bookings
[8:50:00 AM] 📝 GET /api/bookings/my-bookings
[9:02:23 AM] 📝 GET /api/bookings
[9:02:25 AM] 📝 POST /api/auth/login
[9:02:26 AM] 📝 GET /api/rooms
[9:02:34 AM] 📝 GET /api/rooms/69490a065e1a04f70b859cab
[9:02:35 AM] 📝 GET /api/bookings
[9:02:36 AM] 📝 GET /api/bookings
[9:03:43 AM] 📝 GET /api/rooms
[9:03:51 AM] 📝 GET /api/rooms/696f36019adeec8a6063cb8c
[9:03:51 AM] 📝 GET /api/bookings
[9:03:54 AM] 📝 GET /api/bookings
[9:04:04 AM] 📝 GET /api/rooms
[9:04:06 AM] 📝 GET /api/rooms/69490a065e1a04f70b859ca9
[9:04:06 AM] 📝 GET /api/bookings
[9:04:08 AM] 📝 GET /api/bookings
[9:04:37 AM] 📝 GET /api/rooms
[9:04:41 AM] 📝 GET /api/rooms/69490a065e1a04f70b859cab
[9:04:41 AM] 📝 GET /api/bookings
[9:04:45 AM] 📝 GET /api/bookings
[9:05:03 AM] 📝 GET /api/rooms
[9:05:39 AM] 📝 GET /api/rooms
[9:05:39 AM] 📝 GET /api/rooms
[9:06:04 AM] 📝 GET /api/auth/me
[9:06:04 AM] 📝 GET /api/rooms
[9:06:07 AM] 📝 GET /api/admin/dashboard/statistics
[9:06:09 AM] 📝 GET /api/admin/bookings
[9:06:32 AM] 📝 DELETE /api/admin/bookings/69af8a85221b1829d31e42ab
[9:06:33 AM] 📝 GET /api/admin/bookings
[9:06:36 AM] 📝 DELETE /api/admin/bookings/69c1f153221b1829d31e4576
[9:06:37 AM] 📝 GET /api/admin/bookings
[9:06:42 AM] 📝 DELETE /api/admin/bookings/69c1f153221b1829d31e4576
[9:06:47 AM] 📝 GET /api/auth/me
[9:06:47 AM] 📝 GET /api/admin/dashboard/statistics
[9:06:48 AM] 📝 GET /api/admin/bookings
[9:06:55 AM] 📝 DELETE /api/admin/bookings/69c1f185221b1829d31e4581
[9:06:56 AM] 📝 GET /api/admin/bookings
[9:06:59 AM] 📝 GET /api/auth/me
[9:06:59 AM] 📝 GET /api/admin/dashboard/statistics
[9:06:59 AM] 📝 GET /api/auth/me
[9:06:59 AM] 📝 GET /api/admin/dashboard/statistics
[9:07:02 AM] 📝 GET /api/admin/bookings
[9:07:31 AM] 📝 PUT /api/admin/bookings/6a166fbff9491de83487963f/status
[9:07:32 AM] 📝 GET /api/admin/bookings
[9:07:34 AM] 📝 GET /api/bookings/my-bookings
[9:07:36 AM] 📝 GET /api/rooms
[9:07:37 AM] 📝 GET /api/rooms/69490a065e1a04f70b859caa
[9:07:37 AM] 📝 GET /api/bookings
[9:07:39 AM] 📝 GET /api/bookings
[9:07:42 AM] 📝 GET /api/bookings
[9:07:47 AM] 📝 GET /api/rooms
[9:44:23 AM] 📝 GET /api/auth/me
[9:44:26 AM] 📝 POST /api/auth/login
[9:44:27 AM] 📝 GET /api/rooms
[9:44:39 AM] 📝 GET /api/bookings
[9:45:15 AM] 📝 GET /api/rooms
[9:45:26 AM] 📝 GET /api/rooms/696f36019adeec8a6063cb8c
[9:45:26 AM] 📝 GET /api/bookings
[9:45:44 AM] 📝 GET /api/bookings
[9:46:12 AM] 📝 GET /api/rooms
[9:46:13 AM] 📝 GET /api/rooms
[12:53:30 AM] 📝 POST /api/auth/login
[12:53:30 AM] 📝 GET /api/rooms
[12:53:35 AM] 📝 GET /api/rooms/69490a065e1a04f70b859ca9
[12:53:35 AM] 📝 GET /api/bookings
[12:53:58 AM] 📝 GET /api/rooms
[1:14:41 AM] 📝 GET /api/rooms/696f36019adeec8a6063cb8c
[1:14:41 AM] 📝 GET /api/bookings
[1:14:52 AM] 📝 GET /api/bookings
[1:19:11 AM] 📝 GET /api/rooms
[1:38:11 AM] 📝 GET /api/auth/me
[1:38:15 AM] 📝 POST /api/auth/login
[1:38:15 AM] 📝 GET /api/rooms
[1:43:03 AM] 📝 GET /api/auth/me
[1:43:03 AM] 📝 GET /api/bookings
[2:19:55 AM] 📝 GET /api/rooms/69490a065e1a04f70b859ca9
[2:19:55 AM] 📝 GET /api/bookings
[2:20:10 AM] 📝 GET /api/rooms
[2:20:15 AM] 📝 GET /api/rooms/69490a065e1a04f70b859caa
[2:20:15 AM] 📝 GET /api/bookings
[2:20:21 AM] 📝 GET /api/rooms
[2:20:23 AM] 📝 GET /api/rooms/69490a065e1a04f70b859cab
[2:20:23 AM] 📝 GET /api/bookings
[2:20:29 AM] 📝 GET /api/rooms
[2:20:32 AM] 📝 GET /api/rooms/696f36019adeec8a6063cb8c
[2:20:32 AM] 📝 GET /api/bookings
[2:20:35 AM] 📝 GET /api/rooms
[2:34:06 AM] 📝 GET /api/auth/me
[2:35:02 AM] 📝 POST /api/auth/login
[2:35:02 AM] 📝 GET /api/rooms
[2:35:04 AM] 📝 GET /api/bookings/my-bookings
[2:35:06 AM] 📝 GET /api/rooms
[2:35:06 AM] 📝 GET /api/departments
[2:36:07 AM] 📝 GET /api/bookings
[4:12:30 AM] 📝 GET /api/auth/me
[4:12:30 AM] 📝 GET /api/rooms
[4:31:29 AM] 📝 GET /api/auth/me
[4:31:29 AM] 📝 GET /api/rooms/696f36019adeec8a6063cb8c
[4:34:42 AM] 📝 POST /api/auth/login
[4:34:42 AM] 📝 GET /api/rooms
[4:34:50 AM] 📝 GET /api/rooms/696f36019adeec8a6063cb8c
[4:34:50 AM] 📝 GET /api/bookings
[4:34:54 AM] 📝 GET /api/bookings
[4:35:53 AM] 📝 GET /api/bookings
[4:35:56 AM] 📝 GET /api/rooms
[4:36:01 AM] 📝 GET /api/rooms/69490a065e1a04f70b859ca9
[4:36:02 AM] 📝 GET /api/bookings
[4:36:03 AM] 📝 POST /api/auth/login
[4:36:03 AM] 📝 GET /api/bookings
[4:36:15 AM] 📝 POST /api/auth/login
[4:36:19 AM] 📝 GET /api/bookings/my-bookings
[4:36:25 AM] 📝 GET /api/rooms
[4:36:28 AM] 📝 POST /api/auth/login
[4:36:30 AM] 📝 GET /api/bookings
[4:37:16 AM] 📝 GET /api/rooms
[4:37:22 AM] 📝 GET /api/rooms/69609bbbaa301e5a9d0e57c0
[4:37:22 AM] 📝 GET /api/bookings
[4:37:26 AM] 📝 GET /api/bookings
[4:37:44 AM] 📝 POST /api/auth/login
[4:37:44 AM] 📝 GET /api/rooms
[4:37:52 AM] 📝 GET /api/rooms/6a13fa31f9491de834877dca
[4:37:52 AM] 📝 GET /api/bookings
[4:37:55 AM] 📝 GET /api/bookings
[4:37:56 AM] 📝 POST /api/auth/login
[4:37:59 AM] 📝 GET /api/bookings
[4:38:01 AM] 📝 GET /api/rooms
[4:40:29 AM] 📝 POST /api/auth/login
[4:40:30 AM] 📝 POST /api/auth/login
[4:42:59 AM] 📝 POST /api/auth/login
[4:43:27 AM] 📝 POST /api/auth/login
[4:43:28 AM] 📝 POST /api/auth/login
[4:43:54 AM] 📝 GET /api/rooms/696f36019adeec8a6063cb8c
[4:43:55 AM] 📝 GET /api/bookings
[4:43:57 AM] 📝 GET /api/bookings
[4:44:08 AM] 📝 GET /api/bookings
[4:44:24 AM] 📝 GET /api/bookings/my-bookings
[4:44:27 AM] 📝 GET /api/rooms
[4:44:36 AM] 📝 GET /api/bookings
[4:44:44 AM] 📝 GET /api/rooms
[4:45:44 AM] 📝 GET /api/bookings
[4:45:56 AM] 📝 GET /api/rooms/696f36019adeec8a6063cb8c
[4:45:56 AM] 📝 GET /api/bookings
[4:45:59 AM] 📝 GET /api/bookings
[4:46:42 AM] 📝 GET /api/rooms
[4:48:24 AM] 📝 GET /api/auth/me
[4:48:24 AM] 📝 GET /api/rooms
[4:48:29 AM] 📝 GET /api/admin/dashboard/statistics
[4:48:30 AM] 📝 GET /api/admin/bookings
[4:48:53 AM] 📝 GET /api/rooms/696f36019adeec8a6063cb8c
[4:48:53 AM] 📝 GET /api/bookings
[4:48:55 AM] 📝 GET /api/bookings
[4:49:00 AM] 📝 PUT /api/admin/bookings/6a166d14f9491de834879616/status
[4:49:25 AM] 📝 GET /api/admin/bookings
[4:49:59 AM] 📝 POST /api/auth/login
[4:50:02 AM] 📝 POST /api/auth/login
[4:50:03 AM] 📝 POST /api/auth/login
[4:50:04 AM] 📝 POST /api/auth/login
[4:50:05 AM] 📝 POST /api/auth/login
[4:50:05 AM] 📝 POST /api/auth/login
[4:50:06 AM] 📝 POST /api/auth/login
[4:51:20 AM] 📝 GET /api/rooms
[4:52:19 AM] 📝 GET /api/bookings
[4:52:49 AM] 📝 POST /api/auth/login
[4:59:44 AM] 📝 GET /api/rooms
[4:59:46 AM] 📝 GET /api/bookings/my-bookings
[4:59:55 AM] 📝 GET /api/rooms
[5:21:42 AM] 📝 GET /api/rooms
[5:21:44 AM] 📝 GET /api/bookings/my-bookings
[5:21:53 AM] 📝 GET /api/rooms
[5:22:27 AM] 📝 GET /api/rooms
[5:22:28 AM] 📝 GET /api/bookings/my-bookings
[5:22:33 AM] 📝 GET /api/rooms
[5:23:20 AM] 📝 GET /api/rooms
[5:23:21 AM] 📝 GET /api/bookings/my-bookings
[5:23:22 AM] 📝 GET /api/rooms
[5:23:23 AM] 📝 GET /api/rooms
[5:23:27 AM] 📝 GET /api/rooms
[5:23:29 AM] 📝 GET /api/bookings/my-bookings
[5:23:30 AM] 📝 GET /api/rooms
[5:23:33 AM] 📝 GET /api/bookings
[5:29:28 AM] 📝 GET /api/rooms
[5:31:16 AM] 📝 GET /api/auth/me
[5:31:16 AM] 📝 GET /api/departments
[5:31:24 AM] 📝 GET /api/departments
[5:33:56 AM] 📝 GET /api/bookings/my-bookings
[5:34:08 AM] 📝 GET /api/departments
[5:34:08 AM] 📝 GET /api/rooms
[5:35:20 AM] 📝 GET /api/admin/dashboard/statistics
[5:35:23 AM] 📝 GET /api/admin/bookings
[5:35:33 AM] 📝 GET /api/rooms
[5:39:03 AM] 📝 GET /api/bookings/my-bookings
[6:03:49 AM] 📝 GET /api/admin/dashboard/statistics
[6:04:04 AM] 📝 GET /api/rooms
[6:04:23 AM] 📝 GET /api/admin/stats/department-usage
[6:04:23 AM] 📝 GET /api/admin/stats/monthly-stats
[6:04:23 AM] 📝 GET /api/admin/stats/bookings-trend
[6:04:23 AM] 📝 GET /api/admin/stats/popular-rooms
[6:05:49 AM] 📝 GET /api/rooms
[6:05:53 AM] 📝 GET /api/admin/bookings
[6:06:26 AM] 📝 GET /api/admin/stats/popular-rooms
[6:06:26 AM] 📝 GET /api/admin/stats/department-usage
[6:06:26 AM] 📝 GET /api/admin/stats/monthly-stats
[6:06:26 AM] 📝 GET /api/admin/stats/bookings-trend
[6:12:10 AM] 📝 POST /api/auth/login
[6:12:14 AM] 📝 GET /api/bookings
[6:18:55 AM] 📝 POST /api/auth/login
[6:18:55 AM] 📝 GET /api/rooms
[6:20:05 AM] 📝 POST /api/auth/login
[6:20:16 AM] 📝 POST /api/auth/login
[6:20:33 AM] 📝 POST /api/auth/login
[6:22:14 AM] 📝 GET /api/auth/me
[6:22:31 AM] 📝 POST /api/auth/login
[6:22:32 AM] 📝 GET /api/rooms
[6:22:34 AM] 📝 GET /api/admin/dashboard/statistics
[6:22:51 AM] 📝 GET /api/admin/users
[6:23:24 AM] 📝 POST /api/auth/exchange-code
━━━━━━━━━━━━━━━━━━━━━━━━━━━━━━━━━━
🔐 UMS Exchange Code Request
   📥 Method: POST
   📥 IP: 159.192.54.153
   📥 Origin: https://nssv.nsm.go.th
   📥 Referer: https://nssv.nsm.go.th/napp/auth/callback?code=346fb1d5b05bf690e467f7a7578a49f8d19e6f8c8b0c651fb34091f88093577d
   📥 User-Agent: Mozilla/5.0 (Windows NT 10.0; Win64; x64) AppleWebKit/537.36 (KHTML, like Gecko) Chrome/148.0.0.0 Safari/537.36
   📥 Content-Type: application/json
   📥 Body Keys: [ 'code', 'projectCode' ]
   📥 code: 346fb1d5b05bf690e467f7a7578a49f8d19e6f8c8b0c651fb34091f88093577d
   📥 projectCode: MEETBOOKING
   🔄 Calling: POST https://nssv.nsm.go.th/ums/api/auth/exchange-code
   📤 UMS Status: 200
   📤 UMS Response: {
  "status": "success",
  "token": "eyJhbGciOiJIUzI1NiIsInR5cCI6IkpXVCJ9.eyJpZCI6IjY5ODAwNTM2ZGNiYzM1ZDM0NmQ3NGI2MyIsInJvbGUiOiJtZW1iZXIiLCJ1c2VybmFtZSI6IkdhcCIsImlhdCI6MTc3OTk0OTQwNCwiZXhwIjoxNzgwMDM1ODA0fQ.h9P1a1gCJ4JHLtWs_b38CUlkRdoMI-mGkF_mw1ILpD4",
  "user": {
    "id": "69800536dcbc35d346d74b63",
    "username": "Gap",
    "email": "gap389@gmail.com",
    "firstName": "Prasong",
    "lastName": "Yimyoung",
    "role": "member",
    "phone": "0910277999"
  }
}
   🎯 Role: member → user
   ✅ Login success: Prasong Yimyoung (user)
━━━━━━━━━━━━━━━━━━━━━━━━━━━━━━━━━━
[6:23:25 AM] 📝 GET /api/rooms
[6:23:28 AM] 📝 GET /api/bookings
[6:23:31 AM] 📝 GET /api/rooms
[6:23:58 AM] 📝 POST /api/auth/login
[6:23:59 AM] 📝 GET /api/rooms
[6:24:06 AM] 📝 GET /api/admin/dashboard/statistics
[6:24:22 AM] 📝 GET /api/admin/users
[6:26:46 AM] 📝 GET /api/bookings
[6:27:01 AM] 📝 GET /api/bookings
[6:27:04 AM] 📝 GET /api/rooms
[6:27:08 AM] 📝 GET /api/rooms/6a13fa31f9491de834877dca
[6:27:08 AM] 📝 GET /api/bookings
[6:27:17 AM] 📝 GET /api/rooms
[6:27:24 AM] 📝 POST /api/auth/login
[6:27:29 AM] 📝 GET /api/admin/dashboard/statistics
[6:27:33 AM] 📝 GET /api/display/rooms
[6:27:36 AM] 📝 GET /api/display/config/69490a065e1a04f70b859ca9
[6:27:36 AM] 📝 GET /api/display/media/69490a065e1a04f70b859ca9
[6:27:36 AM] 📝 GET /api/display/room/69490a065e1a04f70b859ca9
[6:27:36 AM] 📝 GET /api/display/uploads/69490a065e1a04f70b859ca9_1778836720904.png
[6:27:36 AM] 📝 GET /api/display/uploads/69490a065e1a04f70b859ca9_1778836722246.png
[6:27:36 AM] 📝 GET /api/display/uploads/69490a065e1a04f70b859ca9_1778836721329.png
[6:27:36 AM] 📝 GET /api/display/uploads/69490a065e1a04f70b859ca9_1778836721767.png
[6:27:44 AM] 📝 GET /api/rooms
[6:27:46 AM] 📝 GET /api/admin/dashboard/statistics
[6:28:14 AM] 📝 GET /api/admin/users
[6:28:20 AM] 📝 GET /api/admin/bookings
[6:28:43 AM] 📝 GET /api/admin/users
[6:31:15 AM] 📝 GET /api/bookings/my-bookings
[6:31:16 AM] 📝 GET /api/rooms
[6:38:39 AM] 📝 POST /api/auth/exchange-code
━━━━━━━━━━━━━━━━━━━━━━━━━━━━━━━━━━
🔐 UMS Exchange Code Request
   📥 Method: POST
   📥 IP: 159.192.54.153
   📥 Origin: https://nssv.nsm.go.th
   📥 Referer: https://nssv.nsm.go.th/napp/auth/callback?code=75a0d5b587ca9943a28036da3a3295120c86d3762fc5d146c16a5e4929cb0408
   📥 User-Agent: Mozilla/5.0 (Windows NT 10.0; Win64; x64) AppleWebKit/537.36 (KHTML, like Gecko) Chrome/148.0.0.0 Safari/537.36
   📥 Content-Type: application/json
   📥 Body Keys: [ 'code', 'projectCode' ]
   📥 code: 75a0d5b587ca9943a28036da3a3295120c86d3762fc5d146c16a5e4929cb0408
   📥 projectCode: MEETBOOKING
   🔄 Calling: POST https://nssv.nsm.go.th/ums/api/auth/exchange-code
   📤 UMS Status: 200
   📤 UMS Response: {
  "status": "success",
  "token": "eyJhbGciOiJIUzI1NiIsInR5cCI6IkpXVCJ9.eyJpZCI6IjY5ODAwNTM2ZGNiYzM1ZDM0NmQ3NGI2MyIsInJvbGUiOiJtZW1iZXIiLCJ1c2VybmFtZSI6IkdhcCIsImlhdCI6MTc3OTk1MDMxOSwiZXhwIjoxNzgwMDM2NzE5fQ.-FKgnnjR4xdNzUe8l-JXfq6cqRF_wzd-KwPQpev9PpY",
  "user": {
    "id": "69800536dcbc35d346d74b63",
    "username": "Gap",
    "email": "gap389@gmail.com",
    "firstName": "Prasong",
    "lastName": "Yimyoung",
    "role": "member",
    "phone": "0910277999"
  }
}
   🎯 Role: member → user
   ✅ Login success: Prasong Yimyoung (user)
━━━━━━━━━━━━━━━━━━━━━━━━━━━━━━━━━━
[6:38:40 AM] 📝 GET /api/rooms
[6:43:47 AM] 📝 GET /api/rooms/69490a065e1a04f70b859ca9
[6:43:47 AM] 📝 GET /api/bookings
[6:43:50 AM] 📝 GET /api/bookings
[6:43:51 AM] 📝 GET /api/bookings
[6:43:52 AM] 📝 GET /api/bookings
[6:43:57 AM] 📝 GET /api/bookings
[6:43:58 AM] 📝 GET /api/bookings
[6:43:58 AM] 📝 GET /api/bookings
[6:44:06 AM] 📝 GET /api/rooms
[6:44:10 AM] 📝 GET /api/rooms
[6:50:00 AM] 📝 GET /api/auth/me
[6:50:00 AM] 📝 GET /api/auth/me
[6:50:00 AM] 📝 GET /api/rooms
[7:25:10 AM] 📝 POST /api/auth/exchange-code
━━━━━━━━━━━━━━━━━━━━━━━━━━━━━━━━━━
🔐 UMS Exchange Code Request
   📥 Method: POST
   📥 IP: 159.192.54.153
   📥 Origin: https://nssv.nsm.go.th
   📥 Referer: https://nssv.nsm.go.th/napp/auth/callback?code=895bd5155c4afa663de3aa59067a473445581723956e3f984eb2b206190727a0
   📥 User-Agent: Mozilla/5.0 (Windows NT 10.0; Win64; x64) AppleWebKit/537.36 (KHTML, like Gecko) Chrome/148.0.0.0 Safari/537.36
   📥 Content-Type: application/json
   📥 Body Keys: [ 'code', 'projectCode' ]
   📥 code: 895bd5155c4afa663de3aa59067a473445581723956e3f984eb2b206190727a0
   📥 projectCode: MEETBOOKING
   🔄 Calling: POST https://nssv.nsm.go.th/ums/api/auth/exchange-code
   📤 UMS Status: 200
   📤 UMS Response: {
  "status": "success",
  "token": "eyJhbGciOiJIUzI1NiIsInR5cCI6IkpXVCJ9.eyJpZCI6IjZhMTdjOTE5NDA0YWExMWYwZWJmZmIyNCIsInJvbGUiOiJtZW1iZXIiLCJ1c2VybmFtZSI6InBva2Nvd2JveSIsImlhdCI6MTc3OTk1MzExMCwiZXhwIjoxNzgwMDM5NTEwfQ.zm1rX3d3Z-tVZVnXlg-n8qicNJErzUtiG3ipZgqu1lQ",
  "user": {
    "id": "6a17c919404aa11f0ebffb24",
    "username": "pokcowboy",
    "email": "boripong@gmail.com",
    "firstName": "บริพงษ์",
    "lastName": "รัตนศิลป์",
    "role": "member",
    "phone": "0857349857"
  }
}
   🎯 Role: member → user
   ✅ Login success: บริพงษ์ รัตนศิลป์ (user)
━━━━━━━━━━━━━━━━━━━━━━━━━━━━━━━━━━
[7:25:11 AM] 📝 GET /api/rooms
[7:25:42 AM] 📝 GET /api/bookings
[7:25:56 AM] 📝 GET /api/rooms
[7:26:06 AM] 📝 GET /api/rooms/69490a065e1a04f70b859cab
[7:26:06 AM] 📝 GET /api/bookings
[7:26:11 AM] 📝 GET /api/rooms
[7:26:16 AM] 📝 GET /api/rooms/69490a065e1a04f70b859ca9
[7:26:16 AM] 📝 GET /api/bookings
[7:26:27 AM] 📝 GET /api/bookings
[7:26:30 AM] 📝 GET /api/bookings
[7:26:44 AM] 📝 GET /api/bookings
[7:26:47 AM] 📝 GET /api/bookings
[7:26:47 AM] 📝 GET /api/bookings
[7:26:52 AM] 📝 GET /api/bookings
[7:26:56 AM] 📝 GET /api/rooms/69490a065e1a04f70b859ca9
[7:26:56 AM] 📝 GET /api/bookings
[7:26:57 AM] 📝 GET /api/rooms
[7:27:09 AM] 📝 GET /api/bookings
[7:27:36 AM] 📝 GET /api/bookings/my-bookings
[7:27:38 AM] 📝 GET /api/rooms
[7:27:42 AM] 📝 GET /api/bookings/my-bookings
[7:27:53 AM] 📝 GET /api/rooms
[7:27:53 AM] 📝 GET /api/departments
[7:28:06 AM] 📝 GET /api/rooms
[7:28:11 AM] 📝 GET /api/rooms/69490a065e1a04f70b859ca9
[7:28:11 AM] 📝 GET /api/bookings
[7:28:30 AM] 📝 GET /api/bookings
[8:09:49 AM] 📝 POST /api/auth/exchange-code
━━━━━━━━━━━━━━━━━━━━━━━━━━━━━━━━━━
🔐 UMS Exchange Code Request
   📥 Method: POST
   📥 IP: 159.192.54.153
   📥 Origin: https://nssv.nsm.go.th
   📥 Referer: https://nssv.nsm.go.th/napp/auth/callback?code=2fd0bf02e3e84813a96bae53ceb5994c6ac74f1c6932e4787829b74b27d970c1
   📥 User-Agent: Mozilla/5.0 (Windows NT 10.0; Win64; x64) AppleWebKit/537.36 (KHTML, like Gecko) Chrome/148.0.0.0 Safari/537.36
   📥 Content-Type: application/json
   📥 Body Keys: [ 'code', 'projectCode' ]
   📥 code: 2fd0bf02e3e84813a96bae53ceb5994c6ac74f1c6932e4787829b74b27d970c1
   📥 projectCode: MEETBOOKING
   🔄 Calling: POST https://nssv.nsm.go.th/ums/api/auth/exchange-code
   📤 UMS Status: 200
   📤 UMS Response: {
  "status": "success",
  "token": "eyJhbGciOiJIUzI1NiIsInR5cCI6IkpXVCJ9.eyJpZCI6IjY5ODAwNTM2ZGNiYzM1ZDM0NmQ3NGI2MyIsInJvbGUiOiJtZW1iZXIiLCJ1c2VybmFtZSI6IkdhcCIsImlhdCI6MTc3OTk1NTc5MCwiZXhwIjoxNzgwMDQyMTkwfQ.W4gsMdeCeZ3iuVCtJF0ss_atWWKj1XAEwPvcU63fEZs",
  "user": {
    "id": "69800536dcbc35d346d74b63",
    "username": "Gap",
    "email": "gap389@gmail.com",
    "firstName": "Prasong",
    "lastName": "Yimyoung",
    "role": "member",
    "phone": "0910277999"
  }
}
   🎯 Role: member → user
   ✅ Login success: Prasong Yimyoung (user)
━━━━━━━━━━━━━━━━━━━━━━━━━━━━━━━━━━
[8:09:50 AM] 📝 GET /api/rooms
[8:09:53 AM] 📝 GET /api/bookings
[8:10:04 AM] 📝 GET /api/rooms
[8:10:08 AM] 📝 GET /api/rooms/69490a065e1a04f70b859caa
[8:10:08 AM] 📝 GET /api/bookings
[8:10:27 AM] 📝 POST /api/auth/login
[8:10:28 AM] 📝 GET /api/rooms
[8:10:32 AM] 📝 GET /api/bookings
[8:10:47 AM] 📝 GET /api/rooms/696f36019adeec8a6063cb8c
[8:10:47 AM] 📝 GET /api/bookings
[8:10:58 AM] 📝 GET /api/bookings
[8:11:03 AM] 📝 GET /api/rooms/696f36019adeec8a6063cb8c
[8:11:03 AM] 📝 GET /api/bookings
[8:11:10 AM] 📝 GET /api/rooms
[8:11:14 AM] 📝 GET /api/admin/dashboard/statistics
[8:11:21 AM] 📝 GET /api/admin/bookings
[8:13:31 AM] 📝 GET /api/rooms/696f36019adeec8a6063cb8c
[8:13:31 AM] 📝 GET /api/bookings
[8:13:34 AM] 📝 GET /api/bookings
[8:13:35 AM] 📝 GET /api/bookings
[8:14:24 AM] 📝 GET /api/bookings
[8:14:25 AM] 📝 GET /api/bookings
[8:14:26 AM] 📝 GET /api/bookings
[8:14:31 AM] 📝 GET /api/bookings
[8:14:34 AM] 📝 GET /api/rooms
[8:14:38 AM] 📝 GET /api/bookings
[8:14:40 AM] 📝 GET /api/rooms
[8:14:42 AM] 📝 GET /api/admin/dashboard/statistics
[8:14:49 AM] 📝 GET /api/admin/bookings
[8:17:36 AM] 📝 GET /api/rooms
[8:19:34 AM] 📝 GET /api/auth/me
[8:19:35 AM] 📝 GET /api/rooms
[8:19:43 AM] 📝 GET /api/bookings/my-bookings
[8:21:34 AM] 📝 DELETE /api/bookings/6a166c88f9491de834879608
[8:37:21 AM] 📝 GET /api/bookings
[1:08:02 AM] 📝 GET /api/auth/me
[1:08:05 AM] 📝 POST /api/auth/login
[1:08:05 AM] 📝 GET /api/rooms
[1:08:57 AM] 📝 GET /api/bookings
[1:09:26 AM] 📝 GET /api/rooms
[1:09:28 AM] 📝 GET /api/admin/dashboard/statistics
[1:48:05 AM] 📝 GET /api/auth/me
[1:48:08 AM] 📝 POST /api/auth/login
[1:48:08 AM] 📝 GET /api/rooms
[1:54:44 AM] 📝 GET /api/admin/bookings
[1:54:58 AM] 📝 GET /api/admin/bookings
[1:55:16 AM] 📝 GET /api/admin/bookings
[1:55:45 AM] 📝 GET /api/admin/bookings
[1:55:50 AM] 📝 GET /api/display/rooms
[1:55:56 AM] 📝 GET /api/display/room/69490a065e1a04f70b859ca9
[1:55:56 AM] 📝 GET /api/display/media/69490a065e1a04f70b859ca9
[1:55:56 AM] 📝 GET /api/display/config/69490a065e1a04f70b859ca9
[1:55:56 AM] 📝 GET /api/display/uploads/69490a065e1a04f70b859ca9_1778836721767.png
[1:55:56 AM] 📝 GET /api/display/uploads/69490a065e1a04f70b859ca9_1778836720904.png
[1:55:56 AM] 📝 GET /api/display/uploads/69490a065e1a04f70b859ca9_1778836722246.png
[1:55:56 AM] 📝 GET /api/display/uploads/69490a065e1a04f70b859ca9_1778836721329.png
[1:57:01 AM] 📝 GET /api/display/config/69490a065e1a04f70b859caa
[1:57:01 AM] 📝 GET /api/display/room/69490a065e1a04f70b859caa
[1:57:01 AM] 📝 GET /api/display/media/69490a065e1a04f70b859caa
[1:57:01 AM] 📝 GET /api/display/uploads/69490a065e1a04f70b859caa_1778836967381.png
[1:57:01 AM] 📝 GET /api/display/uploads/69490a065e1a04f70b859caa_1778836968895.png
[1:57:01 AM] 📝 GET /api/display/uploads/69490a065e1a04f70b859caa_1778836967898.png
[1:57:01 AM] 📝 GET /api/display/uploads/69490a065e1a04f70b859caa_1778836968444.png
[1:57:04 AM] 📝 GET /api/display/room/69490a065e1a04f70b859cab
[1:57:04 AM] 📝 GET /api/display/config/69490a065e1a04f70b859cab
[1:57:04 AM] 📝 GET /api/display/media/69490a065e1a04f70b859cab
[1:57:04 AM] 📝 GET /api/display/uploads/69490a065e1a04f70b859cab_1778837067368.png
[1:57:04 AM] 📝 GET /api/display/uploads/69490a065e1a04f70b859cab_1778837066914.png
[1:57:04 AM] 📝 GET /api/display/uploads/69490a065e1a04f70b859cab_1778837066488.png
[1:57:04 AM] 📝 GET /api/display/uploads/69490a065e1a04f70b859cab_1778837066057.png
[1:57:07 AM] 📝 GET /api/display/room/6a13fa31f9491de834877dca
[1:57:07 AM] 📝 GET /api/display/media/6a13fa31f9491de834877dca
[1:57:07 AM] 📝 GET /api/display/config/6a13fa31f9491de834877dca
[1:57:11 AM] 📝 GET /api/rooms
[1:57:12 AM] 📝 GET /api/admin/stats/bookings-trend
[1:57:12 AM] 📝 GET /api/admin/stats/department-usage
[1:57:12 AM] 📝 GET /api/admin/stats/popular-rooms
[1:57:12 AM] 📝 GET /api/admin/stats/monthly-stats
[2:01:45 AM] 📝 GET /api/auth/me
[2:02:03 AM] 📝 POST /api/auth/login
[2:02:04 AM] 📝 GET /api/rooms
[2:02:07 AM] 📝 GET /api/rooms/69490a065e1a04f70b859ca9
[2:02:07 AM] 📝 GET /api/bookings
[2:02:08 AM] 📝 GET /api/bookings
[2:02:34 AM] 📝 GET /api/bookings/my-bookings
[2:02:36 AM] 📝 GET /api/departments
[2:02:36 AM] 📝 GET /api/rooms
[2:02:49 AM] 📝 GET /api/bookings
[2:03:26 AM] 📝 POST /api/bookings
[2:03:27 AM] 📝 GET /api/bookings/my-bookings
[2:03:30 AM] 📝 GET /api/rooms
[2:03:31 AM] 📝 GET /api/rooms/69490a065e1a04f70b859ca9
[2:03:31 AM] 📝 GET /api/bookings
[2:03:32 AM] 📝 GET /api/bookings
[2:53:20 AM] 📝 GET /api/rooms
[2:57:40 AM] 📝 GET /api/rooms/69490a065e1a04f70b859ca9
[2:57:40 AM] 📝 GET /api/bookings
[2:57:42 AM] 📝 GET /api/bookings
[3:00:07 AM] 📝 GET /api/rooms
[3:01:24 AM] 📝 GET /api/rooms
[3:01:25 AM] 📝 GET /api/rooms/69490a065e1a04f70b859caa
[3:01:25 AM] 📝 GET /api/bookings
[3:01:27 AM] 📝 GET /api/bookings
[3:01:30 AM] 📝 GET /api/bookings
[3:01:34 AM] 📝 GET /api/bookings
[3:01:36 AM] 📝 GET /api/rooms
[3:01:37 AM] 📝 GET /api/rooms/69490a065e1a04f70b859cab
[3:01:38 AM] 📝 GET /api/bookings
[3:01:38 AM] 📝 GET /api/bookings
[3:02:53 AM] 📝 GET /api/admin/dashboard/statistics
[3:02:54 AM] 📝 GET /api/admin/bookings
[3:04:21 AM] 📝 GET /api/rooms
[3:04:23 AM] 📝 GET /api/rooms/69490a065e1a04f70b859cab
[3:04:23 AM] 📝 GET /api/bookings
[3:04:24 AM] 📝 GET /api/bookings
[3:05:02 AM] 📝 GET /api/bookings
[3:05:05 AM] 📝 GET /api/rooms
[3:05:08 AM] 📝 GET /api/rooms/696f36019adeec8a6063cb8c
[3:05:08 AM] 📝 GET /api/bookings
[3:05:10 AM] 📝 GET /api/bookings
[3:06:19 AM] 📝 GET /api/rooms
[3:07:15 AM] 📝 GET /api/bookings/my-bookings
[3:07:42 AM] 📝 GET /api/rooms
[3:07:42 AM] 📝 GET /api/departments
[3:08:31 AM] 📝 GET /api/bookings
[3:09:26 AM] 📝 POST /api/bookings
[3:09:27 AM] 📝 GET /api/bookings/my-bookings
[3:09:42 AM] 📝 GET /api/rooms
[3:10:05 AM] 📝 GET /api/rooms
[3:10:05 AM] 📝 GET /api/rooms
[3:10:05 AM] 📝 GET /api/auth/me
[3:10:05 AM] 📝 GET /api/rooms
[3:10:07 AM] 📝 GET /api/rooms/69490a065e1a04f70b859ca9
[3:10:07 AM] 📝 GET /api/bookings
[3:10:11 AM] 📝 GET /api/bookings
[3:10:18 AM] 📝 GET /api/bookings/my-bookings
[3:10:19 AM] 📝 GET /api/rooms
[3:10:19 AM] 📝 GET /api/departments
[3:10:37 AM] 📝 GET /api/bookings
[3:10:46 AM] 📝 POST /api/bookings
[3:10:48 AM] 📝 GET /api/bookings/my-bookings
[3:11:09 AM] 📝 GET /api/rooms
[3:11:09 AM] 📝 GET /api/departments
[3:11:10 AM] 📝 GET /api/rooms
[3:11:11 AM] 📝 GET /api/bookings
[3:33:56 AM] 📝 GET /api/rooms
[3:33:58 AM] 📝 GET /api/bookings/my-bookings
[6:07:20 AM] 📝 GET /api/rooms
[6:07:20 AM] 📝 GET /api/rooms
[6:07:20 AM] 📝 GET /api/rooms
[6:18:01 AM] 📝 GET /api/rooms
[6:21:42 AM] 📝 GET /api/auth/me
[6:21:42 AM] 📝 GET /api/rooms
[6:21:44 AM] 📝 GET /api/admin/dashboard/statistics
[6:21:45 AM] 📝 GET /api/admin/bookings
[6:22:01 AM] 📝 PUT /api/admin/bookings/6a18f3eef9491de834879bd8/status
[6:22:02 AM] 📝 GET /api/admin/bookings
[6:22:02 AM] 📝 GET /api/rooms
[6:22:04 AM] 📝 GET /api/bookings/my-bookings
[6:22:06 AM] 📝 GET /api/admin/dashboard/statistics
[6:22:07 AM] 📝 GET /api/admin/bookings
[6:59:59 AM] 📝 GET /api/bookings
[7:01:17 AM] 📝 POST /api/auth/login
[7:06:17 AM] 📝 GET /api/rooms
[7:06:22 AM] 📝 GET /api/rooms/69490a065e1a04f70b859ca9
[7:06:22 AM] 📝 GET /api/bookings
[7:06:23 AM] 📝 GET /api/bookings
[7:06:36 AM] 📝 GET /api/bookings/my-bookings
[7:06:47 AM] 📝 GET /api/departments
[7:06:47 AM] 📝 GET /api/rooms
[7:06:47 AM] 📝 GET /api/bookings/6a18f3eef9491de834879bd8
[7:06:47 AM] 📝 GET /api/bookings
[7:06:54 AM] 📝 GET /api/departments
[7:06:54 AM] 📝 GET /api/bookings/6a140097f9491de834878014
[7:06:54 AM] 📝 GET /api/rooms
[7:06:54 AM] 📝 GET /api/bookings
[7:06:56 AM] 📝 GET /api/rooms
[7:06:56 AM] 📝 GET /api/departments
[7:06:56 AM] 📝 GET /api/bookings/6a14012cf9491de83487805b
[7:06:56 AM] 📝 GET /api/bookings
[7:06:57 AM] 📝 GET /api/rooms
[7:06:57 AM] 📝 GET /api/bookings/6a18f3eef9491de834879bd8
[7:06:57 AM] 📝 GET /api/departments
[7:06:57 AM] 📝 GET /api/bookings
[7:06:58 AM] 📝 POST /api/auth/login
[7:06:58 AM] 📝 GET /api/departments
[7:06:58 AM] 📝 GET /api/bookings/6a140097f9491de83487800e
[7:06:58 AM] 📝 GET /api/rooms
[7:06:58 AM] 📝 GET /api/bookings
[7:06:59 AM] 📝 GET /api/bookings/6a14012cf9491de834878061
[7:06:59 AM] 📝 GET /api/rooms
[7:06:59 AM] 📝 GET /api/departments
[7:06:59 AM] 📝 GET /api/bookings
[7:07:00 AM] 📝 GET /api/rooms
[7:07:00 AM] 📝 GET /api/bookings/6a18f3eef9491de834879bd8
[7:07:00 AM] 📝 GET /api/departments
[7:07:00 AM] 📝 GET /api/bookings
[7:07:05 AM] 📝 POST /api/auth/login
[7:07:35 AM] 📝 POST /api/auth/login
[7:07:35 AM] 📝 GET /api/rooms
[7:07:38 AM] 📝 GET /api/rooms/69490a065e1a04f70b859ca9
[7:07:38 AM] 📝 GET /api/bookings
[7:07:41 AM] 📝 GET /api/bookings
[7:08:12 AM] 📝 GET /api/bookings
[7:08:14 AM] 📝 GET /api/bookings
[7:08:16 AM] 📝 PUT /api/bookings/6a18f3eef9491de834879bd8
[7:08:17 AM] 📝 GET /api/bookings/my-bookings
[7:08:22 AM] 📝 GET /api/rooms
[7:08:23 AM] 📝 GET /api/rooms/69490a065e1a04f70b859ca9
[7:08:23 AM] 📝 GET /api/bookings
[7:08:25 AM] 📝 GET /api/bookings
[7:10:24 AM] 📝 GET /api/rooms
[7:10:24 AM] 📝 GET /api/rooms
[7:12:31 AM] 📝 GET /api/bookings
[7:12:31 AM] 📝 GET /api/rooms
[7:12:33 AM] 📝 GET /api/rooms/69490a065e1a04f70b859caa
[7:12:33 AM] 📝 GET /api/bookings
[7:12:35 AM] 📝 GET /api/bookings
[7:12:38 AM] 📝 GET /api/bookings
[7:12:43 AM] 📝 POST /api/auth/login
[7:12:43 AM] 📝 GET /api/rooms
[7:12:48 AM] 📝 GET /api/rooms/696f36019adeec8a6063cb8c
[7:12:48 AM] 📝 GET /api/bookings
[7:12:50 AM] 📝 GET /api/bookings
[7:12:51 AM] 📝 GET /api/bookings
[7:13:11 AM] 📝 POST /api/auth/exchange-code
━━━━━━━━━━━━━━━━━━━━━━━━━━━━━━━━━━
🔐 UMS Exchange Code Request
   📥 Method: POST
   📥 IP: 116.58.247.133
   📥 Origin: https://nssv.nsm.go.th
   📥 Referer: https://nssv.nsm.go.th/napp/auth/callback?code=40eb2798232a5e7be169ca7588bd5f2f0c475f303af35a01e76849ac884a34a0
   📥 User-Agent: Mozilla/5.0 (Windows NT 10.0; Win64; x64) AppleWebKit/537.36 (KHTML, like Gecko) Chrome/148.0.0.0 Safari/537.36
   📥 Content-Type: application/json
   📥 Body Keys: [ 'code', 'projectCode' ]
   📥 code: 40eb2798232a5e7be169ca7588bd5f2f0c475f303af35a01e76849ac884a34a0
   📥 projectCode: MEETBOOKING
   🔄 Calling: POST https://nssv.nsm.go.th/ums/api/auth/exchange-code
   📤 UMS Status: 200
   📤 UMS Response: {
  "status": "success",
  "token": "eyJhbGciOiJIUzI1NiIsInR5cCI6IkpXVCJ9.eyJpZCI6IjY5ODAwNTM2ZGNiYzM1ZDM0NmQ3NGI2MyIsInJvbGUiOiJtZW1iZXIiLCJ1c2VybmFtZSI6IkdhcCIsImlhdCI6MTc4MDAzODc5MSwiZXhwIjoxNzgwMTI1MTkxfQ.Tip1jWOi7PbCBTCx3oJglg6NWDl7IyjIhS9eFv4ifu8",
  "user": {
    "id": "69800536dcbc35d346d74b63",
    "username": "Gap",
    "email": "gap389@gmail.com",
    "firstName": "Prasong",
    "lastName": "Yimyoung",
    "role": "member",
    "phone": "0910277999"
  }
}
   🎯 Role: member → user
   ✅ Login success: Prasong Yimyoung (user)
━━━━━━━━━━━━━━━━━━━━━━━━━━━━━━━━━━
[7:13:12 AM] 📝 GET /api/rooms
[7:13:14 AM] 📝 GET /api/bookings
[7:14:40 AM] 📝 GET /api/bookings/my-bookings
[7:15:44 AM] 📝 POST /api/auth/login
[7:15:59 AM] 📝 GET /api/bookings/my-bookings
[7:16:01 AM] 📝 GET /api/rooms
[7:16:12 AM] 📝 POST /api/auth/login
[7:16:13 AM] 📝 GET /api/rooms
[7:16:54 AM] 📝 GET /api/admin/dashboard/statistics
[7:17:42 AM] 📝 GET /api/rooms
[7:17:59 AM] 📝 GET /api/admin/bookings
[7:21:11 AM] 📝 GET /api/bookings
[7:23:38 AM] 📝 GET /api/rooms
[7:23:41 AM] 📝 GET /api/admin/dashboard/statistics
[7:23:45 AM] 📝 GET /api/rooms
[7:23:49 AM] 📝 GET /api/rooms
[7:23:50 AM] 📝 GET /api/admin/dashboard/statistics
[7:23:57 AM] 📝 GET /api/admin/bookings
[7:24:19 AM] 📝 GET /api/admin/bookings
[7:25:05 AM] 📝 GET /api/admin/bookings
[7:25:19 AM] 📝 GET /api/bookings
[7:25:22 AM] 📝 GET /api/rooms
[7:25:26 AM] 📝 GET /api/bookings
[7:26:38 AM] 📝 GET /api/departments
[7:26:38 AM] 📝 GET /api/rooms
[7:26:38 AM] 📝 GET /api/bookings/6a18f3eef9491de834879bd8
[7:26:38 AM] 📝 GET /api/bookings
[7:27:13 AM] 📝 GET /api/bookings
[7:47:03 AM] 📝 GET /api/bookings
[7:48:26 AM] 📝 GET /api/bookings
[8:00:41 AM] 📝 POST /api/auth/login
[8:02:12 AM] 📝 POST /api/auth/login
[8:02:34 AM] 📝 POST /api/auth/login
[8:02:40 AM] 📝 POST /api/auth/login
[8:02:49 AM] 📝 POST /api/auth/login
[8:20:43 AM] 📝 GET /api/bookings
[8:20:44 AM] 📝 GET /api/rooms
[8:20:44 AM] 📝 GET /api/bookings/my-bookings
[8:20:51 AM] 📝 DELETE /api/bookings/6a13c286f9491de834877601
[8:20:54 AM] 📝 GET /api/departments
[8:20:54 AM] 📝 GET /api/rooms
[8:21:08 AM] 📝 GET /api/bookings
[8:21:38 AM] 📝 POST /api/bookings
[8:21:39 AM] 📝 GET /api/bookings/my-bookings
[8:21:46 AM] 📝 GET /api/bookings
[8:22:18 AM] 📝 GET /api/rooms
[8:22:21 AM] 📝 GET /api/rooms/696f36019adeec8a6063cb8c
[8:22:21 AM] 📝 GET /api/bookings
[8:22:28 AM] 📝 GET /api/bookings
[11:01:24 AM] 📝 GET /api/admin/dashboard/statistics
[7:21:19 AM] 📝 POST /api/auth/login
[7:21:19 AM] 📝 GET /api/rooms
[7:21:31 AM] 📝 GET /api/bookings
[7:24:16 AM] 📝 GET /api/bookings/my-bookings
[7:24:33 AM] 📝 GET /api/departments
[7:24:33 AM] 📝 GET /api/rooms
[7:25:52 AM] 📝 GET /api/bookings
[7:27:03 AM] 📝 POST /api/bookings
[7:27:05 AM] 📝 GET /api/bookings/my-bookings
[7:31:11 AM] 📝 GET /api/rooms
[7:31:11 AM] 📝 GET /api/departments
[7:31:59 AM] 📝 GET /api/bookings
[7:32:48 AM] 📝 POST /api/bookings
[7:32:49 AM] 📝 GET /api/bookings/my-bookings
[12:28:08 AM] 📝 GET /api/rooms
[12:28:17 AM] 📝 GET /api/rooms/69490a065e1a04f70b859ca9
[12:28:17 AM] 📝 GET /api/bookings
[12:28:21 AM] 📝 POST /api/auth/login
[12:28:21 AM] 📝 GET /api/rooms
[12:28:28 AM] 📝 GET /api/bookings
[12:29:35 AM] 📝 GET /api/bookings/my-bookings
[12:30:30 AM] 📝 GET /api/rooms
[12:30:30 AM] 📝 GET /api/departments
[12:30:30 AM] 📝 GET /api/bookings/6a1be2c7f9491de834879dc8
[12:30:30 AM] 📝 GET /api/bookings
[1:18:36 AM] 📝 GET /api/auth/me
[1:18:39 AM] 📝 POST /api/auth/login
[1:18:39 AM] 📝 GET /api/rooms
[1:18:48 AM] 📝 GET /api/rooms/696f36019adeec8a6063cb8c
[1:18:48 AM] 📝 GET /api/bookings
[1:19:21 AM] 📝 GET /api/admin/dashboard/statistics
[1:20:19 AM] 📝 GET /api/admin/bookings
[1:20:31 AM] 📝 GET /api/admin/stats/bookings-trend
[1:20:31 AM] 📝 GET /api/admin/stats/popular-rooms
[1:20:31 AM] 📝 GET /api/admin/stats/department-usage
[1:20:31 AM] 📝 GET /api/admin/stats/monthly-stats
[1:45:01 AM] 📝 POST /api/auth/login
[1:45:09 AM] 📝 POST /api/auth/login
[2:26:02 AM] 📝 GET /api/auth/me
[2:26:03 AM] 📝 POST /api/auth/login
[2:26:03 AM] 📝 GET /api/rooms
[2:26:10 AM] 📝 GET /api/rooms/696f36019adeec8a6063cb8c
[2:26:10 AM] 📝 GET /api/bookings
[2:26:17 AM] 📝 GET /api/bookings/my-bookings
[2:26:18 AM] 📝 GET /api/departments
[2:26:18 AM] 📝 GET /api/rooms
[2:26:36 AM] 📝 GET /api/bookings
[2:28:36 AM] 📝 GET /api/bookings
[2:28:42 AM] 📝 POST /api/bookings
[2:28:43 AM] 📝 GET /api/bookings/my-bookings
[2:28:45 AM] 📝 GET /api/admin/dashboard/statistics
[2:28:46 AM] 📝 GET /api/admin/bookings
[2:28:56 AM] 📝 PUT /api/admin/bookings/6a1e3fdaf9491de834879e25/status
[2:28:57 AM] 📝 GET /api/admin/bookings
[2:29:15 AM] 📝 GET /api/rooms
[2:29:51 AM] 📝 GET /api/rooms/696f36019adeec8a6063cb8c
[2:29:51 AM] 📝 GET /api/bookings
[3:56:05 AM] 📝 GET /api/bookings
[3:56:07 AM] 📝 POST /api/auth/login
[3:56:11 AM] 📝 POST /api/auth/login
[3:56:19 AM] 📝 POST /api/auth/exchange-code
━━━━━━━━━━━━━━━━━━━━━━━━━━━━━━━━━━
🔐 UMS Exchange Code Request
   📥 Method: POST
   📥 IP: 116.58.249.63
   📥 Origin: https://nssv.nsm.go.th
   📥 Referer: https://nssv.nsm.go.th/napp/auth/callback?code=96cef6b7927652a6e132ad38fba6e00a87fed0facb96c175a178474aaeb22e2f
   📥 User-Agent: Mozilla/5.0 (Windows NT 10.0; Win64; x64) AppleWebKit/537.36 (KHTML, like Gecko) Chrome/148.0.0.0 Safari/537.36
   📥 Content-Type: application/json
   📥 Body Keys: [ 'code', 'projectCode' ]
   📥 code: 96cef6b7927652a6e132ad38fba6e00a87fed0facb96c175a178474aaeb22e2f
   📥 projectCode: MEETBOOKING
   🔄 Calling: POST https://nssv.nsm.go.th/ums/api/auth/exchange-code
   📤 UMS Status: 200
   📤 UMS Response: {
  "status": "success",
  "token": "eyJhbGciOiJIUzI1NiIsInR5cCI6IkpXVCJ9.eyJpZCI6IjY5OGMzMTMxZGNiYzM1ZDM0NmQ3NGY1NyIsInJvbGUiOiJhZG1pbiIsInVzZXJuYW1lIjoidGF5ZmFyMDEyIiwiaWF0IjoxNzgwMzcyNTc5LCJleHAiOjE3ODA0NTg5Nzl9.h_MDQ17pognTaJfy7VfKVKXP3H3SMwngGaYAvZ-abdQ",
  "user": {
    "id": "698c3131dcbc35d346d74f57",
    "username": "tayfar012",
    "email": "tarata.khameam@gmail.com",
    "firstName": "ธราธาร์",
    "lastName": "คำเอี่ยม",
    "role": "admin",
    "phone": "0897034254"
  }
}
   🎯 Role: admin → admin
   ✅ Login success: ธราธาร์ คำเอี่ยม (admin)
━━━━━━━━━━━━━━━━━━━━━━━━━━━━━━━━━━
[3:56:20 AM] 📝 GET /api/rooms
[3:56:25 AM] 📝 GET /api/admin/dashboard/statistics
[3:56:27 AM] 📝 GET /api/rooms
[3:56:27 AM] 📝 GET /api/admin/bookings
[6:07:37 AM] 📝 GET /api/auth/me
[6:07:38 AM] 📝 GET /api/rooms
[6:07:47 AM] 📝 GET /api/rooms/696f36019adeec8a6063cb8c
[6:07:47 AM] 📝 GET /api/bookings
[6:08:38 AM] 📝 GET /api/rooms
[7:16:31 AM] 📝 POST /api/auth/exchange-code
━━━━━━━━━━━━━━━━━━━━━━━━━━━━━━━━━━
🔐 UMS Exchange Code Request
   📥 Method: POST
   📥 IP: 1.47.213.46
   📥 Origin: https://nssv.nsm.go.th
   📥 Referer: https://nssv.nsm.go.th/napp/auth/callback?code=964c822a826e580c6231500784ac08ac8efc90154750d0e626c4db93eb20a270
   📥 User-Agent: Mozilla/5.0 (Linux; Android 10; K) AppleWebKit/537.36 (KHTML, like Gecko) Chrome/148.0.0.0 Mobile Safari/537.36
   📥 Content-Type: application/json
   📥 Body Keys: [ 'code', 'projectCode' ]
   📥 code: 964c822a826e580c6231500784ac08ac8efc90154750d0e626c4db93eb20a270
   📥 projectCode: MEETBOOKING
   🔄 Calling: POST https://nssv.nsm.go.th/ums/api/auth/exchange-code
   📤 UMS Status: 200
   📤 UMS Response: {
  "status": "success",
  "token": "eyJhbGciOiJIUzI1NiIsInR5cCI6IkpXVCJ9.eyJpZCI6IjZhMWMyMGU0NDA0YWExMWYwZWJmZmQ3NCIsInJvbGUiOiJtZW1iZXIiLCJ1c2VybmFtZSI6IuC4meC4suC4ouC5gOC4geC4teC4ouC4o-C4leC4tOC4qOC4seC4geC4lOC4tOC5jCAg4Liq4Li44LiC4Liq4Li04LiH4Lir4LmMIiwiaWF0IjoxNzgwMzg0NTkyLCJleHAiOjE3ODA0NzA5OTJ9.KDvUiGmcqdZ_AmotpK_zln5ewgN1eiyG6WDJMLbcqQA",
  "user": {
    "id": "6a1c20e4404aa11f0ebffd74",
    "username": "นายเกียรติศักดิ์  สุขสิงห์",
    "email": "gunvtition@gmail.com",
    "firstName": "เกียรติศักดิ์",
    "lastName": "สุขสิงห์",
    "role": "member",
    "phone": "08 2769 1436"
  }
}
   🎯 Role: member → user
   ✅ Login success: เกียรติศักดิ์ สุขสิงห์ (user)
━━━━━━━━━━━━━━━━━━━━━━━━━━━━━━━━━━
[7:16:33 AM] 📝 GET /api/rooms
[7:18:06 AM] 📝 GET /api/rooms
[7:20:58 AM] 📝 GET /api/rooms/69490a065e1a04f70b859ca9
[7:20:58 AM] 📝 GET /api/bookings
[7:21:19 AM] 📝 GET /api/rooms
[11:02:13 AM] 📝 POST /api/auth/exchange-code
━━━━━━━━━━━━━━━━━━━━━━━━━━━━━━━━━━
🔐 UMS Exchange Code Request
   📥 Method: POST
   📥 IP: 2403:6200:8840:c1f2:8d24:3de7:f6ab:6eec
   📥 Origin: https://nssv.nsm.go.th
   📥 Referer: https://nssv.nsm.go.th/napp/auth/callback?code=2dce085a83d64b26abcb34b1aa25a0edb9495d75aa932db2fd2004662cfcebbb
   📥 User-Agent: Mozilla/5.0 (Windows NT 10.0; Win64; x64) AppleWebKit/537.36 (KHTML, like Gecko) Chrome/148.0.0.0 Safari/537.36
   📥 Content-Type: application/json
   📥 Body Keys: [ 'code', 'projectCode' ]
   📥 code: 2dce085a83d64b26abcb34b1aa25a0edb9495d75aa932db2fd2004662cfcebbb
   📥 projectCode: MEETBOOKING
   🔄 Calling: POST https://nssv.nsm.go.th/ums/api/auth/exchange-code
   📤 UMS Status: 200
   📤 UMS Response: {
  "status": "success",
  "token": "eyJhbGciOiJIUzI1NiIsInR5cCI6IkpXVCJ9.eyJpZCI6IjZhMWMyMGU0NDA0YWExMWYwZWJmZmQ3NCIsInJvbGUiOiJtZW1iZXIiLCJ1c2VybmFtZSI6IuC4meC4suC4ouC5gOC4geC4teC4ouC4o-C4leC4tOC4qOC4seC4geC4lOC4tOC5jCAg4Liq4Li44LiC4Liq4Li04LiH4Lir4LmMIiwiaWF0IjoxNzgwMzk4MTM2LCJleHAiOjE3ODA0ODQ1MzZ9.2QnMJivjg0HOqF8g3fGJDJlRpFOLincOSFZj4M8EI1E",
  "user": {
    "id": "6a1c20e4404aa11f0ebffd74",
    "username": "นายเกียรติศักดิ์  สุขสิงห์",
    "email": "gunvtition@gmail.com",
    "firstName": "เกียรติศักดิ์",
    "lastName": "สุขสิงห์",
    "role": "member",
    "phone": "08 2769 1436"
  }
}
   🎯 Role: member → user
   ✅ Login success: เกียรติศักดิ์ สุขสิงห์ (user)
━━━━━━━━━━━━━━━━━━━━━━━━━━━━━━━━━━
[11:02:17 AM] 📝 GET /api/rooms
[11:03:00 AM] 📝 GET /api/bookings
[11:03:49 AM] 📝 GET /api/rooms
[11:03:53 AM] 📝 GET /api/bookings/my-bookings
[11:03:58 AM] 📝 GET /api/rooms
[11:04:03 AM] 📝 GET /api/bookings
[11:04:30 AM] 📝 GET /api/rooms
[11:04:34 AM] 📝 GET /api/rooms/69490a065e1a04f70b859cab
[11:04:34 AM] 📝 GET /api/bookings
[11:04:38 AM] 📝 GET /api/rooms
[11:04:41 AM] 📝 GET /api/rooms/696f36019adeec8a6063cb8c
[11:04:42 AM] 📝 GET /api/bookings
[11:04:47 AM] 📝 GET /api/bookings
[11:05:15 AM] 📝 GET /api/bookings
[11:05:17 AM] 📝 GET /api/bookings
[11:05:18 AM] 📝 GET /api/bookings
[11:05:19 AM] 📝 GET /api/bookings
[11:05:22 AM] 📝 GET /api/bookings
[11:05:23 AM] 📝 GET /api/bookings
[11:05:24 AM] 📝 GET /api/bookings
[11:05:39 AM] 📝 GET /api/rooms
[11:05:42 AM] 📝 GET /api/rooms/69490a065e1a04f70b859cab
[11:05:43 AM] 📝 GET /api/bookings
[11:05:51 AM] 📝 GET /api/rooms
[11:05:53 AM] 📝 GET /api/rooms/69490a065e1a04f70b859ca9
[11:05:53 AM] 📝 GET /api/bookings
[11:06:10 AM] 📝 GET /api/rooms
[11:06:12 AM] 📝 GET /api/rooms/69490a065e1a04f70b859ca9
[11:06:13 AM] 📝 GET /api/bookings
[11:06:38 AM] 📝 GET /api/rooms
[11:07:43 AM] 📝 GET /api/rooms
[5:17:24 AM] 📝 POST /api/auth/login
[5:17:28 AM] 📝 POST /api/auth/login
[5:18:29 AM] 📝 GET /api/departments
[5:18:38 AM] 📝 POST /api/auth/exchange-code
━━━━━━━━━━━━━━━━━━━━━━━━━━━━━━━━━━
🔐 UMS Exchange Code Request
   📥 Method: POST
   📥 IP: 110.78.180.14
   📥 Origin: https://nssv.nsm.go.th
   📥 Referer: https://nssv.nsm.go.th/napp/auth/callback?code=8c29be3f8cb4fde7683bef0de35de8059ba20008ee21ce8c6ae6bc19c1448931
   📥 User-Agent: Mozilla/5.0 (Windows NT 10.0; Win64; x64) AppleWebKit/537.36 (KHTML, like Gecko) Chrome/148.0.0.0 Safari/537.36
   📥 Content-Type: application/json
   📥 Body Keys: [ 'code', 'projectCode' ]
   📥 code: 8c29be3f8cb4fde7683bef0de35de8059ba20008ee21ce8c6ae6bc19c1448931
   📥 projectCode: MEETBOOKING
   🔄 Calling: POST https://nssv.nsm.go.th/ums/api/auth/exchange-code
   📤 UMS Status: 200
   📤 UMS Response: {
  "status": "success",
  "token": "eyJhbGciOiJIUzI1NiIsInR5cCI6IkpXVCJ9.eyJpZCI6IjY5OGMzMTMxZGNiYzM1ZDM0NmQ3NGY1NyIsInJvbGUiOiJhZG1pbiIsInVzZXJuYW1lIjoidGF5ZmFyMDEyIiwiaWF0IjoxNzgwNDYzOTE4LCJleHAiOjE3ODA1NTAzMTh9.00QA4MWxIo74Lf5y53oSuYQ6eio5CAfvD5iaq8rOSBk",
  "user": {
    "id": "698c3131dcbc35d346d74f57",
    "username": "tayfar012",
    "email": "tarata.khameam@gmail.com",
    "firstName": "ธราธาร์",
    "lastName": "คำเอี่ยม",
    "role": "admin",
    "phone": "0897034254"
  }
}
   🎯 Role: admin → admin
   ✅ Login success: ธราธาร์ คำเอี่ยม (admin)
━━━━━━━━━━━━━━━━━━━━━━━━━━━━━━━━━━
[5:18:39 AM] 📝 GET /api/rooms
[5:18:40 AM] 📝 GET /api/admin/dashboard/statistics
[5:18:44 AM] 📝 GET /api/admin/bookings
[5:18:57 AM] 📝 GET /api/admin/bookings
[5:19:16 AM] 📝 GET /api/admin/users
[1:25:18 AM] 📝 POST /api/auth/exchange-code
━━━━━━━━━━━━━━━━━━━━━━━━━━━━━━━━━━
🔐 UMS Exchange Code Request
   📥 Method: POST
   📥 IP: 110.78.180.14
   📥 Origin: https://nssv.nsm.go.th
   📥 Referer: https://nssv.nsm.go.th/napp/auth/callback?code=0f86a3657a12d81c86fda5a91bb2198ecfc00d5b4f14c756a79535237a3a73b1
   📥 User-Agent: Mozilla/5.0 (Windows NT 10.0; Win64; x64) AppleWebKit/537.36 (KHTML, like Gecko) Chrome/148.0.0.0 Safari/537.36
   📥 Content-Type: application/json
   📥 Body Keys: [ 'code', 'projectCode' ]
   📥 code: 0f86a3657a12d81c86fda5a91bb2198ecfc00d5b4f14c756a79535237a3a73b1
   📥 projectCode: MEETBOOKING
   🔄 Calling: POST https://nssv.nsm.go.th/ums/api/auth/exchange-code
   📤 UMS Status: 200
   📤 UMS Response: {
  "status": "success",
  "token": "eyJhbGciOiJIUzI1NiIsInR5cCI6IkpXVCJ9.eyJpZCI6IjZhMWMyMGU0NDA0YWExMWYwZWJmZmQ3NCIsInJvbGUiOiJtZW1iZXIiLCJ1c2VybmFtZSI6IuC4meC4suC4ouC5gOC4geC4teC4ouC4o-C4leC4tOC4qOC4seC4geC4lOC4tOC5jCAg4Liq4Li44LiC4Liq4Li04LiH4Lir4LmMIiwiaWF0IjoxNzgwNTM2MzE4LCJleHAiOjE3ODA2MjI3MTh9.ReINCXxMF9L9Cj-b8syc3ku1D-15IAnC7w4YqTkBGbU",
  "user": {
    "id": "6a1c20e4404aa11f0ebffd74",
    "username": "นายเกียรติศักดิ์  สุขสิงห์",
    "email": "gunvtition@gmail.com",
    "firstName": "เกียรติศักดิ์",
    "lastName": "สุขสิงห์",
    "role": "member",
    "phone": "08 2769 1436"
  }
}
   🎯 Role: member → user
   ✅ Login success: เกียรติศักดิ์ สุขสิงห์ (user)
━━━━━━━━━━━━━━━━━━━━━━━━━━━━━━━━━━
[1:25:19 AM] 📝 GET /api/rooms
[1:42:25 AM] 📝 POST /api/auth/login
[1:42:33 AM] 📝 POST /api/auth/login
[1:42:33 AM] 📝 GET /api/rooms
[1:42:36 AM] 📝 GET /api/bookings
[1:43:12 AM] 📝 GET /api/admin/dashboard/statistics
[1:43:14 AM] 📝 GET /api/rooms
[1:43:17 AM] 📝 GET /api/admin/bookings
[1:45:58 AM] 📝 GET /api/bookings/my-bookings
[2:04:01 AM] 📝 GET /api/auth/me
[2:04:03 AM] 📝 POST /api/auth/login
[2:04:03 AM] 📝 GET /api/rooms
[2:04:11 AM] 📝 GET /api/rooms/69609bbbaa301e5a9d0e57c0
[2:04:11 AM] 📝 GET /api/bookings
[2:04:26 AM] 📝 GET /api/bookings
[2:04:30 AM] 📝 GET /api/bookings/my-bookings
[2:04:34 AM] 📝 GET /api/departments
[2:04:34 AM] 📝 GET /api/rooms
[2:04:47 AM] 📝 GET /api/auth/me
[2:04:55 AM] 📝 POST /api/auth/login
[2:04:55 AM] 📝 GET /api/rooms
[2:05:00 AM] 📝 GET /api/bookings
[2:05:02 AM] 📝 GET /api/bookings/my-bookings
[2:05:06 AM] 📝 GET /api/bookings
[2:05:18 AM] 📝 GET /api/admin/dashboard/statistics
[2:05:20 AM] 📝 GET /api/admin/bookings
[2:05:34 AM] 📝 PUT /api/admin/bookings/6a1be2c7f9491de834879dc8/status
[2:05:36 AM] 📝 GET /api/admin/bookings
[2:05:40 AM] 📝 PUT /api/admin/bookings/6a1be420f9491de834879dd6/status
[2:05:42 AM] 📝 GET /api/admin/bookings
[2:05:46 AM] 📝 GET /api/auth/me
[2:05:46 AM] 📝 GET /api/admin/dashboard/statistics
[2:05:49 AM] 📝 GET /api/admin/bookings
[2:06:01 AM] 📝 GET /api/bookings
[2:06:03 AM] 📝 GET /api/bookings
[2:06:08 AM] 📝 GET /api/rooms/696f36019adeec8a6063cb8c
[2:06:09 AM] 📝 GET /api/bookings
[2:06:11 AM] 📝 POST /api/bookings
[2:06:14 AM] 📝 GET /api/bookings/my-bookings
[2:06:32 AM] 📝 GET /api/rooms
[2:06:34 AM] 📝 GET /api/admin/dashboard/statistics
[2:06:43 AM] 📝 POST /api/auth/exchange-code
━━━━━━━━━━━━━━━━━━━━━━━━━━━━━━━━━━
🔐 UMS Exchange Code Request
   📥 Method: POST
   📥 IP: 110.78.180.14
   📥 Origin: https://nssv.nsm.go.th
   📥 Referer: https://nssv.nsm.go.th/napp/auth/callback?code=12c4adc9e950634c36182ee8ca83e56e71bc176a131fd16d7a1c747cbca20d62
   📥 User-Agent: Mozilla/5.0 (Windows NT 10.0; Win64; x64) AppleWebKit/537.36 (KHTML, like Gecko) Chrome/148.0.0.0 Safari/537.36
   📥 Content-Type: application/json
   📥 Body Keys: [ 'code', 'projectCode' ]
   📥 code: 12c4adc9e950634c36182ee8ca83e56e71bc176a131fd16d7a1c747cbca20d62
   📥 projectCode: MEETBOOKING
   🔄 Calling: POST https://nssv.nsm.go.th/ums/api/auth/exchange-code
   📤 UMS Status: 200
   📤 UMS Response: {
  "status": "success",
  "token": "eyJhbGciOiJIUzI1NiIsInR5cCI6IkpXVCJ9.eyJpZCI6IjY5OGMzMTMxZGNiYzM1ZDM0NmQ3NGY1NyIsInJvbGUiOiJhZG1pbiIsInVzZXJuYW1lIjoidGF5ZmFyMDEyIiwiaWF0IjoxNzgwNTM4ODAzLCJleHAiOjE3ODA2MjUyMDN9.BqmFvdQj8QfSd_3wmbbD-Jy4ejp7LxzL_D0yAs-5Hq0",
  "user": {
    "id": "698c3131dcbc35d346d74f57",
    "username": "tayfar012",
    "email": "tarata.khameam@gmail.com",
    "firstName": "ธราธาร์",
    "lastName": "คำเอี่ยม",
    "role": "admin",
    "phone": "0897034254"
  }
}
   🎯 Role: admin → admin
   ✅ Login success: ธราธาร์ คำเอี่ยม (admin)
━━━━━━━━━━━━━━━━━━━━━━━━━━━━━━━━━━
[2:06:44 AM] 📝 GET /api/rooms
[2:06:45 AM] 📝 GET /api/admin/dashboard/statistics
[2:06:49 AM] 📝 GET /api/admin/bookings
[2:08:41 AM] 📝 GET /api/display/room/69490a065e1a04f70b859ca9
[2:08:41 AM] 📝 GET /api/display/room/69490a065e1a04f70b859ca9
[2:08:41 AM] 📝 GET /api/display/uploads/69490a065e1a04f70b859ca9_1778836721767.png
[2:10:02 AM] 📝 PUT /api/admin/bookings/6a1903b6f9491de834879c60/status
[2:10:03 AM] 📝 GET /api/admin/bookings
[2:10:40 AM] 📝 GET /api/display/room/69490a065e1a04f70b859caa
[2:10:41 AM] 📝 GET /api/display/room/69490a065e1a04f70b859caa
[2:10:41 AM] 📝 GET /api/display/uploads/69490a065e1a04f70b859caa_1778836967898.png
[2:11:35 AM] 📝 PUT /api/admin/bookings/6a190366f9491de834879c40/status
[2:11:37 AM] 📝 GET /api/admin/bookings
[2:12:42 AM] 📝 GET /api/display/room/696f36019adeec8a6063cb8c
[2:12:42 AM] 📝 GET /api/display/room/696f36019adeec8a6063cb8c
[2:12:42 AM] 📝 GET /api/display/uploads/696f36019adeec8a6063cb8c_1778837162683.png
[2:13:44 AM] 📝 PUT /api/admin/bookings/6a194c92f9491de834879da3/status
[2:13:45 AM] 📝 GET /api/admin/bookings
[2:15:51 AM] 📝 GET /api/display/room/69490a065e1a04f70b859cab
[2:15:51 AM] 📝 GET /api/display/room/69490a065e1a04f70b859cab
[2:15:51 AM] 📝 GET /api/display/uploads/69490a065e1a04f70b859cab_1778837066488.png
[2:17:25 AM] 📝 PUT /api/admin/bookings/6a140097f9491de834878014/status
[2:17:27 AM] 📝 GET /api/admin/bookings
[2:17:30 AM] 📝 PUT /api/admin/bookings/6a140097f9491de83487800e/status
[2:17:31 AM] 📝 GET /api/admin/bookings
[3:27:20 AM] 📝 POST /api/auth/login
[3:27:46 AM] 📝 GET /api/display/room/696f36019adeec8a6063cb8c
[3:27:46 AM] 📝 GET /api/display/room/696f36019adeec8a6063cb8c
[3:27:46 AM] 📝 GET /api/display/uploads/696f36019adeec8a6063cb8c_1778837162683.png
[3:28:12 AM] 📝 GET /api/display/room/696f36019adeec8a6063cb8c
[3:28:12 AM] 📝 GET /api/display/room/696f36019adeec8a6063cb8c
[3:34:06 AM] 📝 POST /api/auth/login
[3:34:33 AM] 📝 GET /api/bookings
[3:37:19 AM] 📝 GET /api/rooms
[3:43:18 AM] 📝 POST /api/auth/exchange-code
━━━━━━━━━━━━━━━━━━━━━━━━━━━━━━━━━━
🔐 UMS Exchange Code Request
   📥 Method: POST
   📥 IP: 110.78.180.14
   📥 Origin: https://nssv.nsm.go.th
   📥 Referer: https://nssv.nsm.go.th/napp/auth/callback?code=38cf5630e44dbbeddfcefe024ecd5dccc77de284221d62d5e6e46000ec540656
   📥 User-Agent: Mozilla/5.0 (Windows NT 10.0; Win64; x64) AppleWebKit/537.36 (KHTML, like Gecko) Chrome/148.0.0.0 Safari/537.36
   📥 Content-Type: application/json
   📥 Body Keys: [ 'code', 'projectCode' ]
   📥 code: 38cf5630e44dbbeddfcefe024ecd5dccc77de284221d62d5e6e46000ec540656
   📥 projectCode: MEETBOOKING
   🔄 Calling: POST https://nssv.nsm.go.th/ums/api/auth/exchange-code
   📤 UMS Status: 200
   📤 UMS Response: {
  "status": "success",
  "token": "eyJhbGciOiJIUzI1NiIsInR5cCI6IkpXVCJ9.eyJpZCI6IjZhMjBmMWMxNDA0YWExMWYwZWJmZmYwYSIsInJvbGUiOiJtZW1iZXIiLCJ1c2VybmFtZSI6IlBhdGlwYXQiLCJpYXQiOjE3ODA1NDQ1OTgsImV4cCI6MTc4MDYzMDk5OH0.5z0pF0_OiaoFeFCp4tiIOodN5qX2k57BqjVyv-OTcyI",
  "user": {
    "id": "6a20f1c1404aa11f0ebfff0a",
    "username": "Patipat",
    "email": "sprite6432@gmail.com",
    "firstName": "Patipat",
    "lastName": "Bunthawon",
    "role": "member",
    "phone": "0640093629"
  }
}
   🎯 Role: member → user
   ✅ Login success: Patipat Bunthawon (user)
━━━━━━━━━━━━━━━━━━━━━━━━━━━━━━━━━━
[3:43:19 AM] 📝 GET /api/rooms
[3:43:31 AM] 📝 GET /api/rooms/69490a065e1a04f70b859ca9
[3:43:31 AM] 📝 GET /api/bookings
[3:43:46 AM] 📝 GET /api/bookings/my-bookings
[3:43:51 AM] 📝 GET /api/rooms
[3:43:54 AM] 📝 GET /api/rooms/69490a065e1a04f70b859ca9
[3:43:55 AM] 📝 GET /api/bookings
[3:44:40 AM] 📝 GET /api/bookings
[3:45:07 AM] 📝 GET /api/rooms
[3:45:10 AM] 📝 GET /api/rooms/69490a065e1a04f70b859caa
[3:45:10 AM] 📝 GET /api/bookings
[3:45:17 AM] 📝 GET /api/rooms
[3:45:37 AM] 📝 GET /api/rooms/69490a065e1a04f70b859ca9
[3:45:37 AM] 📝 GET /api/bookings
[3:46:26 AM] 📝 POST /api/auth/exchange-code
━━━━━━━━━━━━━━━━━━━━━━━━━━━━━━━━━━
🔐 UMS Exchange Code Request
   📥 Method: POST
   📥 IP: 110.78.180.14
   📥 Origin: https://nssv.nsm.go.th
   📥 Referer: https://nssv.nsm.go.th/napp/auth/callback?code=6c8b58f458251c00ecf920db553d09c5badf3d8f3ccf480010a900d4d5dab3a9
   📥 User-Agent: Mozilla/5.0 (Windows NT 10.0; Win64; x64) AppleWebKit/537.36 (KHTML, like Gecko) Chrome/148.0.0.0 Safari/537.36 Edg/148.0.0.0
   📥 Content-Type: application/json
   📥 Body Keys: [ 'code', 'projectCode' ]
   📥 code: 6c8b58f458251c00ecf920db553d09c5badf3d8f3ccf480010a900d4d5dab3a9
   📥 projectCode: MEETBOOKING
   🔄 Calling: POST https://nssv.nsm.go.th/ums/api/auth/exchange-code
   📤 UMS Status: 200
   📤 UMS Response: {
  "status": "success",
  "token": "eyJhbGciOiJIUzI1NiIsInR5cCI6IkpXVCJ9.eyJpZCI6IjZhMjBmMWQ2NDA0YWExMWYwZWJmZmYwZiIsInJvbGUiOiJtZW1iZXIiLCJ1c2VybmFtZSI6InBva3BhayIsImlhdCI6MTc4MDU0NDc4NiwiZXhwIjoxNzgwNjMxMTg2fQ.r_rl-ywt8ERGiY_lUpjy7VLlcz5JgOaRjvk-pXM2y0Q",
  "user": {
    "id": "6a20f1d6404aa11f0ebfff0f",
    "username": "pokpak",
    "email": "propokpak@gmail.com",
    "firstName": "ปัณณพร",
    "lastName": "พวงสมบัติ",
    "role": "member",
    "phone": "0945263444"
  }
}
   🎯 Role: member → user
   ✅ Login success: ปัณณพร พวงสมบัติ (user)
━━━━━━━━━━━━━━━━━━━━━━━━━━━━━━━━━━
[3:46:27 AM] 📝 GET /api/rooms
[3:46:37 AM] 📝 GET /api/rooms/69490a065e1a04f70b859ca9
[3:46:37 AM] 📝 GET /api/bookings
[3:46:44 AM] 📝 GET /api/bookings
[3:46:45 AM] 📝 GET /api/bookings
[3:46:47 AM] 📝 GET /api/bookings/my-bookings
[3:46:50 AM] 📝 GET /api/departments
[3:46:50 AM] 📝 GET /api/rooms
[3:47:09 AM] 📝 GET /api/bookings
[3:48:26 AM] 📝 POST /api/bookings
[3:48:28 AM] 📝 GET /api/bookings/my-bookings
[3:48:48 AM] 📝 GET /api/rooms/69490a065e1a04f70b859ca9
[3:48:48 AM] 📝 GET /api/bookings
[3:49:01 AM] 📝 GET /api/bookings/my-bookings
[3:49:11 AM] 📝 GET /api/rooms/69490a065e1a04f70b859ca9
[3:49:12 AM] 📝 GET /api/bookings
[3:49:31 AM] 📝 GET /api/bookings/my-bookings
[3:49:32 AM] 📝 GET /api/rooms
[3:49:32 AM] 📝 GET /api/departments
[3:49:41 AM] 📝 GET /api/rooms
[3:49:44 AM] 📝 GET /api/rooms/69490a065e1a04f70b859caa
[3:49:44 AM] 📝 GET /api/bookings
[3:49:45 AM] 📝 GET /api/display/room/696f36019adeec8a6063cb8c
[3:49:46 AM] 📝 GET /api/display/room/696f36019adeec8a6063cb8c
[3:49:57 AM] 📝 GET /api/bookings
[3:50:00 AM] 📝 GET /api/rooms
[3:50:02 AM] 📝 GET /api/bookings
[3:51:21 AM] 📝 GET /api/display/room/696f36019adeec8a6063cb8c
[3:51:22 AM] 📝 GET /api/display/uploads/696f36019adeec8a6063cb8c_1778837162683.png
[3:51:59 AM] 📝 GET /api/bookings/my-bookings
[3:52:02 AM] 📝 GET /api/rooms
[3:52:07 AM] 📝 GET /api/rooms/69490a065e1a04f70b859ca9
[3:52:07 AM] 📝 GET /api/bookings
[3:52:21 AM] 📝 GET /api/display/room/696f36019adeec8a6063cb8c
[3:53:09 AM] 📝 GET /api/rooms/69490a065e1a04f70b859ca9
[3:53:09 AM] 📝 GET /api/bookings
[3:53:11 AM] 📝 GET /api/bookings
[3:53:14 AM] 📝 GET /api/bookings
[3:53:22 AM] 📝 GET /api/display/room/696f36019adeec8a6063cb8c
[3:54:22 AM] 📝 GET /api/display/room/696f36019adeec8a6063cb8c
[3:55:22 AM] 📝 GET /api/display/room/696f36019adeec8a6063cb8c
[3:56:22 AM] 📝 GET /api/display/room/696f36019adeec8a6063cb8c
[3:57:04 AM] 📝 GET /api/display/room/696f36019adeec8a6063cb8c
[3:57:04 AM] 📝 GET /api/display/uploads/696f36019adeec8a6063cb8c_1778837162683.png
[3:57:21 AM] 📝 GET /api/display/room/696f36019adeec8a6063cb8c
[3:58:04 AM] 📝 GET /api/display/room/696f36019adeec8a6063cb8c
[3:58:21 AM] 📝 GET /api/display/room/696f36019adeec8a6063cb8c
[3:59:04 AM] 📝 GET /api/display/room/696f36019adeec8a6063cb8c
[3:59:21 AM] 📝 GET /api/display/room/696f36019adeec8a6063cb8c
[4:00:04 AM] 📝 GET /api/display/room/696f36019adeec8a6063cb8c
[4:00:21 AM] 📝 GET /api/display/room/696f36019adeec8a6063cb8c
[4:00:39 AM] 📝 GET /api/display/room/696f36019adeec8a6063cb8c
[4:00:40 AM] 📝 GET /api/display/uploads/696f36019adeec8a6063cb8c_1778837162683.png
[4:00:41 AM] 📝 GET /api/display/room/696f36019adeec8a6063cb8c
[4:00:41 AM] 📝 GET /api/display/room/696f36019adeec8a6063cb8c
[4:00:41 AM] 📝 GET /api/display/uploads/696f36019adeec8a6063cb8c_1778837162683.png
[4:00:42 AM] 📝 GET /api/display/uploads/696f36019adeec8a6063cb8c_1778837162683.png
[4:01:04 AM] 📝 GET /api/display/room/696f36019adeec8a6063cb8c
[4:01:21 AM] 📝 GET /api/display/room/696f36019adeec8a6063cb8c
[4:01:39 AM] 📝 GET /api/display/room/696f36019adeec8a6063cb8c
[4:01:41 AM] 📝 GET /api/display/room/696f36019adeec8a6063cb8c
[4:01:41 AM] 📝 GET /api/display/room/696f36019adeec8a6063cb8c
[4:02:04 AM] 📝 GET /api/display/room/696f36019adeec8a6063cb8c
[4:02:22 AM] 📝 GET /api/display/room/696f36019adeec8a6063cb8c
[4:02:39 AM] 📝 GET /api/display/room/696f36019adeec8a6063cb8c
[4:02:41 AM] 📝 GET /api/display/room/696f36019adeec8a6063cb8c
[4:02:41 AM] 📝 GET /api/display/room/696f36019adeec8a6063cb8c
[4:03:04 AM] 📝 GET /api/display/room/696f36019adeec8a6063cb8c
[4:03:21 AM] 📝 GET /api/display/room/696f36019adeec8a6063cb8c
[4:03:39 AM] 📝 GET /api/display/room/696f36019adeec8a6063cb8c
[4:03:41 AM] 📝 GET /api/display/room/696f36019adeec8a6063cb8c
[4:03:41 AM] 📝 GET /api/display/room/696f36019adeec8a6063cb8c
[4:04:04 AM] 📝 GET /api/display/room/696f36019adeec8a6063cb8c
[4:04:22 AM] 📝 GET /api/display/room/696f36019adeec8a6063cb8c
[4:04:39 AM] 📝 GET /api/display/room/696f36019adeec8a6063cb8c
[4:04:41 AM] 📝 GET /api/display/room/696f36019adeec8a6063cb8c
[4:04:41 AM] 📝 GET /api/display/room/696f36019adeec8a6063cb8c
[4:05:04 AM] 📝 GET /api/display/room/696f36019adeec8a6063cb8c
[4:05:21 AM] 📝 GET /api/display/room/696f36019adeec8a6063cb8c
[4:05:39 AM] 📝 GET /api/display/room/696f36019adeec8a6063cb8c
[4:05:41 AM] 📝 GET /api/display/room/696f36019adeec8a6063cb8c
[4:05:41 AM] 📝 GET /api/display/room/696f36019adeec8a6063cb8c
[4:06:04 AM] 📝 GET /api/display/room/696f36019adeec8a6063cb8c
[4:06:39 AM] 📝 GET /api/display/room/696f36019adeec8a6063cb8c
[4:06:41 AM] 📝 GET /api/display/room/696f36019adeec8a6063cb8c
[4:06:41 AM] 📝 GET /api/display/room/696f36019adeec8a6063cb8c
[4:07:04 AM] 📝 GET /api/display/room/696f36019adeec8a6063cb8c
[4:07:39 AM] 📝 GET /api/display/room/696f36019adeec8a6063cb8c
[4:07:41 AM] 📝 GET /api/display/room/696f36019adeec8a6063cb8c
[4:07:41 AM] 📝 GET /api/display/room/696f36019adeec8a6063cb8c
[4:08:04 AM] 📝 GET /api/display/room/696f36019adeec8a6063cb8c
[4:08:39 AM] 📝 GET /api/display/room/696f36019adeec8a6063cb8c
[4:08:41 AM] 📝 GET /api/display/room/696f36019adeec8a6063cb8c
[4:08:41 AM] 📝 GET /api/display/room/696f36019adeec8a6063cb8c
[4:09:04 AM] 📝 GET /api/display/room/696f36019adeec8a6063cb8c
[4:09:39 AM] 📝 GET /api/display/room/696f36019adeec8a6063cb8c
[4:09:41 AM] 📝 GET /api/display/room/696f36019adeec8a6063cb8c
[4:09:41 AM] 📝 GET /api/display/room/696f36019adeec8a6063cb8c
[4:10:04 AM] 📝 GET /api/display/room/696f36019adeec8a6063cb8c
[4:10:40 AM] 📝 GET /api/display/room/696f36019adeec8a6063cb8c
[4:10:41 AM] 📝 GET /api/display/room/696f36019adeec8a6063cb8c
[4:10:41 AM] 📝 GET /api/display/room/696f36019adeec8a6063cb8c
[4:11:04 AM] 📝 GET /api/display/room/696f36019adeec8a6063cb8c
[4:11:39 AM] 📝 GET /api/display/room/696f36019adeec8a6063cb8c
[4:11:41 AM] 📝 GET /api/display/room/696f36019adeec8a6063cb8c
[4:11:41 AM] 📝 GET /api/display/room/696f36019adeec8a6063cb8c
[4:12:04 AM] 📝 GET /api/display/room/696f36019adeec8a6063cb8c
[4:12:39 AM] 📝 GET /api/display/room/696f36019adeec8a6063cb8c
[4:12:41 AM] 📝 GET /api/display/room/696f36019adeec8a6063cb8c
[4:12:41 AM] 📝 GET /api/display/room/696f36019adeec8a6063cb8c
[4:13:04 AM] 📝 GET /api/display/room/696f36019adeec8a6063cb8c
[4:13:39 AM] 📝 GET /api/display/room/696f36019adeec8a6063cb8c
[4:13:41 AM] 📝 GET /api/display/room/696f36019adeec8a6063cb8c
[4:13:41 AM] 📝 GET /api/display/room/696f36019adeec8a6063cb8c
[4:14:04 AM] 📝 GET /api/display/room/696f36019adeec8a6063cb8c
[4:14:39 AM] 📝 GET /api/display/room/696f36019adeec8a6063cb8c
[4:14:41 AM] 📝 GET /api/display/room/696f36019adeec8a6063cb8c
[4:14:41 AM] 📝 GET /api/display/room/696f36019adeec8a6063cb8c
[4:15:04 AM] 📝 GET /api/display/room/696f36019adeec8a6063cb8c
[4:15:39 AM] 📝 GET /api/display/room/696f36019adeec8a6063cb8c
[4:15:41 AM] 📝 GET /api/display/room/696f36019adeec8a6063cb8c
[4:15:41 AM] 📝 GET /api/display/room/696f36019adeec8a6063cb8c
[4:16:04 AM] 📝 GET /api/display/room/696f36019adeec8a6063cb8c
[4:16:19 AM] 📝 GET /api/display/room/696f36019adeec8a6063cb8c
[4:16:39 AM] 📝 GET /api/display/room/696f36019adeec8a6063cb8c
[4:16:41 AM] 📝 GET /api/display/room/696f36019adeec8a6063cb8c
[4:16:41 AM] 📝 GET /api/display/room/696f36019adeec8a6063cb8c
[4:17:04 AM] 📝 GET /api/display/room/696f36019adeec8a6063cb8c
[4:17:19 AM] 📝 GET /api/display/room/696f36019adeec8a6063cb8c
[4:17:39 AM] 📝 GET /api/display/room/696f36019adeec8a6063cb8c
[4:17:41 AM] 📝 GET /api/display/room/696f36019adeec8a6063cb8c
[4:17:41 AM] 📝 GET /api/display/room/696f36019adeec8a6063cb8c
[4:18:04 AM] 📝 GET /api/display/room/696f36019adeec8a6063cb8c
[4:18:19 AM] 📝 GET /api/display/room/696f36019adeec8a6063cb8c
[4:18:39 AM] 📝 GET /api/display/room/696f36019adeec8a6063cb8c
[4:18:41 AM] 📝 GET /api/display/room/696f36019adeec8a6063cb8c
[4:18:41 AM] 📝 GET /api/display/room/696f36019adeec8a6063cb8c
[4:19:04 AM] 📝 GET /api/display/room/696f36019adeec8a6063cb8c
[4:19:19 AM] 📝 GET /api/display/room/696f36019adeec8a6063cb8c
[4:19:39 AM] 📝 GET /api/display/room/696f36019adeec8a6063cb8c
[4:19:41 AM] 📝 GET /api/display/room/696f36019adeec8a6063cb8c
[4:19:41 AM] 📝 GET /api/display/room/696f36019adeec8a6063cb8c
[4:20:04 AM] 📝 GET /api/display/room/696f36019adeec8a6063cb8c
[4:20:19 AM] 📝 GET /api/display/room/696f36019adeec8a6063cb8c
[4:20:39 AM] 📝 GET /api/display/room/696f36019adeec8a6063cb8c
[4:20:41 AM] 📝 GET /api/display/room/696f36019adeec8a6063cb8c
[4:20:41 AM] 📝 GET /api/display/room/696f36019adeec8a6063cb8c
[4:21:04 AM] 📝 GET /api/display/room/696f36019adeec8a6063cb8c
[4:21:20 AM] 📝 GET /api/display/room/696f36019adeec8a6063cb8c
[4:21:39 AM] 📝 GET /api/display/room/696f36019adeec8a6063cb8c
[4:21:41 AM] 📝 GET /api/display/room/696f36019adeec8a6063cb8c
[4:21:41 AM] 📝 GET /api/display/room/696f36019adeec8a6063cb8c
[4:22:04 AM] 📝 GET /api/display/room/696f36019adeec8a6063cb8c
[4:22:19 AM] 📝 GET /api/display/room/696f36019adeec8a6063cb8c
[4:22:39 AM] 📝 GET /api/display/room/696f36019adeec8a6063cb8c
[4:22:41 AM] 📝 GET /api/display/room/696f36019adeec8a6063cb8c
[4:22:41 AM] 📝 GET /api/display/room/696f36019adeec8a6063cb8c
[4:23:04 AM] 📝 GET /api/display/room/696f36019adeec8a6063cb8c
[4:23:19 AM] 📝 GET /api/display/room/696f36019adeec8a6063cb8c
[4:23:39 AM] 📝 GET /api/display/room/696f36019adeec8a6063cb8c
[4:23:41 AM] 📝 GET /api/display/room/696f36019adeec8a6063cb8c
[4:23:41 AM] 📝 GET /api/display/room/696f36019adeec8a6063cb8c
[4:24:04 AM] 📝 GET /api/display/room/696f36019adeec8a6063cb8c
[4:24:19 AM] 📝 GET /api/display/room/696f36019adeec8a6063cb8c
[4:24:39 AM] 📝 GET /api/display/room/696f36019adeec8a6063cb8c
[4:24:41 AM] 📝 GET /api/display/room/696f36019adeec8a6063cb8c
[4:24:41 AM] 📝 GET /api/display/room/696f36019adeec8a6063cb8c
[4:25:04 AM] 📝 GET /api/display/room/696f36019adeec8a6063cb8c
[4:25:19 AM] 📝 GET /api/display/room/696f36019adeec8a6063cb8c
[4:25:39 AM] 📝 GET /api/display/room/696f36019adeec8a6063cb8c
[4:25:41 AM] 📝 GET /api/display/room/696f36019adeec8a6063cb8c
[4:25:41 AM] 📝 GET /api/display/room/696f36019adeec8a6063cb8c
[4:26:04 AM] 📝 GET /api/display/room/696f36019adeec8a6063cb8c
[4:26:19 AM] 📝 GET /api/display/room/696f36019adeec8a6063cb8c
[4:26:39 AM] 📝 GET /api/display/room/696f36019adeec8a6063cb8c
[4:26:41 AM] 📝 GET /api/display/room/696f36019adeec8a6063cb8c
[4:26:41 AM] 📝 GET /api/display/room/696f36019adeec8a6063cb8c
[4:27:19 AM] 📝 GET /api/display/room/696f36019adeec8a6063cb8c
[4:27:39 AM] 📝 GET /api/display/room/696f36019adeec8a6063cb8c
[4:27:41 AM] 📝 GET /api/display/room/696f36019adeec8a6063cb8c
[4:27:41 AM] 📝 GET /api/display/room/696f36019adeec8a6063cb8c
[4:28:19 AM] 📝 GET /api/display/room/696f36019adeec8a6063cb8c
[4:28:39 AM] 📝 GET /api/display/room/696f36019adeec8a6063cb8c
[4:28:41 AM] 📝 GET /api/display/room/696f36019adeec8a6063cb8c
[4:28:41 AM] 📝 GET /api/display/room/696f36019adeec8a6063cb8c
[4:29:19 AM] 📝 GET /api/display/room/696f36019adeec8a6063cb8c
[4:29:39 AM] 📝 GET /api/display/room/696f36019adeec8a6063cb8c
[4:29:41 AM] 📝 GET /api/display/room/696f36019adeec8a6063cb8c
[4:29:41 AM] 📝 GET /api/display/room/696f36019adeec8a6063cb8c
[4:30:19 AM] 📝 GET /api/display/room/696f36019adeec8a6063cb8c
[4:37:00 AM] 📝 GET /api/display/room/696f36019adeec8a6063cb8c
[4:38:00 AM] 📝 GET /api/display/room/696f36019adeec8a6063cb8c
[4:39:00 AM] 📝 GET /api/display/room/696f36019adeec8a6063cb8c
[4:40:00 AM] 📝 GET /api/display/room/696f36019adeec8a6063cb8c
[4:40:35 AM] 📝 GET /api/display/room/696f36019adeec8a6063cb8c
[4:40:35 AM] 📝 GET /api/display/room/696f36019adeec8a6063cb8c
[4:40:36 AM] 📝 GET /api/display/room/696f36019adeec8a6063cb8c
[4:41:00 AM] 📝 GET /api/display/room/696f36019adeec8a6063cb8c
[4:41:16 AM] 📝 GET /api/display/room/696f36019adeec8a6063cb8c
[4:41:34 AM] 📝 GET /api/display/room/696f36019adeec8a6063cb8c
[4:41:35 AM] 📝 GET /api/display/room/696f36019adeec8a6063cb8c
[4:41:36 AM] 📝 GET /api/display/room/696f36019adeec8a6063cb8c
[4:42:00 AM] 📝 GET /api/display/room/696f36019adeec8a6063cb8c
[4:42:17 AM] 📝 GET /api/display/room/696f36019adeec8a6063cb8c
[4:42:34 AM] 📝 GET /api/display/room/696f36019adeec8a6063cb8c
[4:42:35 AM] 📝 GET /api/display/room/696f36019adeec8a6063cb8c
[4:42:36 AM] 📝 GET /api/display/room/696f36019adeec8a6063cb8c
[4:43:00 AM] 📝 GET /api/display/room/696f36019adeec8a6063cb8c
[4:43:17 AM] 📝 GET /api/display/room/696f36019adeec8a6063cb8c
[4:43:34 AM] 📝 GET /api/display/room/696f36019adeec8a6063cb8c
[4:43:35 AM] 📝 GET /api/display/room/696f36019adeec8a6063cb8c
[4:43:36 AM] 📝 GET /api/display/room/696f36019adeec8a6063cb8c
[4:44:00 AM] 📝 GET /api/display/room/696f36019adeec8a6063cb8c
[4:44:16 AM] 📝 GET /api/display/room/696f36019adeec8a6063cb8c
[4:44:34 AM] 📝 GET /api/display/room/696f36019adeec8a6063cb8c
[4:44:35 AM] 📝 GET /api/display/room/696f36019adeec8a6063cb8c
[4:44:36 AM] 📝 GET /api/display/room/696f36019adeec8a6063cb8c
[4:45:00 AM] 📝 GET /api/display/room/696f36019adeec8a6063cb8c
[4:45:17 AM] 📝 GET /api/display/room/696f36019adeec8a6063cb8c
[4:45:34 AM] 📝 GET /api/display/room/696f36019adeec8a6063cb8c
[4:45:35 AM] 📝 GET /api/display/room/696f36019adeec8a6063cb8c
[4:45:36 AM] 📝 GET /api/display/room/696f36019adeec8a6063cb8c
[4:46:00 AM] 📝 GET /api/display/room/696f36019adeec8a6063cb8c
[4:46:17 AM] 📝 GET /api/display/room/696f36019adeec8a6063cb8c
[4:46:34 AM] 📝 GET /api/display/room/696f36019adeec8a6063cb8c
[4:46:35 AM] 📝 GET /api/display/room/696f36019adeec8a6063cb8c
[4:46:36 AM] 📝 GET /api/display/room/696f36019adeec8a6063cb8c
[4:47:00 AM] 📝 GET /api/display/room/696f36019adeec8a6063cb8c
[4:47:16 AM] 📝 GET /api/display/room/696f36019adeec8a6063cb8c
[4:47:34 AM] 📝 GET /api/display/room/696f36019adeec8a6063cb8c
[4:47:35 AM] 📝 GET /api/display/room/696f36019adeec8a6063cb8c
[4:47:36 AM] 📝 GET /api/display/room/696f36019adeec8a6063cb8c
[4:48:00 AM] 📝 GET /api/display/room/696f36019adeec8a6063cb8c
[4:48:16 AM] 📝 GET /api/display/room/696f36019adeec8a6063cb8c
[4:48:34 AM] 📝 GET /api/display/room/696f36019adeec8a6063cb8c
[4:48:35 AM] 📝 GET /api/display/room/696f36019adeec8a6063cb8c
[4:48:36 AM] 📝 GET /api/display/room/696f36019adeec8a6063cb8c
[4:49:00 AM] 📝 GET /api/display/room/696f36019adeec8a6063cb8c
[4:49:16 AM] 📝 GET /api/display/room/696f36019adeec8a6063cb8c
[4:49:34 AM] 📝 GET /api/display/room/696f36019adeec8a6063cb8c
[4:49:35 AM] 📝 GET /api/display/room/696f36019adeec8a6063cb8c
[4:49:36 AM] 📝 GET /api/display/room/696f36019adeec8a6063cb8c
[4:50:00 AM] 📝 GET /api/display/room/696f36019adeec8a6063cb8c
[4:50:17 AM] 📝 GET /api/display/room/696f36019adeec8a6063cb8c
[4:50:34 AM] 📝 GET /api/display/room/696f36019adeec8a6063cb8c
[4:50:35 AM] 📝 GET /api/display/room/696f36019adeec8a6063cb8c
[4:50:36 AM] 📝 GET /api/display/room/696f36019adeec8a6063cb8c
[4:51:00 AM] 📝 GET /api/display/room/696f36019adeec8a6063cb8c
[4:51:17 AM] 📝 GET /api/display/room/696f36019adeec8a6063cb8c
[4:51:34 AM] 📝 GET /api/display/room/696f36019adeec8a6063cb8c
[4:51:35 AM] 📝 GET /api/display/room/696f36019adeec8a6063cb8c
[4:51:36 AM] 📝 GET /api/display/room/696f36019adeec8a6063cb8c
[4:52:17 AM] 📝 GET /api/display/room/696f36019adeec8a6063cb8c
[4:52:34 AM] 📝 GET /api/display/room/696f36019adeec8a6063cb8c
[4:52:35 AM] 📝 GET /api/display/room/696f36019adeec8a6063cb8c
[4:52:36 AM] 📝 GET /api/display/room/696f36019adeec8a6063cb8c
[4:53:16 AM] 📝 GET /api/display/room/696f36019adeec8a6063cb8c
[4:53:34 AM] 📝 GET /api/display/room/696f36019adeec8a6063cb8c
[4:53:35 AM] 📝 GET /api/display/room/696f36019adeec8a6063cb8c
[4:53:36 AM] 📝 GET /api/display/room/696f36019adeec8a6063cb8c
[4:54:16 AM] 📝 GET /api/display/room/696f36019adeec8a6063cb8c
[4:54:34 AM] 📝 GET /api/display/room/696f36019adeec8a6063cb8c
[4:54:35 AM] 📝 GET /api/display/room/696f36019adeec8a6063cb8c
[4:54:36 AM] 📝 GET /api/display/room/696f36019adeec8a6063cb8c
[4:55:16 AM] 📝 GET /api/display/room/696f36019adeec8a6063cb8c
[5:01:57 AM] 📝 GET /api/display/room/696f36019adeec8a6063cb8c
[5:02:57 AM] 📝 GET /api/display/room/696f36019adeec8a6063cb8c
[5:03:57 AM] 📝 GET /api/display/room/696f36019adeec8a6063cb8c
[5:04:57 AM] 📝 GET /api/display/room/696f36019adeec8a6063cb8c
[5:05:32 AM] 📝 GET /api/display/room/696f36019adeec8a6063cb8c
[5:05:32 AM] 📝 GET /api/display/room/696f36019adeec8a6063cb8c
[5:05:33 AM] 📝 GET /api/display/room/696f36019adeec8a6063cb8c
[5:05:57 AM] 📝 GET /api/display/room/696f36019adeec8a6063cb8c
[5:06:15 AM] 📝 GET /api/display/room/696f36019adeec8a6063cb8c
[5:06:32 AM] 📝 GET /api/display/room/696f36019adeec8a6063cb8c
[5:06:32 AM] 📝 GET /api/display/room/696f36019adeec8a6063cb8c
[5:06:33 AM] 📝 GET /api/display/room/696f36019adeec8a6063cb8c
[5:06:57 AM] 📝 GET /api/display/room/696f36019adeec8a6063cb8c
[5:07:15 AM] 📝 GET /api/display/room/696f36019adeec8a6063cb8c
[5:07:32 AM] 📝 GET /api/display/room/696f36019adeec8a6063cb8c
[5:07:32 AM] 📝 GET /api/display/room/696f36019adeec8a6063cb8c
[5:07:33 AM] 📝 GET /api/display/room/696f36019adeec8a6063cb8c
[5:07:57 AM] 📝 GET /api/display/room/696f36019adeec8a6063cb8c
[5:08:15 AM] 📝 GET /api/display/room/696f36019adeec8a6063cb8c
[5:08:32 AM] 📝 GET /api/display/room/696f36019adeec8a6063cb8c
[5:08:32 AM] 📝 GET /api/display/room/696f36019adeec8a6063cb8c
[5:08:33 AM] 📝 GET /api/display/room/696f36019adeec8a6063cb8c
[5:08:57 AM] 📝 GET /api/display/room/696f36019adeec8a6063cb8c
[5:09:15 AM] 📝 GET /api/display/room/696f36019adeec8a6063cb8c
[5:09:32 AM] 📝 GET /api/display/room/696f36019adeec8a6063cb8c
[5:09:32 AM] 📝 GET /api/display/room/696f36019adeec8a6063cb8c
[5:09:33 AM] 📝 GET /api/display/room/696f36019adeec8a6063cb8c
[5:09:57 AM] 📝 GET /api/display/room/696f36019adeec8a6063cb8c
[5:10:15 AM] 📝 GET /api/display/room/696f36019adeec8a6063cb8c
[5:10:32 AM] 📝 GET /api/display/room/696f36019adeec8a6063cb8c
[5:10:32 AM] 📝 GET /api/display/room/696f36019adeec8a6063cb8c
[5:10:33 AM] 📝 GET /api/display/room/696f36019adeec8a6063cb8c
[5:10:57 AM] 📝 GET /api/display/room/696f36019adeec8a6063cb8c
[5:11:15 AM] 📝 GET /api/display/room/696f36019adeec8a6063cb8c
[5:11:33 AM] 📝 GET /api/display/room/696f36019adeec8a6063cb8c
[5:11:33 AM] 📝 GET /api/display/room/696f36019adeec8a6063cb8c
[5:11:35 AM] 📝 GET /api/display/room/696f36019adeec8a6063cb8c
[5:11:57 AM] 📝 GET /api/display/room/696f36019adeec8a6063cb8c
[5:12:15 AM] 📝 GET /api/display/room/696f36019adeec8a6063cb8c
[5:12:32 AM] 📝 GET /api/display/room/696f36019adeec8a6063cb8c
[5:12:33 AM] 📝 GET /api/display/room/696f36019adeec8a6063cb8c
[5:12:33 AM] 📝 GET /api/display/room/696f36019adeec8a6063cb8c
[5:12:57 AM] 📝 GET /api/display/room/696f36019adeec8a6063cb8c
[5:13:15 AM] 📝 GET /api/display/room/696f36019adeec8a6063cb8c
[5:13:32 AM] 📝 GET /api/display/room/696f36019adeec8a6063cb8c
[5:13:32 AM] 📝 GET /api/display/room/696f36019adeec8a6063cb8c
[5:13:33 AM] 📝 GET /api/display/room/696f36019adeec8a6063cb8c
[5:13:57 AM] 📝 GET /api/display/room/696f36019adeec8a6063cb8c
[5:14:15 AM] 📝 GET /api/display/room/696f36019adeec8a6063cb8c
[5:14:32 AM] 📝 GET /api/display/room/696f36019adeec8a6063cb8c
[5:14:32 AM] 📝 GET /api/display/room/696f36019adeec8a6063cb8c
[5:14:33 AM] 📝 GET /api/display/room/696f36019adeec8a6063cb8c
[5:14:57 AM] 📝 GET /api/display/room/696f36019adeec8a6063cb8c
[5:15:15 AM] 📝 GET /api/display/room/696f36019adeec8a6063cb8c
[5:15:32 AM] 📝 GET /api/display/room/696f36019adeec8a6063cb8c
[5:15:32 AM] 📝 GET /api/display/room/696f36019adeec8a6063cb8c
[5:15:33 AM] 📝 GET /api/display/room/696f36019adeec8a6063cb8c
[5:15:57 AM] 📝 GET /api/display/room/696f36019adeec8a6063cb8c
[5:16:15 AM] 📝 GET /api/display/room/696f36019adeec8a6063cb8c
[5:16:32 AM] 📝 GET /api/display/room/696f36019adeec8a6063cb8c
[5:16:32 AM] 📝 GET /api/display/room/696f36019adeec8a6063cb8c
[5:16:33 AM] 📝 GET /api/display/room/696f36019adeec8a6063cb8c
[5:17:22 AM] 📝 GET /api/display/room/696f36019adeec8a6063cb8c
[5:17:32 AM] 📝 GET /api/display/room/696f36019adeec8a6063cb8c
[5:17:32 AM] 📝 GET /api/display/room/696f36019adeec8a6063cb8c
[5:17:33 AM] 📝 GET /api/display/room/696f36019adeec8a6063cb8c
[5:18:15 AM] 📝 GET /api/display/room/696f36019adeec8a6063cb8c
[5:18:32 AM] 📝 GET /api/display/room/696f36019adeec8a6063cb8c
[5:18:32 AM] 📝 GET /api/display/room/696f36019adeec8a6063cb8c
[5:18:33 AM] 📝 GET /api/display/room/696f36019adeec8a6063cb8c
[5:19:15 AM] 📝 GET /api/display/room/696f36019adeec8a6063cb8c
[5:19:32 AM] 📝 GET /api/display/room/696f36019adeec8a6063cb8c
[5:19:32 AM] 📝 GET /api/display/room/696f36019adeec8a6063cb8c
[5:19:33 AM] 📝 GET /api/display/room/696f36019adeec8a6063cb8c
[5:20:15 AM] 📝 GET /api/display/room/696f36019adeec8a6063cb8c
[5:26:55 AM] 📝 GET /api/display/room/696f36019adeec8a6063cb8c
[5:27:55 AM] 📝 GET /api/display/room/696f36019adeec8a6063cb8c
[5:28:55 AM] 📝 GET /api/display/room/696f36019adeec8a6063cb8c
[5:29:55 AM] 📝 GET /api/display/room/696f36019adeec8a6063cb8c
[5:30:31 AM] 📝 GET /api/display/room/696f36019adeec8a6063cb8c
[5:30:32 AM] 📝 GET /api/display/room/696f36019adeec8a6063cb8c
[5:30:32 AM] 📝 GET /api/display/room/696f36019adeec8a6063cb8c
[5:30:55 AM] 📝 GET /api/display/room/696f36019adeec8a6063cb8c
[5:31:13 AM] 📝 GET /api/display/room/696f36019adeec8a6063cb8c
[5:31:31 AM] 📝 GET /api/display/room/696f36019adeec8a6063cb8c
[5:31:32 AM] 📝 GET /api/display/room/696f36019adeec8a6063cb8c
[5:31:32 AM] 📝 GET /api/display/room/696f36019adeec8a6063cb8c
[5:31:55 AM] 📝 GET /api/display/room/696f36019adeec8a6063cb8c
[5:32:13 AM] 📝 GET /api/display/room/696f36019adeec8a6063cb8c
[5:32:31 AM] 📝 GET /api/display/room/696f36019adeec8a6063cb8c
[5:32:32 AM] 📝 GET /api/display/room/696f36019adeec8a6063cb8c
[5:32:32 AM] 📝 GET /api/display/room/696f36019adeec8a6063cb8c
[5:32:55 AM] 📝 GET /api/display/room/696f36019adeec8a6063cb8c
[5:33:13 AM] 📝 GET /api/display/room/696f36019adeec8a6063cb8c
[5:33:31 AM] 📝 GET /api/display/room/696f36019adeec8a6063cb8c
[5:33:32 AM] 📝 GET /api/display/room/696f36019adeec8a6063cb8c
[5:33:32 AM] 📝 GET /api/display/room/696f36019adeec8a6063cb8c
[5:33:55 AM] 📝 GET /api/display/room/696f36019adeec8a6063cb8c
[5:34:13 AM] 📝 GET /api/display/room/696f36019adeec8a6063cb8c
[5:34:31 AM] 📝 GET /api/display/room/696f36019adeec8a6063cb8c
[5:34:32 AM] 📝 GET /api/display/room/696f36019adeec8a6063cb8c
[5:34:32 AM] 📝 GET /api/display/room/696f36019adeec8a6063cb8c
[5:34:55 AM] 📝 GET /api/display/room/696f36019adeec8a6063cb8c
[5:35:13 AM] 📝 GET /api/display/room/696f36019adeec8a6063cb8c
[5:35:31 AM] 📝 GET /api/display/room/696f36019adeec8a6063cb8c
[5:35:32 AM] 📝 GET /api/display/room/696f36019adeec8a6063cb8c
[5:35:32 AM] 📝 GET /api/display/room/696f36019adeec8a6063cb8c
[5:35:55 AM] 📝 GET /api/display/room/696f36019adeec8a6063cb8c
[5:36:13 AM] 📝 GET /api/display/room/696f36019adeec8a6063cb8c
[5:36:31 AM] 📝 GET /api/display/room/696f36019adeec8a6063cb8c
[5:36:32 AM] 📝 GET /api/display/room/696f36019adeec8a6063cb8c
[5:36:32 AM] 📝 GET /api/display/room/696f36019adeec8a6063cb8c
[5:36:55 AM] 📝 GET /api/display/room/696f36019adeec8a6063cb8c
[5:37:13 AM] 📝 GET /api/display/room/696f36019adeec8a6063cb8c
[5:37:31 AM] 📝 GET /api/display/room/696f36019adeec8a6063cb8c
[5:37:32 AM] 📝 GET /api/display/room/696f36019adeec8a6063cb8c
[5:37:32 AM] 📝 GET /api/display/room/696f36019adeec8a6063cb8c
[5:37:55 AM] 📝 GET /api/display/room/696f36019adeec8a6063cb8c
[5:38:13 AM] 📝 GET /api/display/room/696f36019adeec8a6063cb8c
[5:38:31 AM] 📝 GET /api/display/room/696f36019adeec8a6063cb8c
[5:38:32 AM] 📝 GET /api/display/room/696f36019adeec8a6063cb8c
[5:38:32 AM] 📝 GET /api/display/room/696f36019adeec8a6063cb8c
[5:38:55 AM] 📝 GET /api/display/room/696f36019adeec8a6063cb8c
[5:39:13 AM] 📝 GET /api/display/room/696f36019adeec8a6063cb8c
[5:39:31 AM] 📝 GET /api/display/room/696f36019adeec8a6063cb8c
[5:39:32 AM] 📝 GET /api/display/room/696f36019adeec8a6063cb8c
[5:39:32 AM] 📝 GET /api/display/room/696f36019adeec8a6063cb8c
[5:39:55 AM] 📝 GET /api/display/room/696f36019adeec8a6063cb8c
[5:40:13 AM] 📝 GET /api/display/room/696f36019adeec8a6063cb8c
[5:40:31 AM] 📝 GET /api/display/room/696f36019adeec8a6063cb8c
[5:40:32 AM] 📝 GET /api/display/room/696f36019adeec8a6063cb8c
[5:40:32 AM] 📝 GET /api/display/room/696f36019adeec8a6063cb8c
[5:40:55 AM] 📝 GET /api/display/room/696f36019adeec8a6063cb8c
[5:41:13 AM] 📝 GET /api/display/room/696f36019adeec8a6063cb8c
[5:41:31 AM] 📝 GET /api/display/room/696f36019adeec8a6063cb8c
[5:41:32 AM] 📝 GET /api/display/room/696f36019adeec8a6063cb8c
[5:41:32 AM] 📝 GET /api/display/room/696f36019adeec8a6063cb8c
[5:42:14 AM] 📝 GET /api/display/room/696f36019adeec8a6063cb8c
[5:42:31 AM] 📝 GET /api/display/room/696f36019adeec8a6063cb8c
[5:42:32 AM] 📝 GET /api/display/room/696f36019adeec8a6063cb8c
[5:42:32 AM] 📝 GET /api/display/room/696f36019adeec8a6063cb8c
[5:43:13 AM] 📝 GET /api/display/room/696f36019adeec8a6063cb8c
[5:43:31 AM] 📝 GET /api/display/room/696f36019adeec8a6063cb8c
[5:43:32 AM] 📝 GET /api/display/room/696f36019adeec8a6063cb8c
[5:43:32 AM] 📝 GET /api/display/room/696f36019adeec8a6063cb8c
[5:44:13 AM] 📝 GET /api/display/room/696f36019adeec8a6063cb8c
[5:44:31 AM] 📝 GET /api/display/room/696f36019adeec8a6063cb8c
[5:44:32 AM] 📝 GET /api/display/room/696f36019adeec8a6063cb8c
[5:44:32 AM] 📝 GET /api/display/room/696f36019adeec8a6063cb8c
[5:45:13 AM] 📝 GET /api/display/room/696f36019adeec8a6063cb8c
[5:51:53 AM] 📝 GET /api/display/room/696f36019adeec8a6063cb8c
[5:52:53 AM] 📝 GET /api/display/room/696f36019adeec8a6063cb8c
[5:53:53 AM] 📝 GET /api/display/room/696f36019adeec8a6063cb8c
[5:54:53 AM] 📝 GET /api/display/room/696f36019adeec8a6063cb8c
[5:55:28 AM] 📝 GET /api/display/room/696f36019adeec8a6063cb8c
[5:55:30 AM] 📝 GET /api/display/room/696f36019adeec8a6063cb8c
[5:55:30 AM] 📝 GET /api/display/room/696f36019adeec8a6063cb8c
[5:55:53 AM] 📝 GET /api/display/room/696f36019adeec8a6063cb8c
[5:56:10 AM] 📝 GET /api/display/room/696f36019adeec8a6063cb8c
[5:56:28 AM] 📝 GET /api/display/room/696f36019adeec8a6063cb8c
[5:56:29 AM] 📝 GET /api/display/room/696f36019adeec8a6063cb8c
[5:56:30 AM] 📝 GET /api/display/room/696f36019adeec8a6063cb8c
[5:56:53 AM] 📝 GET /api/display/room/696f36019adeec8a6063cb8c
[5:57:10 AM] 📝 GET /api/display/room/696f36019adeec8a6063cb8c
[5:57:28 AM] 📝 GET /api/display/room/696f36019adeec8a6063cb8c
[5:57:30 AM] 📝 GET /api/display/room/696f36019adeec8a6063cb8c
[5:57:30 AM] 📝 GET /api/display/room/696f36019adeec8a6063cb8c
[5:57:53 AM] 📝 GET /api/display/room/696f36019adeec8a6063cb8c
[5:58:10 AM] 📝 GET /api/display/room/696f36019adeec8a6063cb8c
[5:58:28 AM] 📝 GET /api/display/room/696f36019adeec8a6063cb8c
[5:58:29 AM] 📝 GET /api/display/room/696f36019adeec8a6063cb8c
[5:58:30 AM] 📝 GET /api/display/room/696f36019adeec8a6063cb8c
[5:58:53 AM] 📝 GET /api/display/room/696f36019adeec8a6063cb8c
[5:59:10 AM] 📝 GET /api/display/room/696f36019adeec8a6063cb8c
[5:59:28 AM] 📝 GET /api/display/room/696f36019adeec8a6063cb8c
[5:59:29 AM] 📝 GET /api/display/room/696f36019adeec8a6063cb8c
[5:59:30 AM] 📝 GET /api/display/room/696f36019adeec8a6063cb8c
[5:59:53 AM] 📝 GET /api/display/room/696f36019adeec8a6063cb8c
[6:00:10 AM] 📝 GET /api/display/room/696f36019adeec8a6063cb8c
[6:00:29 AM] 📝 GET /api/display/room/696f36019adeec8a6063cb8c
[6:00:30 AM] 📝 GET /api/display/room/696f36019adeec8a6063cb8c
[6:00:30 AM] 📝 GET /api/display/room/696f36019adeec8a6063cb8c
[6:00:53 AM] 📝 GET /api/display/room/696f36019adeec8a6063cb8c
[6:01:10 AM] 📝 GET /api/display/room/696f36019adeec8a6063cb8c
[6:01:28 AM] 📝 GET /api/display/room/696f36019adeec8a6063cb8c
[6:01:29 AM] 📝 GET /api/display/room/696f36019adeec8a6063cb8c
[6:01:30 AM] 📝 GET /api/display/room/696f36019adeec8a6063cb8c
[6:01:53 AM] 📝 GET /api/display/room/696f36019adeec8a6063cb8c
[6:02:10 AM] 📝 GET /api/display/room/696f36019adeec8a6063cb8c
[6:02:28 AM] 📝 GET /api/display/room/696f36019adeec8a6063cb8c
[6:02:29 AM] 📝 GET /api/display/room/696f36019adeec8a6063cb8c
[6:02:30 AM] 📝 GET /api/display/room/696f36019adeec8a6063cb8c
[6:02:53 AM] 📝 GET /api/display/room/696f36019adeec8a6063cb8c
[6:03:10 AM] 📝 GET /api/display/room/696f36019adeec8a6063cb8c
[6:03:29 AM] 📝 GET /api/display/room/696f36019adeec8a6063cb8c
[6:03:30 AM] 📝 GET /api/display/room/696f36019adeec8a6063cb8c
[6:03:30 AM] 📝 GET /api/display/room/696f36019adeec8a6063cb8c
[6:03:53 AM] 📝 GET /api/display/room/696f36019adeec8a6063cb8c
[6:04:10 AM] 📝 GET /api/display/room/696f36019adeec8a6063cb8c
[6:04:28 AM] 📝 GET /api/display/room/696f36019adeec8a6063cb8c
[6:04:29 AM] 📝 GET /api/display/room/696f36019adeec8a6063cb8c
[6:04:30 AM] 📝 GET /api/display/room/696f36019adeec8a6063cb8c
[6:04:53 AM] 📝 GET /api/display/room/696f36019adeec8a6063cb8c
[6:05:10 AM] 📝 GET /api/display/room/696f36019adeec8a6063cb8c
[6:05:28 AM] 📝 GET /api/display/room/696f36019adeec8a6063cb8c
[6:05:29 AM] 📝 GET /api/display/room/696f36019adeec8a6063cb8c
[6:05:30 AM] 📝 GET /api/display/room/696f36019adeec8a6063cb8c
[6:05:53 AM] 📝 GET /api/display/room/696f36019adeec8a6063cb8c
[6:06:10 AM] 📝 GET /api/display/room/696f36019adeec8a6063cb8c
[6:06:29 AM] 📝 GET /api/display/room/696f36019adeec8a6063cb8c
[6:06:29 AM] 📝 GET /api/display/room/696f36019adeec8a6063cb8c
[6:06:30 AM] 📝 GET /api/display/room/696f36019adeec8a6063cb8c
[6:07:10 AM] 📝 GET /api/display/room/696f36019adeec8a6063cb8c
[6:07:28 AM] 📝 GET /api/display/room/696f36019adeec8a6063cb8c
[6:07:29 AM] 📝 GET /api/display/room/696f36019adeec8a6063cb8c
[6:07:30 AM] 📝 GET /api/display/room/696f36019adeec8a6063cb8c
[6:08:10 AM] 📝 GET /api/display/room/696f36019adeec8a6063cb8c
[6:08:29 AM] 📝 GET /api/display/room/696f36019adeec8a6063cb8c
[6:08:30 AM] 📝 GET /api/display/room/696f36019adeec8a6063cb8c
[6:08:30 AM] 📝 GET /api/display/room/696f36019adeec8a6063cb8c
[6:09:10 AM] 📝 GET /api/display/room/696f36019adeec8a6063cb8c
[6:09:29 AM] 📝 GET /api/display/room/696f36019adeec8a6063cb8c
[6:09:29 AM] 📝 GET /api/display/room/696f36019adeec8a6063cb8c
[6:09:30 AM] 📝 GET /api/display/room/696f36019adeec8a6063cb8c
[6:10:10 AM] 📝 GET /api/display/room/696f36019adeec8a6063cb8c
[6:15:43 AM] 📝 POST /api/auth/exchange-code
━━━━━━━━━━━━━━━━━━━━━━━━━━━━━━━━━━
🔐 UMS Exchange Code Request
   📥 Method: POST
   📥 IP: 110.78.180.14
   📥 Origin: https://nssv.nsm.go.th
   📥 Referer: https://nssv.nsm.go.th/napp/auth/callback?code=4576949b9ea3ef39664d7050970f9e1f34a142d7ca86daf22511ef23d2e69b69
   📥 User-Agent: Mozilla/5.0 (Windows NT 10.0; Win64; x64) AppleWebKit/537.36 (KHTML, like Gecko) Chrome/148.0.0.0 Safari/537.36 Edg/148.0.0.0
   📥 Content-Type: application/json
   📥 Body Keys: [ 'code', 'projectCode' ]
   📥 code: 4576949b9ea3ef39664d7050970f9e1f34a142d7ca86daf22511ef23d2e69b69
   📥 projectCode: MEETBOOKING
   🔄 Calling: POST https://nssv.nsm.go.th/ums/api/auth/exchange-code
   📤 UMS Status: 200
   📤 UMS Response: {
  "status": "success",
  "token": "eyJhbGciOiJIUzI1NiIsInR5cCI6IkpXVCJ9.eyJpZCI6IjZhMjBmMWQ2NDA0YWExMWYwZWJmZmYwZiIsInJvbGUiOiJtZW1iZXIiLCJ1c2VybmFtZSI6InBva3BhayIsImlhdCI6MTc4MDU1Mzc0MywiZXhwIjoxNzgwNjQwMTQzfQ.GTQQyVItDfE-PA-dxy7ekSSiAg6eZLBx72pQVnKQ3g0",
  "user": {
    "id": "6a20f1d6404aa11f0ebfff0f",
    "username": "pokpak",
    "email": "propokpak@gmail.com",
    "firstName": "ปัณณพร",
    "lastName": "พวงสมบัติ",
    "role": "member",
    "phone": "0945263444"
  }
}
   🎯 Role: member → user
   ✅ Login success: ปัณณพร พวงสมบัติ (user)
━━━━━━━━━━━━━━━━━━━━━━━━━━━━━━━━━━
[6:15:44 AM] 📝 GET /api/rooms
[6:15:49 AM] 📝 GET /api/rooms/69490a065e1a04f70b859ca9
[6:15:49 AM] 📝 GET /api/bookings
[6:16:51 AM] 📝 GET /api/display/room/696f36019adeec8a6063cb8c
[6:17:51 AM] 📝 GET /api/display/room/696f36019adeec8a6063cb8c
[6:18:51 AM] 📝 GET /api/display/room/696f36019adeec8a6063cb8c
[6:19:51 AM] 📝 GET /api/display/room/696f36019adeec8a6063cb8c
[6:20:26 AM] 📝 GET /api/display/room/696f36019adeec8a6063cb8c
[6:20:28 AM] 📝 GET /api/display/room/696f36019adeec8a6063cb8c
[6:20:28 AM] 📝 GET /api/display/room/696f36019adeec8a6063cb8c
[6:20:51 AM] 📝 GET /api/display/room/696f36019adeec8a6063cb8c
[6:21:08 AM] 📝 GET /api/display/room/696f36019adeec8a6063cb8c
[6:21:27 AM] 📝 GET /api/display/room/696f36019adeec8a6063cb8c
[6:21:28 AM] 📝 GET /api/display/room/696f36019adeec8a6063cb8c
[6:21:28 AM] 📝 GET /api/display/room/696f36019adeec8a6063cb8c
[6:21:51 AM] 📝 GET /api/display/room/696f36019adeec8a6063cb8c
[6:22:08 AM] 📝 GET /api/display/room/696f36019adeec8a6063cb8c
[6:22:26 AM] 📝 GET /api/display/room/696f36019adeec8a6063cb8c
[6:22:28 AM] 📝 GET /api/display/room/696f36019adeec8a6063cb8c
[6:22:28 AM] 📝 GET /api/display/room/696f36019adeec8a6063cb8c
[6:22:51 AM] 📝 GET /api/display/room/696f36019adeec8a6063cb8c
[6:23:08 AM] 📝 GET /api/display/room/696f36019adeec8a6063cb8c
[6:23:26 AM] 📝 GET /api/display/room/696f36019adeec8a6063cb8c
[6:23:28 AM] 📝 GET /api/display/room/696f36019adeec8a6063cb8c
[6:23:28 AM] 📝 GET /api/display/room/696f36019adeec8a6063cb8c
[6:23:51 AM] 📝 GET /api/display/room/696f36019adeec8a6063cb8c
[6:24:08 AM] 📝 GET /api/display/room/696f36019adeec8a6063cb8c
[6:24:26 AM] 📝 GET /api/display/room/696f36019adeec8a6063cb8c
[6:24:28 AM] 📝 GET /api/display/room/696f36019adeec8a6063cb8c
[6:24:28 AM] 📝 GET /api/display/room/696f36019adeec8a6063cb8c
[6:24:51 AM] 📝 GET /api/display/room/696f36019adeec8a6063cb8c
[6:25:08 AM] 📝 GET /api/display/room/696f36019adeec8a6063cb8c
[6:25:26 AM] 📝 GET /api/display/room/696f36019adeec8a6063cb8c
[6:25:28 AM] 📝 GET /api/display/room/696f36019adeec8a6063cb8c
[6:25:28 AM] 📝 GET /api/display/room/696f36019adeec8a6063cb8c
[6:25:51 AM] 📝 GET /api/display/room/696f36019adeec8a6063cb8c
[6:26:08 AM] 📝 GET /api/display/room/696f36019adeec8a6063cb8c
[6:26:26 AM] 📝 GET /api/display/room/696f36019adeec8a6063cb8c
[6:26:28 AM] 📝 GET /api/display/room/696f36019adeec8a6063cb8c
[6:26:28 AM] 📝 GET /api/display/room/696f36019adeec8a6063cb8c
[6:26:51 AM] 📝 GET /api/display/room/696f36019adeec8a6063cb8c
[6:27:08 AM] 📝 GET /api/display/room/696f36019adeec8a6063cb8c
[6:27:26 AM] 📝 GET /api/display/room/696f36019adeec8a6063cb8c
[6:27:28 AM] 📝 GET /api/display/room/696f36019adeec8a6063cb8c
[6:27:28 AM] 📝 GET /api/display/room/696f36019adeec8a6063cb8c
[6:27:51 AM] 📝 GET /api/display/room/696f36019adeec8a6063cb8c
[6:28:08 AM] 📝 GET /api/display/room/696f36019adeec8a6063cb8c
[6:28:26 AM] 📝 GET /api/display/room/696f36019adeec8a6063cb8c
[6:28:28 AM] 📝 GET /api/display/room/696f36019adeec8a6063cb8c
[6:28:28 AM] 📝 GET /api/display/room/696f36019adeec8a6063cb8c
[6:28:51 AM] 📝 GET /api/display/room/696f36019adeec8a6063cb8c
[6:29:08 AM] 📝 GET /api/display/room/696f36019adeec8a6063cb8c
[6:29:26 AM] 📝 GET /api/display/room/696f36019adeec8a6063cb8c
[6:29:28 AM] 📝 GET /api/display/room/696f36019adeec8a6063cb8c
[6:29:28 AM] 📝 GET /api/display/room/696f36019adeec8a6063cb8c
[6:29:51 AM] 📝 GET /api/display/room/696f36019adeec8a6063cb8c
[6:30:08 AM] 📝 GET /api/display/room/696f36019adeec8a6063cb8c
[6:30:26 AM] 📝 GET /api/display/room/696f36019adeec8a6063cb8c
[6:30:28 AM] 📝 GET /api/display/room/696f36019adeec8a6063cb8c
[6:30:28 AM] 📝 GET /api/display/room/696f36019adeec8a6063cb8c
[6:30:51 AM] 📝 GET /api/display/room/696f36019adeec8a6063cb8c
[6:31:08 AM] 📝 GET /api/display/room/696f36019adeec8a6063cb8c
[6:31:26 AM] 📝 GET /api/display/room/696f36019adeec8a6063cb8c
[6:31:28 AM] 📝 GET /api/display/room/696f36019adeec8a6063cb8c
[6:31:28 AM] 📝 GET /api/display/room/696f36019adeec8a6063cb8c
[6:32:08 AM] 📝 GET /api/display/room/696f36019adeec8a6063cb8c
[6:32:26 AM] 📝 GET /api/display/room/696f36019adeec8a6063cb8c
[6:32:28 AM] 📝 GET /api/display/room/696f36019adeec8a6063cb8c
[6:32:28 AM] 📝 GET /api/display/room/696f36019adeec8a6063cb8c
[6:33:08 AM] 📝 GET /api/display/room/696f36019adeec8a6063cb8c
[6:33:26 AM] 📝 GET /api/display/room/696f36019adeec8a6063cb8c
[6:33:28 AM] 📝 GET /api/display/room/696f36019adeec8a6063cb8c
[6:33:28 AM] 📝 GET /api/display/room/696f36019adeec8a6063cb8c
[6:34:08 AM] 📝 GET /api/display/room/696f36019adeec8a6063cb8c
[6:34:26 AM] 📝 GET /api/display/room/696f36019adeec8a6063cb8c
[6:34:28 AM] 📝 GET /api/display/room/696f36019adeec8a6063cb8c
[6:34:28 AM] 📝 GET /api/display/room/696f36019adeec8a6063cb8c
[6:35:08 AM] 📝 GET /api/display/room/696f36019adeec8a6063cb8c
[6:41:49 AM] 📝 GET /api/display/room/696f36019adeec8a6063cb8c
[6:42:49 AM] 📝 GET /api/display/room/696f36019adeec8a6063cb8c
[6:43:49 AM] 📝 GET /api/display/room/696f36019adeec8a6063cb8c
[6:44:49 AM] 📝 GET /api/display/room/696f36019adeec8a6063cb8c
[6:45:24 AM] 📝 GET /api/display/room/696f36019adeec8a6063cb8c
[6:45:26 AM] 📝 GET /api/display/room/696f36019adeec8a6063cb8c
[6:45:26 AM] 📝 GET /api/display/room/696f36019adeec8a6063cb8c
[6:45:49 AM] 📝 GET /api/display/room/696f36019adeec8a6063cb8c
[6:46:06 AM] 📝 GET /api/display/room/696f36019adeec8a6063cb8c
[6:46:24 AM] 📝 GET /api/display/room/696f36019adeec8a6063cb8c
[6:46:26 AM] 📝 GET /api/display/room/696f36019adeec8a6063cb8c
[6:46:26 AM] 📝 GET /api/display/room/696f36019adeec8a6063cb8c
[6:46:49 AM] 📝 GET /api/display/room/696f36019adeec8a6063cb8c
[6:47:06 AM] 📝 GET /api/display/room/696f36019adeec8a6063cb8c
[6:47:24 AM] 📝 GET /api/display/room/696f36019adeec8a6063cb8c
[6:47:26 AM] 📝 GET /api/display/room/696f36019adeec8a6063cb8c
[6:47:26 AM] 📝 GET /api/display/room/696f36019adeec8a6063cb8c
[6:47:49 AM] 📝 GET /api/display/room/696f36019adeec8a6063cb8c
[6:48:06 AM] 📝 GET /api/display/room/696f36019adeec8a6063cb8c
[6:48:24 AM] 📝 GET /api/display/room/696f36019adeec8a6063cb8c
[6:48:26 AM] 📝 GET /api/display/room/696f36019adeec8a6063cb8c
[6:48:26 AM] 📝 GET /api/display/room/696f36019adeec8a6063cb8c
[6:48:49 AM] 📝 GET /api/display/room/696f36019adeec8a6063cb8c
[6:49:06 AM] 📝 GET /api/display/room/696f36019adeec8a6063cb8c
[6:49:24 AM] 📝 GET /api/display/room/696f36019adeec8a6063cb8c
[6:49:26 AM] 📝 GET /api/display/room/696f36019adeec8a6063cb8c
[6:49:26 AM] 📝 GET /api/display/room/696f36019adeec8a6063cb8c
[6:49:49 AM] 📝 GET /api/display/room/696f36019adeec8a6063cb8c
[6:50:06 AM] 📝 GET /api/display/room/696f36019adeec8a6063cb8c
[6:50:25 AM] 📝 GET /api/display/room/696f36019adeec8a6063cb8c
[6:50:26 AM] 📝 GET /api/display/room/696f36019adeec8a6063cb8c
[6:50:26 AM] 📝 GET /api/display/room/696f36019adeec8a6063cb8c
[6:50:49 AM] 📝 GET /api/display/room/696f36019adeec8a6063cb8c
[6:51:06 AM] 📝 GET /api/display/room/696f36019adeec8a6063cb8c
[6:51:25 AM] 📝 GET /api/display/room/696f36019adeec8a6063cb8c
[6:51:26 AM] 📝 GET /api/display/room/696f36019adeec8a6063cb8c
[6:51:26 AM] 📝 GET /api/display/room/696f36019adeec8a6063cb8c
[6:51:49 AM] 📝 GET /api/display/room/696f36019adeec8a6063cb8c
[6:52:06 AM] 📝 GET /api/display/room/696f36019adeec8a6063cb8c
[6:52:24 AM] 📝 GET /api/display/room/696f36019adeec8a6063cb8c
[6:52:26 AM] 📝 GET /api/display/room/696f36019adeec8a6063cb8c
[6:52:26 AM] 📝 GET /api/display/room/696f36019adeec8a6063cb8c
[6:52:49 AM] 📝 GET /api/display/room/696f36019adeec8a6063cb8c
[6:53:06 AM] 📝 GET /api/display/room/696f36019adeec8a6063cb8c
[6:53:25 AM] 📝 GET /api/display/room/696f36019adeec8a6063cb8c
[6:53:26 AM] 📝 GET /api/display/room/696f36019adeec8a6063cb8c
[6:53:26 AM] 📝 GET /api/display/room/696f36019adeec8a6063cb8c
[6:53:49 AM] 📝 GET /api/display/room/696f36019adeec8a6063cb8c
[6:54:06 AM] 📝 GET /api/display/room/696f36019adeec8a6063cb8c
[6:54:24 AM] 📝 GET /api/display/room/696f36019adeec8a6063cb8c
[6:54:26 AM] 📝 GET /api/display/room/696f36019adeec8a6063cb8c
[6:54:26 AM] 📝 GET /api/display/room/696f36019adeec8a6063cb8c
[6:54:49 AM] 📝 GET /api/display/room/696f36019adeec8a6063cb8c
[6:55:06 AM] 📝 GET /api/display/room/696f36019adeec8a6063cb8c
[6:55:25 AM] 📝 GET /api/display/room/696f36019adeec8a6063cb8c
[6:55:26 AM] 📝 GET /api/display/room/696f36019adeec8a6063cb8c
[6:55:26 AM] 📝 GET /api/display/room/696f36019adeec8a6063cb8c
[6:55:49 AM] 📝 GET /api/display/room/696f36019adeec8a6063cb8c
[6:56:06 AM] 📝 GET /api/display/room/696f36019adeec8a6063cb8c
[6:56:24 AM] 📝 GET /api/display/room/696f36019adeec8a6063cb8c
[6:56:26 AM] 📝 GET /api/display/room/696f36019adeec8a6063cb8c
[6:56:26 AM] 📝 GET /api/display/room/696f36019adeec8a6063cb8c
[6:57:06 AM] 📝 GET /api/display/room/696f36019adeec8a6063cb8c
[6:57:24 AM] 📝 GET /api/display/room/696f36019adeec8a6063cb8c
[6:57:26 AM] 📝 GET /api/display/room/696f36019adeec8a6063cb8c
[6:57:26 AM] 📝 GET /api/display/room/696f36019adeec8a6063cb8c
[6:58:06 AM] 📝 GET /api/display/room/696f36019adeec8a6063cb8c
[6:58:24 AM] 📝 GET /api/display/room/696f36019adeec8a6063cb8c
[6:58:26 AM] 📝 GET /api/display/room/696f36019adeec8a6063cb8c
[6:58:26 AM] 📝 GET /api/display/room/696f36019adeec8a6063cb8c
[6:59:06 AM] 📝 GET /api/display/room/696f36019adeec8a6063cb8c
[6:59:25 AM] 📝 GET /api/display/room/696f36019adeec8a6063cb8c
[6:59:26 AM] 📝 GET /api/display/room/696f36019adeec8a6063cb8c
[6:59:26 AM] 📝 GET /api/display/room/696f36019adeec8a6063cb8c
[7:00:06 AM] 📝 GET /api/display/room/696f36019adeec8a6063cb8c
[7:06:47 AM] 📝 GET /api/display/room/696f36019adeec8a6063cb8c
[7:07:47 AM] 📝 GET /api/display/room/696f36019adeec8a6063cb8c
[7:08:47 AM] 📝 GET /api/display/room/696f36019adeec8a6063cb8c
[7:09:47 AM] 📝 GET /api/display/room/696f36019adeec8a6063cb8c
[7:10:22 AM] 📝 GET /api/display/room/696f36019adeec8a6063cb8c
[7:10:24 AM] 📝 GET /api/display/room/696f36019adeec8a6063cb8c
[7:10:24 AM] 📝 GET /api/display/room/696f36019adeec8a6063cb8c
[7:10:47 AM] 📝 GET /api/display/room/696f36019adeec8a6063cb8c
[7:11:04 AM] 📝 GET /api/display/room/696f36019adeec8a6063cb8c
[7:11:22 AM] 📝 GET /api/display/room/696f36019adeec8a6063cb8c
[7:11:24 AM] 📝 GET /api/display/room/696f36019adeec8a6063cb8c
[7:11:24 AM] 📝 GET /api/display/room/696f36019adeec8a6063cb8c
[7:11:47 AM] 📝 GET /api/display/room/696f36019adeec8a6063cb8c
[7:12:04 AM] 📝 GET /api/display/room/696f36019adeec8a6063cb8c
[7:12:22 AM] 📝 GET /api/display/room/696f36019adeec8a6063cb8c
[7:12:24 AM] 📝 GET /api/display/room/696f36019adeec8a6063cb8c
[7:12:24 AM] 📝 GET /api/display/room/696f36019adeec8a6063cb8c
[7:12:47 AM] 📝 GET /api/display/room/696f36019adeec8a6063cb8c
[7:13:04 AM] 📝 GET /api/display/room/696f36019adeec8a6063cb8c
[7:13:22 AM] 📝 GET /api/display/room/696f36019adeec8a6063cb8c
[7:13:24 AM] 📝 GET /api/display/room/696f36019adeec8a6063cb8c
[7:13:24 AM] 📝 GET /api/display/room/696f36019adeec8a6063cb8c
[7:13:47 AM] 📝 GET /api/display/room/696f36019adeec8a6063cb8c
[7:14:04 AM] 📝 GET /api/display/room/696f36019adeec8a6063cb8c
[7:14:22 AM] 📝 GET /api/display/room/696f36019adeec8a6063cb8c
[7:14:24 AM] 📝 GET /api/display/room/696f36019adeec8a6063cb8c
[7:14:24 AM] 📝 GET /api/display/room/696f36019adeec8a6063cb8c
[7:14:47 AM] 📝 GET /api/display/room/696f36019adeec8a6063cb8c
[7:15:04 AM] 📝 GET /api/display/room/696f36019adeec8a6063cb8c
[7:15:22 AM] 📝 GET /api/display/room/696f36019adeec8a6063cb8c
[7:15:24 AM] 📝 GET /api/display/room/696f36019adeec8a6063cb8c
[7:15:24 AM] 📝 GET /api/display/room/696f36019adeec8a6063cb8c
[7:15:47 AM] 📝 GET /api/display/room/696f36019adeec8a6063cb8c
[7:16:04 AM] 📝 GET /api/display/room/696f36019adeec8a6063cb8c
[7:16:22 AM] 📝 GET /api/display/room/696f36019adeec8a6063cb8c
[7:16:24 AM] 📝 GET /api/display/room/696f36019adeec8a6063cb8c
[7:16:24 AM] 📝 GET /api/display/room/696f36019adeec8a6063cb8c
[7:16:47 AM] 📝 GET /api/display/room/696f36019adeec8a6063cb8c
[7:17:04 AM] 📝 GET /api/display/room/696f36019adeec8a6063cb8c
[7:17:22 AM] 📝 GET /api/display/room/696f36019adeec8a6063cb8c
[7:17:24 AM] 📝 GET /api/display/room/696f36019adeec8a6063cb8c
[7:17:24 AM] 📝 GET /api/display/room/696f36019adeec8a6063cb8c
[7:17:47 AM] 📝 GET /api/display/room/696f36019adeec8a6063cb8c
[7:18:04 AM] 📝 GET /api/display/room/696f36019adeec8a6063cb8c
[7:18:22 AM] 📝 GET /api/display/room/696f36019adeec8a6063cb8c
[7:18:24 AM] 📝 GET /api/display/room/696f36019adeec8a6063cb8c
[7:18:24 AM] 📝 GET /api/display/room/696f36019adeec8a6063cb8c
[7:18:47 AM] 📝 GET /api/display/room/696f36019adeec8a6063cb8c
[7:19:04 AM] 📝 GET /api/display/room/696f36019adeec8a6063cb8c
[7:19:22 AM] 📝 GET /api/display/room/696f36019adeec8a6063cb8c
[7:19:24 AM] 📝 GET /api/display/room/696f36019adeec8a6063cb8c
[7:19:24 AM] 📝 GET /api/display/room/696f36019adeec8a6063cb8c
[7:19:47 AM] 📝 GET /api/display/room/696f36019adeec8a6063cb8c
[7:20:04 AM] 📝 GET /api/display/room/696f36019adeec8a6063cb8c
[7:20:22 AM] 📝 GET /api/display/room/696f36019adeec8a6063cb8c
[7:20:24 AM] 📝 GET /api/display/room/696f36019adeec8a6063cb8c
[7:20:24 AM] 📝 GET /api/display/room/696f36019adeec8a6063cb8c
[7:20:47 AM] 📝 GET /api/display/room/696f36019adeec8a6063cb8c
[7:21:04 AM] 📝 GET /api/display/room/696f36019adeec8a6063cb8c
[7:21:22 AM] 📝 GET /api/display/room/696f36019adeec8a6063cb8c
[7:21:24 AM] 📝 GET /api/display/room/696f36019adeec8a6063cb8c
[7:21:24 AM] 📝 GET /api/display/room/696f36019adeec8a6063cb8c
[7:22:04 AM] 📝 GET /api/display/room/696f36019adeec8a6063cb8c
[7:22:22 AM] 📝 GET /api/display/room/696f36019adeec8a6063cb8c
[7:22:24 AM] 📝 GET /api/display/room/696f36019adeec8a6063cb8c
[7:22:24 AM] 📝 GET /api/display/room/696f36019adeec8a6063cb8c
[7:23:04 AM] 📝 GET /api/display/room/696f36019adeec8a6063cb8c
[7:23:22 AM] 📝 GET /api/display/room/696f36019adeec8a6063cb8c
[7:23:24 AM] 📝 GET /api/display/room/696f36019adeec8a6063cb8c
[7:23:24 AM] 📝 GET /api/display/room/696f36019adeec8a6063cb8c
[7:24:04 AM] 📝 GET /api/display/room/696f36019adeec8a6063cb8c
[7:24:22 AM] 📝 GET /api/display/room/696f36019adeec8a6063cb8c
[7:24:24 AM] 📝 GET /api/display/room/696f36019adeec8a6063cb8c
[7:24:24 AM] 📝 GET /api/display/room/696f36019adeec8a6063cb8c
[7:25:04 AM] 📝 GET /api/display/room/696f36019adeec8a6063cb8c
[7:31:46 AM] 📝 GET /api/display/room/696f36019adeec8a6063cb8c
[7:32:46 AM] 📝 GET /api/display/room/696f36019adeec8a6063cb8c
[7:33:46 AM] 📝 GET /api/display/room/696f36019adeec8a6063cb8c
[7:34:46 AM] 📝 GET /api/display/room/696f36019adeec8a6063cb8c
[7:35:20 AM] 📝 GET /api/display/room/696f36019adeec8a6063cb8c
[7:35:22 AM] 📝 GET /api/display/room/696f36019adeec8a6063cb8c
[7:35:23 AM] 📝 GET /api/display/room/696f36019adeec8a6063cb8c
[7:35:46 AM] 📝 GET /api/display/room/696f36019adeec8a6063cb8c
[7:36:02 AM] 📝 GET /api/display/room/696f36019adeec8a6063cb8c
[7:36:20 AM] 📝 GET /api/display/room/696f36019adeec8a6063cb8c
[7:36:22 AM] 📝 GET /api/display/room/696f36019adeec8a6063cb8c
[7:36:23 AM] 📝 GET /api/display/room/696f36019adeec8a6063cb8c
[7:36:46 AM] 📝 GET /api/display/room/696f36019adeec8a6063cb8c
[7:37:02 AM] 📝 GET /api/display/room/696f36019adeec8a6063cb8c
[7:37:20 AM] 📝 GET /api/display/room/696f36019adeec8a6063cb8c
[7:37:22 AM] 📝 GET /api/display/room/696f36019adeec8a6063cb8c
[7:37:23 AM] 📝 GET /api/display/room/696f36019adeec8a6063cb8c
[7:37:46 AM] 📝 GET /api/display/room/696f36019adeec8a6063cb8c
[7:38:02 AM] 📝 GET /api/display/room/696f36019adeec8a6063cb8c
[7:38:20 AM] 📝 GET /api/display/room/696f36019adeec8a6063cb8c
[7:38:23 AM] 📝 GET /api/display/room/696f36019adeec8a6063cb8c
[7:38:23 AM] 📝 GET /api/display/room/696f36019adeec8a6063cb8c
[7:38:46 AM] 📝 GET /api/display/room/696f36019adeec8a6063cb8c
[7:39:02 AM] 📝 GET /api/display/room/696f36019adeec8a6063cb8c
[7:39:20 AM] 📝 GET /api/display/room/696f36019adeec8a6063cb8c
[7:39:22 AM] 📝 GET /api/display/room/696f36019adeec8a6063cb8c
[7:39:23 AM] 📝 GET /api/display/room/696f36019adeec8a6063cb8c
[7:39:46 AM] 📝 GET /api/display/room/696f36019adeec8a6063cb8c
[7:40:02 AM] 📝 GET /api/display/room/696f36019adeec8a6063cb8c
[7:40:20 AM] 📝 GET /api/display/room/696f36019adeec8a6063cb8c
[7:40:22 AM] 📝 GET /api/display/room/696f36019adeec8a6063cb8c
[7:40:23 AM] 📝 GET /api/display/room/696f36019adeec8a6063cb8c
[7:40:46 AM] 📝 GET /api/display/room/696f36019adeec8a6063cb8c
[7:41:02 AM] 📝 GET /api/display/room/696f36019adeec8a6063cb8c
[7:41:20 AM] 📝 GET /api/display/room/696f36019adeec8a6063cb8c
[7:41:22 AM] 📝 GET /api/display/room/696f36019adeec8a6063cb8c
[7:41:23 AM] 📝 GET /api/display/room/696f36019adeec8a6063cb8c
[7:41:46 AM] 📝 GET /api/display/room/696f36019adeec8a6063cb8c
[7:42:02 AM] 📝 GET /api/display/room/696f36019adeec8a6063cb8c
[7:42:20 AM] 📝 GET /api/display/room/696f36019adeec8a6063cb8c
[7:42:22 AM] 📝 GET /api/display/room/696f36019adeec8a6063cb8c
[7:42:23 AM] 📝 GET /api/display/room/696f36019adeec8a6063cb8c
[7:42:46 AM] 📝 GET /api/display/room/696f36019adeec8a6063cb8c
[7:43:02 AM] 📝 GET /api/display/room/696f36019adeec8a6063cb8c
[7:43:20 AM] 📝 GET /api/display/room/696f36019adeec8a6063cb8c
[7:43:22 AM] 📝 GET /api/display/room/696f36019adeec8a6063cb8c
[7:43:23 AM] 📝 GET /api/display/room/696f36019adeec8a6063cb8c
[7:43:46 AM] 📝 GET /api/display/room/696f36019adeec8a6063cb8c
[7:44:02 AM] 📝 GET /api/display/room/696f36019adeec8a6063cb8c
[7:44:20 AM] 📝 GET /api/display/room/696f36019adeec8a6063cb8c
[7:44:22 AM] 📝 GET /api/display/room/696f36019adeec8a6063cb8c
[7:44:23 AM] 📝 GET /api/display/room/696f36019adeec8a6063cb8c
[7:44:46 AM] 📝 GET /api/display/room/696f36019adeec8a6063cb8c
[7:45:02 AM] 📝 GET /api/display/room/696f36019adeec8a6063cb8c
[7:45:20 AM] 📝 GET /api/display/room/696f36019adeec8a6063cb8c
[7:45:22 AM] 📝 GET /api/display/room/696f36019adeec8a6063cb8c
[7:45:23 AM] 📝 GET /api/display/room/696f36019adeec8a6063cb8c
[7:45:46 AM] 📝 GET /api/display/room/696f36019adeec8a6063cb8c
[7:46:02 AM] 📝 GET /api/display/room/696f36019adeec8a6063cb8c
[7:46:09 AM] 📝 GET /api/display/room/696f36019adeec8a6063cb8c
[7:46:10 AM] 📝 GET /api/display/uploads/696f36019adeec8a6063cb8c_1778837162683.png
[7:46:20 AM] 📝 GET /api/display/room/696f36019adeec8a6063cb8c
[7:46:22 AM] 📝 GET /api/display/room/696f36019adeec8a6063cb8c
[7:46:23 AM] 📝 GET /api/display/room/696f36019adeec8a6063cb8c
[7:47:02 AM] 📝 GET /api/display/room/696f36019adeec8a6063cb8c
[7:47:20 AM] 📝 GET /api/display/room/696f36019adeec8a6063cb8c
[7:47:23 AM] 📝 GET /api/display/room/696f36019adeec8a6063cb8c
[7:47:23 AM] 📝 GET /api/display/room/696f36019adeec8a6063cb8c
[7:48:02 AM] 📝 GET /api/display/room/696f36019adeec8a6063cb8c
[7:48:20 AM] 📝 GET /api/display/room/696f36019adeec8a6063cb8c
[7:48:22 AM] 📝 GET /api/display/room/696f36019adeec8a6063cb8c
[7:48:23 AM] 📝 GET /api/display/room/696f36019adeec8a6063cb8c
[7:49:02 AM] 📝 GET /api/display/room/696f36019adeec8a6063cb8c
[7:49:20 AM] 📝 GET /api/display/room/696f36019adeec8a6063cb8c
[7:58:37 AM] 📝 GET /api/display/room/696f36019adeec8a6063cb8c
[7:58:37 AM] 📝 GET /api/display/uploads/696f36019adeec8a6063cb8c_1778837162683.png
[7:59:37 AM] 📝 GET /api/display/room/696f36019adeec8a6063cb8c
[8:00:37 AM] 📝 GET /api/display/room/696f36019adeec8a6063cb8c
[8:01:37 AM] 📝 GET /api/display/room/696f36019adeec8a6063cb8c
[8:02:37 AM] 📝 GET /api/display/room/696f36019adeec8a6063cb8c
[8:03:37 AM] 📝 GET /api/display/room/696f36019adeec8a6063cb8c
[8:04:37 AM] 📝 GET /api/display/room/696f36019adeec8a6063cb8c
[8:05:37 AM] 📝 GET /api/display/room/696f36019adeec8a6063cb8c
[8:06:37 AM] 📝 GET /api/display/room/696f36019adeec8a6063cb8c
[8:07:37 AM] 📝 GET /api/display/room/696f36019adeec8a6063cb8c
[8:08:37 AM] 📝 GET /api/display/room/696f36019adeec8a6063cb8c
[8:09:37 AM] 📝 GET /api/display/room/696f36019adeec8a6063cb8c
[8:10:37 AM] 📝 GET /api/display/room/696f36019adeec8a6063cb8c
[8:11:37 AM] 📝 GET /api/display/room/696f36019adeec8a6063cb8c
[8:12:37 AM] 📝 GET /api/display/room/696f36019adeec8a6063cb8c
[8:22:13 AM] 📝 GET /api/bookings
[8:22:15 AM] 📝 GET /api/rooms
[8:22:17 AM] 📝 GET /api/rooms/69490a065e1a04f70b859ca9
[8:22:17 AM] 📝 GET /api/bookings
[8:22:26 AM] 📝 GET /api/rooms
[8:22:28 AM] 📝 GET /api/rooms
[8:22:30 AM] 📝 GET /api/bookings
[8:22:33 AM] 📝 GET /api/rooms
[8:22:36 AM] 📝 GET /api/rooms/69490a065e1a04f70b859ca9
[8:22:36 AM] 📝 GET /api/bookings
[8:23:34 AM] 📝 GET /api/display/room/696f36019adeec8a6063cb8c
[8:24:26 AM] 📝 GET /api/rooms
[8:24:29 AM] 📝 GET /api/rooms/69490a065e1a04f70b859ca9
[8:24:29 AM] 📝 GET /api/bookings
[8:24:34 AM] 📝 GET /api/display/room/696f36019adeec8a6063cb8c
[8:24:37 AM] 📝 GET /api/bookings/my-bookings
[8:25:34 AM] 📝 GET /api/display/room/696f36019adeec8a6063cb8c
[8:25:35 AM] 📝 GET /api/rooms
[8:25:40 AM] 📝 GET /api/bookings
[8:25:43 AM] 📝 GET /api/rooms
[8:26:34 AM] 📝 GET /api/display/room/696f36019adeec8a6063cb8c
[8:27:07 AM] 📝 GET /api/bookings
[8:27:12 AM] 📝 GET /api/rooms
[8:27:15 AM] 📝 GET /api/rooms/69490a065e1a04f70b859ca9
[8:27:16 AM] 📝 GET /api/bookings
[8:27:34 AM] 📝 GET /api/display/room/696f36019adeec8a6063cb8c
[8:28:34 AM] 📝 GET /api/display/room/696f36019adeec8a6063cb8c
[8:28:41 AM] 📝 GET /api/rooms
[8:28:43 AM] 📝 GET /api/rooms/69490a065e1a04f70b859ca9
[8:28:43 AM] 📝 GET /api/bookings
[8:28:51 AM] 📝 GET /api/rooms
[8:28:52 AM] 📝 GET /api/rooms
[8:28:53 AM] 📝 GET /api/bookings
[8:28:54 AM] 📝 GET /api/rooms/69490a065e1a04f70b859ca9
[8:28:54 AM] 📝 GET /api/bookings
[8:29:15 AM] 📝 POST /api/auth/exchange-code
━━━━━━━━━━━━━━━━━━━━━━━━━━━━━━━━━━
🔐 UMS Exchange Code Request
   📥 Method: POST
   📥 IP: 110.78.180.14
   📥 Origin: https://nssv.nsm.go.th
   📥 Referer: https://nssv.nsm.go.th/napp/auth/callback?code=d930a31b6d932077f8563157a00a5a4091b01eb10360c4b3a651de89289d2792
   📥 User-Agent: Mozilla/5.0 (Windows NT 10.0; Win64; x64) AppleWebKit/537.36 (KHTML, like Gecko) Chrome/148.0.0.0 Safari/537.36
   📥 Content-Type: application/json
   📥 Body Keys: [ 'code', 'projectCode' ]
   📥 code: d930a31b6d932077f8563157a00a5a4091b01eb10360c4b3a651de89289d2792
   📥 projectCode: MEETBOOKING
   🔄 Calling: POST https://nssv.nsm.go.th/ums/api/auth/exchange-code
   📤 UMS Status: 200
   📤 UMS Response: {
  "status": "success",
  "token": "eyJhbGciOiJIUzI1NiIsInR5cCI6IkpXVCJ9.eyJpZCI6IjZhMjBmMWMxNDA0YWExMWYwZWJmZmYwYSIsInJvbGUiOiJtZW1iZXIiLCJ1c2VybmFtZSI6IlBhdGlwYXQiLCJpYXQiOjE3ODA1NjE3NTYsImV4cCI6MTc4MDY0ODE1Nn0.9T8DLlZFJFkTf94PIKEDw2YaDE32OjSmMCEAzoXxM8E",
  "user": {
    "id": "6a20f1c1404aa11f0ebfff0a",
    "username": "Patipat",
    "email": "sprite6432@gmail.com",
    "firstName": "Patipat",
    "lastName": "Bunthawon",
    "role": "member",
    "phone": "0640093629"
  }
}
   🎯 Role: member → user
   ✅ Login success: Patipat Bunthawon (user)
━━━━━━━━━━━━━━━━━━━━━━━━━━━━━━━━━━
[8:29:16 AM] 📝 GET /api/rooms
[8:29:18 AM] 📝 GET /api/rooms/69490a065e1a04f70b859ca9
[8:29:18 AM] 📝 GET /api/bookings
[8:29:21 AM] 📝 GET /api/bookings
[8:29:25 AM] 📝 GET /api/rooms
[8:29:27 AM] 📝 GET /api/rooms/69490a065e1a04f70b859ca9
[8:29:27 AM] 📝 GET /api/bookings
[8:29:32 AM] 📝 GET /api/bookings/my-bookings
[8:29:34 AM] 📝 GET /api/display/room/696f36019adeec8a6063cb8c
[8:29:36 AM] 📝 GET /api/departments
[8:29:36 AM] 📝 GET /api/rooms
[8:29:58 AM] 📝 GET /api/bookings
[8:30:16 AM] 📝 GET /api/rooms/69490a065e1a04f70b859ca9
[8:30:16 AM] 📝 GET /api/bookings
[8:30:34 AM] 📝 GET /api/display/room/696f36019adeec8a6063cb8c
[8:30:40 AM] 📝 POST /api/bookings
[8:30:42 AM] 📝 POST /api/bookings
[8:30:42 AM] 📝 POST /api/bookings
[8:30:43 AM] 📝 POST /api/bookings
[8:30:49 AM] 📝 POST /api/bookings
[8:30:55 AM] 📝 POST /api/bookings
[8:30:59 AM] 📝 POST /api/bookings
[8:31:24 AM] 📝 GET /api/bookings
[8:31:31 AM] 📝 POST /api/bookings
[8:31:33 AM] 📝 GET /api/bookings/my-bookings
[8:31:34 AM] 📝 GET /api/display/room/696f36019adeec8a6063cb8c
[8:31:49 AM] 📝 DELETE /api/bookings/6a2137e3f9491de83487ac17
[8:31:53 AM] 📝 GET /api/departments
[8:31:53 AM] 📝 GET /api/rooms
[8:32:06 AM] 📝 GET /api/bookings
[8:32:19 AM] 📝 POST /api/bookings
[8:32:34 AM] 📝 GET /api/display/room/696f36019adeec8a6063cb8c
[8:33:34 AM] 📝 GET /api/display/room/696f36019adeec8a6063cb8c
[8:34:34 AM] 📝 GET /api/display/room/696f36019adeec8a6063cb8c
[8:35:34 AM] 📝 GET /api/display/room/696f36019adeec8a6063cb8c
[8:36:34 AM] 📝 GET /api/display/room/696f36019adeec8a6063cb8c
[8:37:34 AM] 📝 GET /api/display/room/696f36019adeec8a6063cb8c
[8:48:32 AM] 📝 GET /api/display/room/696f36019adeec8a6063cb8c
[8:49:32 AM] 📝 GET /api/display/room/696f36019adeec8a6063cb8c
[8:50:32 AM] 📝 GET /api/display/room/696f36019adeec8a6063cb8c
[8:51:32 AM] 📝 GET /api/display/room/696f36019adeec8a6063cb8c
[8:52:32 AM] 📝 GET /api/display/room/696f36019adeec8a6063cb8c
[8:53:32 AM] 📝 GET /api/display/room/696f36019adeec8a6063cb8c
[8:54:32 AM] 📝 GET /api/display/room/696f36019adeec8a6063cb8c
[8:55:32 AM] 📝 GET /api/display/room/696f36019adeec8a6063cb8c
[8:56:32 AM] 📝 GET /api/display/room/696f36019adeec8a6063cb8c
[8:57:32 AM] 📝 GET /api/display/room/696f36019adeec8a6063cb8c
[8:58:30 AM] 📝 GET /api/bookings/my-bookings
[8:58:32 AM] 📝 GET /api/display/room/696f36019adeec8a6063cb8c
[8:58:34 AM] 📝 GET /api/bookings
[8:59:32 AM] 📝 GET /api/display/room/696f36019adeec8a6063cb8c
[9:00:32 AM] 📝 GET /api/display/room/696f36019adeec8a6063cb8c
[9:01:32 AM] 📝 GET /api/display/room/696f36019adeec8a6063cb8c
[9:02:32 AM] 📝 GET /api/display/room/696f36019adeec8a6063cb8c
[9:06:31 AM] 📝 GET /api/auth/me
[9:06:32 AM] 📝 POST /api/auth/login
[9:06:32 AM] 📝 GET /api/rooms
[9:06:34 AM] 📝 GET /api/admin/dashboard/statistics
[9:06:35 AM] 📝 GET /api/admin/bookings
[9:07:33 AM] 📝 GET /api/rooms
[9:13:30 AM] 📝 GET /api/display/room/696f36019adeec8a6063cb8c
[9:14:30 AM] 📝 GET /api/display/room/696f36019adeec8a6063cb8c
[9:15:30 AM] 📝 GET /api/display/room/696f36019adeec8a6063cb8c
[9:16:30 AM] 📝 GET /api/display/room/696f36019adeec8a6063cb8c
[9:17:30 AM] 📝 GET /api/display/room/696f36019adeec8a6063cb8c
[9:18:30 AM] 📝 GET /api/display/room/696f36019adeec8a6063cb8c
[9:18:45 AM] 📝 GET /api/rooms
[9:18:47 AM] 📝 GET /api/admin/dashboard/statistics
[9:18:48 AM] 📝 GET /api/admin/bookings
[9:19:30 AM] 📝 GET /api/display/room/696f36019adeec8a6063cb8c
[9:20:30 AM] 📝 GET /api/display/room/696f36019adeec8a6063cb8c
[9:20:35 AM] 📝 GET /api/rooms
[9:20:51 AM] 📝 GET /api/bookings
[9:20:57 AM] 📝 GET /api/rooms/69490a065e1a04f70b859cab
[9:20:57 AM] 📝 GET /api/bookings
[9:21:30 AM] 📝 GET /api/display/room/696f36019adeec8a6063cb8c
[9:22:30 AM] 📝 GET /api/display/room/696f36019adeec8a6063cb8c
[9:23:30 AM] 📝 GET /api/display/room/696f36019adeec8a6063cb8c
[9:24:22 AM] 📝 GET /api/display/room/69490a065e1a04f70b859cab
[9:24:23 AM] 📝 GET /api/display/room/69490a065e1a04f70b859cab
[9:24:23 AM] 📝 GET /api/display/uploads/69490a065e1a04f70b859cab_1778837066488.png
[9:24:30 AM] 📝 GET /api/display/room/696f36019adeec8a6063cb8c
[9:25:30 AM] 📝 GET /api/display/room/696f36019adeec8a6063cb8c
[9:25:35 AM] 📝 GET /api/admin/dashboard/statistics
[9:25:36 AM] 📝 GET /api/admin/bookings
[9:25:48 AM] 📝 GET /api/rooms
[9:25:49 AM] 📝 GET /api/admin/stats/bookings-trend
[9:25:49 AM] 📝 GET /api/admin/stats/monthly-stats
[9:25:49 AM] 📝 GET /api/admin/stats/popular-rooms
[9:25:49 AM] 📝 GET /api/admin/stats/department-usage
[9:25:58 AM] 📝 GET /api/admin/bookings
[9:26:30 AM] 📝 GET /api/display/room/696f36019adeec8a6063cb8c
[9:27:30 AM] 📝 GET /api/display/room/696f36019adeec8a6063cb8c
[9:28:31 AM] 📝 GET /api/bookings
[9:28:45 AM] 📝 GET /api/bookings/my-bookings
[9:28:56 AM] 📝 GET /api/bookings/my-bookings
[9:28:58 AM] 📝 GET /api/bookings
[9:29:01 AM] 📝 GET /api/rooms/69490a065e1a04f70b859cab
[9:29:01 AM] 📝 GET /api/bookings
[9:29:10 AM] 📝 GET /api/bookings
[9:29:17 AM] 📝 GET /api/bookings/my-bookings
[9:29:40 AM] 📝 GET /api/rooms
[9:29:40 AM] 📝 GET /api/bookings/6a028903731479cbb464a57f
[9:29:40 AM] 📝 GET /api/departments
[9:29:40 AM] 📝 GET /api/bookings
[9:31:47 AM] 📝 PUT /api/bookings/6a028903731479cbb464a57f
[9:31:48 AM] 📝 GET /api/bookings/my-bookings
[9:32:46 AM] 📝 GET /api/bookings/my-bookings
[9:32:47 AM] 📝 GET /api/bookings
[9:33:18 AM] 📝 GET /api/bookings/my-bookings
[9:33:19 AM] 📝 GET /api/rooms
[9:33:19 AM] 📝 GET /api/departments
[9:33:47 AM] 📝 GET /api/bookings
[9:34:01 AM] 📝 GET /api/bookings
[9:34:51 AM] 📝 GET /api/admin/dashboard/statistics
[9:34:53 AM] 📝 GET /api/admin/bookings
[9:34:59 AM] 📝 GET /api/bookings/my-bookings
[9:35:03 AM] 📝 GET /api/bookings/6a20f58af9491de834879f9c
[9:35:03 AM] 📝 GET /api/rooms
[9:35:03 AM] 📝 GET /api/departments
[9:35:03 AM] 📝 GET /api/bookings
[9:35:06 AM] 📝 GET /api/bookings
[9:35:14 AM] 📝 GET /api/bookings/my-bookings
[9:35:18 AM] 📝 GET /api/rooms
[9:35:21 AM] 📝 GET /api/rooms/69490a065e1a04f70b859ca9
[9:35:21 AM] 📝 GET /api/bookings
[9:35:35 AM] 📝 GET /api/bookings
[9:37:24 AM] 📝 GET /api/bookings
[9:37:30 AM] 📝 GET /api/bookings/my-bookings
[1:20:51 AM] 📝 GET /api/display/room/696f36019adeec8a6063cb8c
[1:20:51 AM] 📝 GET /api/display/uploads/696f36019adeec8a6063cb8c_1778837162683.png
[1:21:51 AM] 📝 GET /api/display/room/696f36019adeec8a6063cb8c
[1:22:51 AM] 📝 GET /api/display/room/696f36019adeec8a6063cb8c
[1:23:50 AM] 📝 GET /api/display/room/696f36019adeec8a6063cb8c
[1:24:51 AM] 📝 GET /api/display/room/696f36019adeec8a6063cb8c
[1:25:51 AM] 📝 GET /api/display/room/696f36019adeec8a6063cb8c
[1:26:51 AM] 📝 GET /api/display/room/696f36019adeec8a6063cb8c
[1:27:51 AM] 📝 GET /api/display/room/696f36019adeec8a6063cb8c
[1:28:50 AM] 📝 GET /api/display/room/696f36019adeec8a6063cb8c
[1:29:50 AM] 📝 GET /api/display/room/696f36019adeec8a6063cb8c
[1:30:51 AM] 📝 GET /api/display/room/696f36019adeec8a6063cb8c
[1:31:51 AM] 📝 GET /api/display/room/696f36019adeec8a6063cb8c
[1:32:51 AM] 📝 GET /api/display/room/696f36019adeec8a6063cb8c
[1:33:51 AM] 📝 GET /api/display/room/696f36019adeec8a6063cb8c
[1:34:16 AM] 📝 GET /api/rooms
[1:34:19 AM] 📝 GET /api/admin/dashboard/statistics
[1:34:25 AM] 📝 POST /api/auth/exchange-code
━━━━━━━━━━━━━━━━━━━━━━━━━━━━━━━━━━
🔐 UMS Exchange Code Request
   📥 Method: POST
   📥 IP: 61.7.176.140
   📥 Origin: https://nssv.nsm.go.th
   📥 Referer: https://nssv.nsm.go.th/napp/auth/callback?code=e8b9544dbdb3ae8aa04bdca0d9b85c843a3d1886868f7ac02b87ae233f833f24
   📥 User-Agent: Mozilla/5.0 (Windows NT 10.0; Win64; x64) AppleWebKit/537.36 (KHTML, like Gecko) Chrome/148.0.0.0 Safari/537.36
   📥 Content-Type: application/json
   📥 Body Keys: [ 'code', 'projectCode' ]
   📥 code: e8b9544dbdb3ae8aa04bdca0d9b85c843a3d1886868f7ac02b87ae233f833f24
   📥 projectCode: MEETBOOKING
   🔄 Calling: POST https://nssv.nsm.go.th/ums/api/auth/exchange-code
   📤 UMS Status: 200
   📤 UMS Response: {
  "status": "success",
  "token": "eyJhbGciOiJIUzI1NiIsInR5cCI6IkpXVCJ9.eyJpZCI6IjY5OGMzMTMxZGNiYzM1ZDM0NmQ3NGY1NyIsInJvbGUiOiJhZG1pbiIsInVzZXJuYW1lIjoidGF5ZmFyMDEyIiwiaWF0IjoxNzgwNjIzMjY1LCJleHAiOjE3ODA3MDk2NjV9.81V4SEN0_WT8L7C8yRBuQWMUx6d5iLM6bQL_XkgiRD0",
  "user": {
    "id": "698c3131dcbc35d346d74f57",
    "username": "tayfar012",
    "email": "tarata.khameam@gmail.com",
    "firstName": "ธราธาร์",
    "lastName": "คำเอี่ยม",
    "role": "admin",
    "phone": "0897034254"
  }
}
   🎯 Role: admin → admin
   ✅ Login success: ธราธาร์ คำเอี่ยม (admin)
━━━━━━━━━━━━━━━━━━━━━━━━━━━━━━━━━━
[1:34:26 AM] 📝 GET /api/rooms
[1:34:29 AM] 📝 GET /api/bookings/my-bookings
[1:34:32 AM] 📝 GET /api/bookings
[1:34:33 AM] 📝 GET /api/bookings/my-bookings
[1:34:39 AM] 📝 GET /api/admin/dashboard/statistics
[1:34:40 AM] 📝 GET /api/admin/bookings
[1:34:50 AM] 📝 GET /api/bookings/my-bookings
[1:34:50 AM] 📝 GET /api/display/room/696f36019adeec8a6063cb8c
[1:34:51 AM] 📝 GET /api/departments
[1:34:51 AM] 📝 GET /api/rooms
[1:35:19 AM] 📝 GET /api/bookings
[1:37:09 AM] 📝 GET /api/bookings
[1:37:35 AM] 📝 GET /api/bookings/my-bookings
[1:37:36 AM] 📝 GET /api/rooms
[1:37:36 AM] 📝 GET /api/departments
[1:38:01 AM] 📝 GET /api/bookings
[1:38:17 AM] 📝 GET /api/bookings
[1:38:20 AM] 📝 GET /api/rooms/69490a065e1a04f70b859cab
[1:38:20 AM] 📝 GET /api/bookings
[1:45:47 AM] 📝 GET /api/display/room/696f36019adeec8a6063cb8c
[1:46:47 AM] 📝 GET /api/display/room/696f36019adeec8a6063cb8c
[1:47:47 AM] 📝 GET /api/display/room/696f36019adeec8a6063cb8c
[1:48:47 AM] 📝 GET /api/display/room/696f36019adeec8a6063cb8c
[1:49:47 AM] 📝 GET /api/display/room/696f36019adeec8a6063cb8c
[1:50:47 AM] 📝 GET /api/display/room/696f36019adeec8a6063cb8c
[1:51:47 AM] 📝 GET /api/display/room/696f36019adeec8a6063cb8c
[1:52:47 AM] 📝 GET /api/display/room/696f36019adeec8a6063cb8c
[1:53:47 AM] 📝 GET /api/display/room/696f36019adeec8a6063cb8c
[1:54:47 AM] 📝 GET /api/display/room/696f36019adeec8a6063cb8c
[1:55:47 AM] 📝 GET /api/display/room/696f36019adeec8a6063cb8c
[1:56:47 AM] 📝 GET /api/display/room/696f36019adeec8a6063cb8c
[1:57:47 AM] 📝 GET /api/display/room/696f36019adeec8a6063cb8c
[1:58:47 AM] 📝 GET /api/display/room/696f36019adeec8a6063cb8c
[1:59:47 AM] 📝 GET /api/display/room/696f36019adeec8a6063cb8c
[2:03:50 AM] 📝 GET /api/admin/dashboard/statistics
[2:03:51 AM] 📝 GET /api/display/rooms
[2:03:54 AM] 📝 GET /api/display/room/69490a065e1a04f70b859cab
[2:03:54 AM] 📝 GET /api/display/config/69490a065e1a04f70b859cab
[2:03:54 AM] 📝 GET /api/display/media/69490a065e1a04f70b859cab
[2:03:54 AM] 📝 GET /api/display/uploads/69490a065e1a04f70b859cab_1778837066057.png
[2:03:54 AM] 📝 GET /api/display/uploads/69490a065e1a04f70b859cab_1778837067368.png
[2:03:54 AM] 📝 GET /api/display/uploads/69490a065e1a04f70b859cab_1778837066914.png
[2:03:54 AM] 📝 GET /api/display/uploads/69490a065e1a04f70b859cab_1778837066488.png
[2:05:07 AM] 📝 PUT /api/display/config/69490a065e1a04f70b859cab
[2:05:07 AM] 📝 GET /api/display/rooms
[2:05:49 AM] 📝 PUT /api/display/config/69490a065e1a04f70b859cab
[2:05:49 AM] 📝 GET /api/display/rooms
[2:05:54 AM] 📝 GET /api/rooms
[2:10:45 AM] 📝 GET /api/display/room/696f36019adeec8a6063cb8c
[2:11:45 AM] 📝 GET /api/display/room/696f36019adeec8a6063cb8c
[2:12:45 AM] 📝 GET /api/display/room/696f36019adeec8a6063cb8c
[2:13:45 AM] 📝 GET /api/display/room/696f36019adeec8a6063cb8c
[2:14:45 AM] 📝 GET /api/display/room/696f36019adeec8a6063cb8c
[2:15:45 AM] 📝 GET /api/display/room/696f36019adeec8a6063cb8c
[2:16:45 AM] 📝 GET /api/display/room/696f36019adeec8a6063cb8c
[2:17:45 AM] 📝 GET /api/display/room/696f36019adeec8a6063cb8c
[2:18:45 AM] 📝 GET /api/display/room/696f36019adeec8a6063cb8c
[2:19:45 AM] 📝 GET /api/display/room/696f36019adeec8a6063cb8c
[2:20:45 AM] 📝 GET /api/display/room/696f36019adeec8a6063cb8c
[2:21:45 AM] 📝 GET /api/display/room/696f36019adeec8a6063cb8c
[2:22:45 AM] 📝 GET /api/display/room/696f36019adeec8a6063cb8c
[2:23:45 AM] 📝 GET /api/display/room/696f36019adeec8a6063cb8c
[2:24:45 AM] 📝 GET /api/display/room/696f36019adeec8a6063cb8c
[2:35:43 AM] 📝 GET /api/display/room/696f36019adeec8a6063cb8c
[2:36:43 AM] 📝 GET /api/display/room/696f36019adeec8a6063cb8c
[2:37:43 AM] 📝 GET /api/display/room/696f36019adeec8a6063cb8c
[2:38:43 AM] 📝 GET /api/display/room/696f36019adeec8a6063cb8c
[2:39:43 AM] 📝 GET /api/display/room/696f36019adeec8a6063cb8c
[2:40:43 AM] 📝 GET /api/display/room/696f36019adeec8a6063cb8c
[2:41:43 AM] 📝 GET /api/display/room/696f36019adeec8a6063cb8c
[2:42:43 AM] 📝 GET /api/display/room/696f36019adeec8a6063cb8c
[2:43:43 AM] 📝 GET /api/display/room/696f36019adeec8a6063cb8c
[2:44:43 AM] 📝 GET /api/display/room/696f36019adeec8a6063cb8c
[2:45:43 AM] 📝 GET /api/display/room/696f36019adeec8a6063cb8c
[2:46:43 AM] 📝 GET /api/display/room/696f36019adeec8a6063cb8c
[2:47:43 AM] 📝 GET /api/display/room/696f36019adeec8a6063cb8c
[2:48:43 AM] 📝 GET /api/display/room/696f36019adeec8a6063cb8c
[2:49:43 AM] 📝 GET /api/display/room/696f36019adeec8a6063cb8c
[3:00:41 AM] 📝 GET /api/display/room/696f36019adeec8a6063cb8c
[3:01:40 AM] 📝 GET /api/display/room/696f36019adeec8a6063cb8c
[3:02:40 AM] 📝 GET /api/display/room/696f36019adeec8a6063cb8c
[3:03:40 AM] 📝 GET /api/display/room/696f36019adeec8a6063cb8c
[3:04:40 AM] 📝 GET /api/display/room/696f36019adeec8a6063cb8c
[3:04:53 AM] 📝 GET /api/auth/me
[3:05:41 AM] 📝 GET /api/display/room/696f36019adeec8a6063cb8c
[3:06:40 AM] 📝 GET /api/display/room/696f36019adeec8a6063cb8c
[3:07:40 AM] 📝 GET /api/display/room/696f36019adeec8a6063cb8c
[3:08:40 AM] 📝 GET /api/display/room/696f36019adeec8a6063cb8c
[3:09:40 AM] 📝 GET /api/display/room/696f36019adeec8a6063cb8c
[3:10:40 AM] 📝 GET /api/display/room/696f36019adeec8a6063cb8c
[3:11:40 AM] 📝 GET /api/display/room/696f36019adeec8a6063cb8c
[3:12:41 AM] 📝 GET /api/display/room/696f36019adeec8a6063cb8c
[3:13:40 AM] 📝 GET /api/display/room/696f36019adeec8a6063cb8c
[3:14:40 AM] 📝 GET /api/display/room/696f36019adeec8a6063cb8c
[3:25:39 AM] 📝 GET /api/display/room/696f36019adeec8a6063cb8c
[3:26:39 AM] 📝 GET /api/display/room/696f36019adeec8a6063cb8c
[3:27:39 AM] 📝 GET /api/display/room/696f36019adeec8a6063cb8c
[3:28:39 AM] 📝 GET /api/display/room/696f36019adeec8a6063cb8c
[3:29:39 AM] 📝 GET /api/display/room/696f36019adeec8a6063cb8c
[3:30:39 AM] 📝 GET /api/display/room/696f36019adeec8a6063cb8c
[3:31:39 AM] 📝 GET /api/display/room/696f36019adeec8a6063cb8c
[3:32:39 AM] 📝 GET /api/display/room/696f36019adeec8a6063cb8c
[3:33:39 AM] 📝 GET /api/display/room/696f36019adeec8a6063cb8c
[3:34:39 AM] 📝 GET /api/display/room/696f36019adeec8a6063cb8c
[3:35:39 AM] 📝 GET /api/display/room/696f36019adeec8a6063cb8c
[3:36:39 AM] 📝 GET /api/display/room/696f36019adeec8a6063cb8c
[3:37:39 AM] 📝 GET /api/display/room/696f36019adeec8a6063cb8c
[3:38:39 AM] 📝 GET /api/display/room/696f36019adeec8a6063cb8c
[3:39:39 AM] 📝 GET /api/display/room/696f36019adeec8a6063cb8c
[3:50:37 AM] 📝 GET /api/display/room/696f36019adeec8a6063cb8c
[3:51:36 AM] 📝 GET /api/display/room/696f36019adeec8a6063cb8c
[3:52:36 AM] 📝 GET /api/display/room/696f36019adeec8a6063cb8c
[3:53:36 AM] 📝 GET /api/display/room/696f36019adeec8a6063cb8c
[3:54:36 AM] 📝 GET /api/display/room/696f36019adeec8a6063cb8c
[3:55:36 AM] 📝 GET /api/display/room/696f36019adeec8a6063cb8c
[3:56:36 AM] 📝 GET /api/display/room/696f36019adeec8a6063cb8c
[3:57:36 AM] 📝 GET /api/display/room/696f36019adeec8a6063cb8c
[3:58:36 AM] 📝 GET /api/display/room/696f36019adeec8a6063cb8c
[3:59:36 AM] 📝 GET /api/display/room/696f36019adeec8a6063cb8c
[4:00:03 AM] 📝 GET /api/display/room/69490a065e1a04f70b859cab
[4:00:03 AM] 📝 GET /api/display/uploads/69490a065e1a04f70b859cab_1778837066488.png
[4:01:03 AM] 📝 GET /api/display/room/69490a065e1a04f70b859cab
[4:02:03 AM] 📝 GET /api/display/room/69490a065e1a04f70b859cab
[4:03:03 AM] 📝 GET /api/display/room/69490a065e1a04f70b859cab
[4:04:03 AM] 📝 GET /api/display/room/69490a065e1a04f70b859cab
[4:05:03 AM] 📝 GET /api/display/room/69490a065e1a04f70b859cab
[4:06:03 AM] 📝 GET /api/display/room/69490a065e1a04f70b859cab
[4:07:03 AM] 📝 GET /api/display/room/69490a065e1a04f70b859cab
[4:08:03 AM] 📝 GET /api/display/room/69490a065e1a04f70b859cab
[4:09:03 AM] 📝 GET /api/display/room/69490a065e1a04f70b859cab
[4:10:03 AM] 📝 GET /api/display/room/69490a065e1a04f70b859cab
[4:11:03 AM] 📝 GET /api/display/room/69490a065e1a04f70b859cab
[4:12:03 AM] 📝 GET /api/display/room/69490a065e1a04f70b859cab
[4:13:03 AM] 📝 GET /api/display/room/69490a065e1a04f70b859cab
[4:14:03 AM] 📝 GET /api/display/room/69490a065e1a04f70b859cab
[4:15:03 AM] 📝 GET /api/display/room/69490a065e1a04f70b859cab
[4:16:03 AM] 📝 GET /api/display/room/69490a065e1a04f70b859cab
[4:17:03 AM] 📝 GET /api/display/room/69490a065e1a04f70b859cab
[4:18:03 AM] 📝 GET /api/display/room/69490a065e1a04f70b859cab
[4:19:03 AM] 📝 GET /api/display/room/69490a065e1a04f70b859cab
[4:20:03 AM] 📝 GET /api/display/room/69490a065e1a04f70b859cab
[4:21:03 AM] 📝 GET /api/display/room/69490a065e1a04f70b859cab
[4:22:03 AM] 📝 GET /api/display/room/69490a065e1a04f70b859cab
[4:23:03 AM] 📝 GET /api/display/room/69490a065e1a04f70b859cab
[4:24:03 AM] 📝 GET /api/display/room/69490a065e1a04f70b859cab
[4:25:03 AM] 📝 GET /api/display/room/69490a065e1a04f70b859cab
[4:26:03 AM] 📝 GET /api/display/room/69490a065e1a04f70b859cab
[4:27:03 AM] 📝 GET /api/display/room/69490a065e1a04f70b859cab
[4:28:03 AM] 📝 GET /api/display/room/69490a065e1a04f70b859cab
[4:29:03 AM] 📝 GET /api/display/room/69490a065e1a04f70b859cab
[4:30:03 AM] 📝 GET /api/display/room/69490a065e1a04f70b859cab
[4:31:03 AM] 📝 GET /api/display/room/69490a065e1a04f70b859cab
[4:32:03 AM] 📝 GET /api/display/room/69490a065e1a04f70b859cab
[4:33:03 AM] 📝 GET /api/display/room/69490a065e1a04f70b859cab
[4:34:03 AM] 📝 GET /api/display/room/69490a065e1a04f70b859cab
[4:35:03 AM] 📝 GET /api/display/room/69490a065e1a04f70b859cab
[4:36:03 AM] 📝 GET /api/display/room/69490a065e1a04f70b859cab
[4:37:03 AM] 📝 GET /api/display/room/69490a065e1a04f70b859cab
[4:38:03 AM] 📝 GET /api/display/room/69490a065e1a04f70b859cab
[4:39:03 AM] 📝 GET /api/display/room/69490a065e1a04f70b859cab
[4:40:03 AM] 📝 GET /api/display/room/69490a065e1a04f70b859cab
[4:41:03 AM] 📝 GET /api/display/room/69490a065e1a04f70b859cab
[4:42:03 AM] 📝 GET /api/display/room/69490a065e1a04f70b859cab
[4:43:03 AM] 📝 GET /api/display/room/69490a065e1a04f70b859cab
[4:44:03 AM] 📝 GET /api/display/room/69490a065e1a04f70b859cab
[4:45:03 AM] 📝 GET /api/display/room/69490a065e1a04f70b859cab
[4:46:03 AM] 📝 GET /api/display/room/69490a065e1a04f70b859cab
[4:47:03 AM] 📝 GET /api/display/room/69490a065e1a04f70b859cab
[4:48:03 AM] 📝 GET /api/display/room/69490a065e1a04f70b859cab
[4:49:03 AM] 📝 GET /api/display/room/69490a065e1a04f70b859cab
[4:50:03 AM] 📝 GET /api/display/room/69490a065e1a04f70b859cab
[4:51:03 AM] 📝 GET /api/display/room/69490a065e1a04f70b859cab
[4:52:03 AM] 📝 GET /api/display/room/69490a065e1a04f70b859cab
[4:53:03 AM] 📝 GET /api/display/room/69490a065e1a04f70b859cab
[4:54:03 AM] 📝 GET /api/display/room/69490a065e1a04f70b859cab
[4:55:03 AM] 📝 GET /api/display/room/69490a065e1a04f70b859cab
[4:56:03 AM] 📝 GET /api/display/room/69490a065e1a04f70b859cab
[4:57:03 AM] 📝 GET /api/display/room/69490a065e1a04f70b859cab
[4:58:03 AM] 📝 GET /api/display/room/69490a065e1a04f70b859cab
[4:59:03 AM] 📝 GET /api/display/room/69490a065e1a04f70b859cab
[5:00:03 AM] 📝 GET /api/display/room/69490a065e1a04f70b859cab
[5:01:03 AM] 📝 GET /api/display/room/69490a065e1a04f70b859cab
[5:02:03 AM] 📝 GET /api/display/room/69490a065e1a04f70b859cab
[5:03:03 AM] 📝 GET /api/display/room/69490a065e1a04f70b859cab
[5:04:03 AM] 📝 GET /api/display/room/69490a065e1a04f70b859cab
[5:05:03 AM] 📝 GET /api/display/room/69490a065e1a04f70b859cab
[5:06:03 AM] 📝 GET /api/display/room/69490a065e1a04f70b859cab
[5:07:03 AM] 📝 GET /api/display/room/69490a065e1a04f70b859cab
[5:08:03 AM] 📝 GET /api/display/room/69490a065e1a04f70b859cab
[5:09:03 AM] 📝 GET /api/display/room/69490a065e1a04f70b859cab
[5:10:03 AM] 📝 GET /api/display/room/69490a065e1a04f70b859cab
[5:11:03 AM] 📝 GET /api/display/room/69490a065e1a04f70b859cab
[5:12:03 AM] 📝 GET /api/display/room/69490a065e1a04f70b859cab
[5:13:03 AM] 📝 GET /api/display/room/69490a065e1a04f70b859cab
[5:14:03 AM] 📝 GET /api/display/room/69490a065e1a04f70b859cab
[5:15:03 AM] 📝 GET /api/display/room/69490a065e1a04f70b859cab
[5:16:03 AM] 📝 GET /api/display/room/69490a065e1a04f70b859cab
[5:17:03 AM] 📝 GET /api/display/room/69490a065e1a04f70b859cab
[5:18:03 AM] 📝 GET /api/display/room/69490a065e1a04f70b859cab
[5:19:03 AM] 📝 GET /api/display/room/69490a065e1a04f70b859cab
[5:20:03 AM] 📝 GET /api/display/room/69490a065e1a04f70b859cab
[5:21:03 AM] 📝 GET /api/display/room/69490a065e1a04f70b859cab
[5:22:03 AM] 📝 GET /api/display/room/69490a065e1a04f70b859cab
[5:23:03 AM] 📝 GET /api/display/room/69490a065e1a04f70b859cab
[5:24:03 AM] 📝 GET /api/display/room/69490a065e1a04f70b859cab
[5:25:03 AM] 📝 GET /api/display/room/69490a065e1a04f70b859cab
[5:26:03 AM] 📝 GET /api/display/room/69490a065e1a04f70b859cab
[5:27:03 AM] 📝 GET /api/display/room/69490a065e1a04f70b859cab
[5:28:03 AM] 📝 GET /api/display/room/69490a065e1a04f70b859cab
[5:29:03 AM] 📝 GET /api/display/room/69490a065e1a04f70b859cab
[5:30:03 AM] 📝 GET /api/display/room/69490a065e1a04f70b859cab
[5:31:03 AM] 📝 GET /api/display/room/69490a065e1a04f70b859cab
[5:32:03 AM] 📝 GET /api/display/room/69490a065e1a04f70b859cab
[5:33:03 AM] 📝 GET /api/display/room/69490a065e1a04f70b859cab
[5:34:03 AM] 📝 GET /api/display/room/69490a065e1a04f70b859cab
[5:35:03 AM] 📝 GET /api/display/room/69490a065e1a04f70b859cab
[5:36:03 AM] 📝 GET /api/display/room/69490a065e1a04f70b859cab
[5:37:03 AM] 📝 GET /api/display/room/69490a065e1a04f70b859cab
[5:38:03 AM] 📝 GET /api/display/room/69490a065e1a04f70b859cab
[5:39:03 AM] 📝 GET /api/display/room/69490a065e1a04f70b859cab
[5:40:03 AM] 📝 GET /api/display/room/69490a065e1a04f70b859cab
[5:41:03 AM] 📝 GET /api/display/room/69490a065e1a04f70b859cab
[5:42:03 AM] 📝 GET /api/display/room/69490a065e1a04f70b859cab
[5:43:03 AM] 📝 GET /api/display/room/69490a065e1a04f70b859cab
[5:44:03 AM] 📝 GET /api/display/room/69490a065e1a04f70b859cab
[5:45:03 AM] 📝 GET /api/display/room/69490a065e1a04f70b859cab
[5:46:03 AM] 📝 GET /api/display/room/69490a065e1a04f70b859cab
[5:47:03 AM] 📝 GET /api/display/room/69490a065e1a04f70b859cab
[5:48:03 AM] 📝 GET /api/display/room/69490a065e1a04f70b859cab
[5:49:03 AM] 📝 GET /api/display/room/69490a065e1a04f70b859cab
[5:50:03 AM] 📝 GET /api/display/room/69490a065e1a04f70b859cab
[5:51:03 AM] 📝 GET /api/display/room/69490a065e1a04f70b859cab
[5:52:03 AM] 📝 GET /api/display/room/69490a065e1a04f70b859cab
[5:53:03 AM] 📝 GET /api/display/room/69490a065e1a04f70b859cab
[5:54:03 AM] 📝 GET /api/display/room/69490a065e1a04f70b859cab
[5:55:03 AM] 📝 GET /api/display/room/69490a065e1a04f70b859cab
[5:56:03 AM] 📝 GET /api/display/room/69490a065e1a04f70b859cab
[5:57:03 AM] 📝 GET /api/display/room/69490a065e1a04f70b859cab
[5:58:03 AM] 📝 GET /api/display/room/69490a065e1a04f70b859cab
[5:59:03 AM] 📝 GET /api/display/room/69490a065e1a04f70b859cab
[6:00:03 AM] 📝 GET /api/display/room/69490a065e1a04f70b859cab
[6:01:03 AM] 📝 GET /api/display/room/69490a065e1a04f70b859cab
[6:02:03 AM] 📝 GET /api/display/room/69490a065e1a04f70b859cab
[6:03:03 AM] 📝 GET /api/display/room/69490a065e1a04f70b859cab
[6:04:03 AM] 📝 GET /api/display/room/69490a065e1a04f70b859cab
[6:05:03 AM] 📝 GET /api/display/room/69490a065e1a04f70b859cab
[6:06:03 AM] 📝 GET /api/display/room/69490a065e1a04f70b859cab
[6:07:03 AM] 📝 GET /api/display/room/69490a065e1a04f70b859cab
[6:08:03 AM] 📝 GET /api/display/room/69490a065e1a04f70b859cab
[6:09:03 AM] 📝 GET /api/display/room/69490a065e1a04f70b859cab
[6:10:03 AM] 📝 GET /api/display/room/69490a065e1a04f70b859cab
[6:11:03 AM] 📝 GET /api/display/room/69490a065e1a04f70b859cab
[6:12:03 AM] 📝 GET /api/display/room/69490a065e1a04f70b859cab
[6:12:39 AM] 📝 POST /api/auth/exchange-code
━━━━━━━━━━━━━━━━━━━━━━━━━━━━━━━━━━
🔐 UMS Exchange Code Request
   📥 Method: POST
   📥 IP: 61.7.176.140
   📥 Origin: https://nssv.nsm.go.th
   📥 Referer: https://nssv.nsm.go.th/napp/auth/callback?code=ea5d4be28337395365b3407143ed688afd0d68f32a1347b58567c6b74fdd14a8
   📥 User-Agent: Mozilla/5.0 (Windows NT 10.0; Win64; x64) AppleWebKit/537.36 (KHTML, like Gecko) Chrome/148.0.0.0 Safari/537.36
   📥 Content-Type: application/json
   📥 Body Keys: [ 'code', 'projectCode' ]
   📥 code: ea5d4be28337395365b3407143ed688afd0d68f32a1347b58567c6b74fdd14a8
   📥 projectCode: MEETBOOKING
   🔄 Calling: POST https://nssv.nsm.go.th/ums/api/auth/exchange-code
   📤 UMS Status: 200
   📤 UMS Response: {
  "status": "success",
  "token": "eyJhbGciOiJIUzI1NiIsInR5cCI6IkpXVCJ9.eyJpZCI6IjY5OGMzMTMxZGNiYzM1ZDM0NmQ3NGY1NyIsInJvbGUiOiJhZG1pbiIsInVzZXJuYW1lIjoidGF5ZmFyMDEyIiwiaWF0IjoxNzgwNjM5OTU5LCJleHAiOjE3ODA3MjYzNTl9.e3Qo4dzalbcmG_16EVWe4U9UF4ttGPayx1dlFypRnlw",
  "user": {
    "id": "698c3131dcbc35d346d74f57",
    "username": "tayfar012",
    "email": "tarata.khameam@gmail.com",
    "firstName": "ธราธาร์",
    "lastName": "คำเอี่ยม",
    "role": "admin",
    "phone": "0897034254"
  }
}
   🎯 Role: admin → admin
   ✅ Login success: ธราธาร์ คำเอี่ยม (admin)
━━━━━━━━━━━━━━━━━━━━━━━━━━━━━━━━━━
[6:12:40 AM] 📝 GET /api/rooms
[6:12:42 AM] 📝 GET /api/admin/dashboard/statistics
[6:12:44 AM] 📝 GET /api/admin/bookings
[6:12:55 AM] 📝 PUT /api/admin/bookings/6a20f58af9491de834879f9c/status
[6:12:56 AM] 📝 GET /api/admin/bookings
[6:13:03 AM] 📝 GET /api/display/room/69490a065e1a04f70b859cab
[6:13:23 AM] 📝 GET /api/rooms
[6:13:28 AM] 📝 GET /api/bookings
[6:13:32 AM] 📝 GET /api/rooms/69609bbbaa301e5a9d0e57c0
[6:13:32 AM] 📝 GET /api/bookings
[6:14:03 AM] 📝 GET /api/display/room/69490a065e1a04f70b859cab
[6:15:03 AM] 📝 GET /api/display/room/69490a065e1a04f70b859cab
[6:16:03 AM] 📝 GET /api/display/room/69490a065e1a04f70b859cab
[6:17:03 AM] 📝 GET /api/display/room/69490a065e1a04f70b859cab
[6:18:03 AM] 📝 GET /api/display/room/69490a065e1a04f70b859cab
[6:19:03 AM] 📝 GET /api/display/room/69490a065e1a04f70b859cab
[6:20:03 AM] 📝 GET /api/display/room/69490a065e1a04f70b859cab
[6:21:03 AM] 📝 GET /api/display/room/69490a065e1a04f70b859cab
[6:22:03 AM] 📝 GET /api/display/room/69490a065e1a04f70b859cab
[6:23:03 AM] 📝 GET /api/display/room/69490a065e1a04f70b859cab
[6:24:03 AM] 📝 GET /api/display/room/69490a065e1a04f70b859cab
[6:25:03 AM] 📝 GET /api/display/room/69490a065e1a04f70b859cab
[6:26:03 AM] 📝 GET /api/display/room/69490a065e1a04f70b859cab
[6:27:00 AM] 📝 GET /api/auth/me
[6:27:00 AM] 📝 GET /api/auth/me
[6:27:02 AM] 📝 POST /api/auth/login
[6:27:02 AM] 📝 GET /api/rooms
[6:27:03 AM] 📝 GET /api/display/room/69490a065e1a04f70b859cab
[6:27:08 AM] 📝 GET /api/bookings/my-bookings
[6:27:12 AM] 📝 GET /api/rooms
[6:27:12 AM] 📝 GET /api/departments
[6:27:30 AM] 📝 GET /api/bookings
[6:28:03 AM] 📝 GET /api/display/room/69490a065e1a04f70b859cab
[6:28:30 AM] 📝 POST /api/bookings
[6:28:49 AM] 📝 GET /api/bookings
[6:28:56 AM] 📝 GET /api/rooms
[6:28:58 AM] 📝 GET /api/bookings
[6:29:03 AM] 📝 GET /api/display/room/69490a065e1a04f70b859cab
[6:29:03 AM] 📝 GET /api/rooms
[6:29:10 AM] 📝 GET /api/rooms/69490a065e1a04f70b859ca9
[6:29:11 AM] 📝 GET /api/bookings
[6:29:19 AM] 📝 GET /api/bookings/my-bookings
[6:29:22 AM] 📝 GET /api/rooms
[6:29:22 AM] 📝 GET /api/departments
[6:29:33 AM] 📝 GET /api/bookings
[6:30:03 AM] 📝 GET /api/display/room/69490a065e1a04f70b859cab
[6:30:04 AM] 📝 POST /api/bookings
[6:30:26 AM] 📝 GET /api/bookings
[6:30:29 AM] 📝 POST /api/bookings
[6:30:48 AM] 📝 GET /api/rooms
[6:30:50 AM] 📝 GET /api/bookings
[6:30:56 AM] 📝 GET /api/rooms
[6:31:00 AM] 📝 GET /api/rooms/69490a065e1a04f70b859ca9
[6:31:00 AM] 📝 GET /api/bookings
[6:31:03 AM] 📝 GET /api/display/room/69490a065e1a04f70b859cab
[6:31:26 AM] 📝 GET /api/bookings
[6:31:28 AM] 📝 GET /api/bookings/my-bookings
[6:31:33 AM] 📝 GET /api/rooms
[6:31:33 AM] 📝 GET /api/departments
[6:31:41 AM] 📝 GET /api/bookings
[6:31:56 AM] 📝 POST /api/bookings
[6:32:03 AM] 📝 GET /api/display/room/69490a065e1a04f70b859cab
[6:32:04 AM] 📝 GET /api/bookings
[6:32:05 AM] 📝 POST /api/bookings
[6:32:13 AM] 📝 GET /api/bookings
[6:32:14 AM] 📝 POST /api/bookings
[6:32:17 AM] 📝 GET /api/rooms
[6:32:26 AM] 📝 GET /api/rooms/69490a065e1a04f70b859ca9
[6:32:26 AM] 📝 GET /api/bookings
[6:32:33 AM] 📝 GET /api/bookings/my-bookings
[6:32:34 AM] 📝 GET /api/rooms
[6:32:34 AM] 📝 GET /api/departments
[6:33:03 AM] 📝 GET /api/display/room/69490a065e1a04f70b859cab
[6:34:03 AM] 📝 GET /api/display/room/69490a065e1a04f70b859cab
[6:34:03 AM] 📝 GET /api/auth/me
[6:34:03 AM] 📝 GET /api/auth/me
[6:34:04 AM] 📝 GET /api/rooms
[6:34:06 AM] 📝 GET /api/bookings/my-bookings
[6:34:08 AM] 📝 GET /api/departments
[6:34:08 AM] 📝 GET /api/rooms
[6:34:12 AM] 📝 GET /api/rooms
[6:34:14 AM] 📝 GET /api/bookings/my-bookings
[6:34:16 AM] 📝 GET /api/rooms
[6:34:28 AM] 📝 GET /api/rooms/69490a065e1a04f70b859ca9
[6:34:28 AM] 📝 GET /api/bookings
[6:34:51 AM] 📝 GET /api/bookings/my-bookings
[6:34:52 AM] 📝 GET /api/departments
[6:34:52 AM] 📝 GET /api/rooms
[6:35:02 AM] 📝 GET /api/bookings
[6:35:03 AM] 📝 GET /api/display/room/69490a065e1a04f70b859cab
[6:35:42 AM] 📝 POST /api/bookings
[6:36:03 AM] 📝 GET /api/display/room/69490a065e1a04f70b859cab
[6:36:31 AM] 📝 GET /api/rooms
[6:36:33 AM] 📝 GET /api/rooms/69490a065e1a04f70b859ca9
[6:36:33 AM] 📝 GET /api/bookings
[6:36:57 AM] 📝 GET /api/rooms
[6:36:58 AM] 📝 GET /api/admin/dashboard/statistics
[6:37:01 AM] 📝 GET /api/rooms/69490a065e1a04f70b859ca9
[6:37:01 AM] 📝 GET /api/bookings
[6:37:03 AM] 📝 GET /api/display/room/69490a065e1a04f70b859cab
[6:37:03 AM] 📝 GET /api/bookings
[6:37:05 AM] 📝 GET /api/bookings/my-bookings
[6:37:14 AM] 📝 GET /api/rooms/69490a065e1a04f70b859ca9
[6:37:15 AM] 📝 GET /api/bookings
[6:37:35 AM] 📝 GET /api/rooms
[6:37:50 AM] 📝 GET /api/bookings
[6:37:53 AM] 📝 GET /api/rooms
[6:38:03 AM] 📝 GET /api/display/room/69490a065e1a04f70b859cab
[6:38:06 AM] 📝 GET /api/rooms/69490a065e1a04f70b859ca9
[6:38:06 AM] 📝 GET /api/bookings
[6:38:08 AM] 📝 GET /api/bookings
[6:38:18 AM] 📝 GET /api/bookings
[6:38:57 AM] 📝 GET /api/bookings/my-bookings
[6:38:58 AM] 📝 GET /api/rooms
[6:39:02 AM] 📝 GET /api/rooms
[6:39:03 AM] 📝 GET /api/display/room/69490a065e1a04f70b859cab
[6:39:04 AM] 📝 GET /api/bookings
[6:39:06 AM] 📝 GET /api/rooms
[6:39:08 AM] 📝 GET /api/rooms/69490a065e1a04f70b859ca9
[6:39:08 AM] 📝 GET /api/bookings
[6:39:15 AM] 📝 GET /api/bookings
[6:39:34 AM] 📝 GET /api/rooms
[6:39:39 AM] 📝 GET /api/rooms/69490a065e1a04f70b859ca9
[6:39:39 AM] 📝 GET /api/bookings
[6:40:03 AM] 📝 GET /api/display/room/69490a065e1a04f70b859cab
[6:40:46 AM] 📝 GET /api/bookings/my-bookings
[6:40:47 AM] 📝 GET /api/departments
[6:40:47 AM] 📝 GET /api/rooms
[6:40:59 AM] 📝 GET /api/bookings
[6:41:03 AM] 📝 GET /api/display/room/69490a065e1a04f70b859cab
[6:41:49 AM] 📝 POST /api/bookings
[6:41:51 AM] 📝 GET /api/bookings/my-bookings
[6:42:03 AM] 📝 GET /api/display/room/69490a065e1a04f70b859cab
[6:43:03 AM] 📝 GET /api/display/room/69490a065e1a04f70b859cab
[6:44:03 AM] 📝 GET /api/display/room/69490a065e1a04f70b859cab
[6:45:03 AM] 📝 GET /api/display/room/69490a065e1a04f70b859cab
[6:46:03 AM] 📝 GET /api/display/room/69490a065e1a04f70b859cab
[6:47:03 AM] 📝 GET /api/display/room/69490a065e1a04f70b859cab
[6:48:03 AM] 📝 GET /api/display/room/69490a065e1a04f70b859cab
[6:49:03 AM] 📝 GET /api/display/room/69490a065e1a04f70b859cab
[6:50:03 AM] 📝 GET /api/display/room/69490a065e1a04f70b859cab
[6:51:03 AM] 📝 GET /api/display/room/69490a065e1a04f70b859cab
[6:52:03 AM] 📝 GET /api/display/room/69490a065e1a04f70b859cab
[6:53:03 AM] 📝 GET /api/display/room/69490a065e1a04f70b859cab
[6:54:03 AM] 📝 GET /api/display/room/69490a065e1a04f70b859cab
[6:55:03 AM] 📝 GET /api/display/room/69490a065e1a04f70b859cab
[6:56:03 AM] 📝 GET /api/display/room/69490a065e1a04f70b859cab
[6:57:03 AM] 📝 GET /api/display/room/69490a065e1a04f70b859cab
[6:58:03 AM] 📝 GET /api/display/room/69490a065e1a04f70b859cab
[6:59:03 AM] 📝 GET /api/display/room/69490a065e1a04f70b859cab
[7:00:03 AM] 📝 GET /api/display/room/69490a065e1a04f70b859cab
[7:01:03 AM] 📝 GET /api/display/room/69490a065e1a04f70b859cab
[7:02:03 AM] 📝 GET /api/display/room/69490a065e1a04f70b859cab
[7:03:03 AM] 📝 GET /api/display/room/69490a065e1a04f70b859cab
[7:04:03 AM] 📝 GET /api/display/room/69490a065e1a04f70b859cab
[7:05:03 AM] 📝 GET /api/display/room/69490a065e1a04f70b859cab
[7:06:03 AM] 📝 GET /api/display/room/69490a065e1a04f70b859cab
[7:07:03 AM] 📝 GET /api/display/room/69490a065e1a04f70b859cab
[7:08:03 AM] 📝 GET /api/display/room/69490a065e1a04f70b859cab
[7:09:03 AM] 📝 GET /api/display/room/69490a065e1a04f70b859cab
[7:10:03 AM] 📝 GET /api/display/room/69490a065e1a04f70b859cab
[7:11:03 AM] 📝 GET /api/display/room/69490a065e1a04f70b859cab
[7:12:03 AM] 📝 GET /api/display/room/69490a065e1a04f70b859cab
[7:13:03 AM] 📝 GET /api/display/room/69490a065e1a04f70b859cab
[7:14:03 AM] 📝 GET /api/display/room/69490a065e1a04f70b859cab
[7:15:03 AM] 📝 GET /api/display/room/69490a065e1a04f70b859cab
[7:16:03 AM] 📝 GET /api/display/room/69490a065e1a04f70b859cab
[7:17:03 AM] 📝 GET /api/display/room/69490a065e1a04f70b859cab
[7:18:03 AM] 📝 GET /api/display/room/69490a065e1a04f70b859cab
[7:19:03 AM] 📝 GET /api/display/room/69490a065e1a04f70b859cab
[7:20:03 AM] 📝 GET /api/display/room/69490a065e1a04f70b859cab
[7:21:03 AM] 📝 GET /api/display/room/69490a065e1a04f70b859cab
[7:22:03 AM] 📝 GET /api/display/room/69490a065e1a04f70b859cab
[7:23:03 AM] 📝 GET /api/display/room/69490a065e1a04f70b859cab
[7:24:03 AM] 📝 GET /api/display/room/69490a065e1a04f70b859cab
[7:25:03 AM] 📝 GET /api/display/room/69490a065e1a04f70b859cab
[7:26:03 AM] 📝 GET /api/display/room/69490a065e1a04f70b859cab
[7:27:03 AM] 📝 GET /api/display/room/69490a065e1a04f70b859cab
[7:28:03 AM] 📝 GET /api/display/room/69490a065e1a04f70b859cab
[7:29:03 AM] 📝 GET /api/display/room/69490a065e1a04f70b859cab
[7:30:03 AM] 📝 GET /api/display/room/69490a065e1a04f70b859cab
[7:31:03 AM] 📝 GET /api/display/room/69490a065e1a04f70b859cab
[7:32:03 AM] 📝 GET /api/display/room/69490a065e1a04f70b859cab
[7:33:03 AM] 📝 GET /api/display/room/69490a065e1a04f70b859cab
[7:34:03 AM] 📝 GET /api/display/room/69490a065e1a04f70b859cab
[7:35:03 AM] 📝 GET /api/display/room/69490a065e1a04f70b859cab
[7:36:03 AM] 📝 GET /api/display/room/69490a065e1a04f70b859cab
[7:37:03 AM] 📝 GET /api/display/room/69490a065e1a04f70b859cab
[7:38:03 AM] 📝 GET /api/display/room/69490a065e1a04f70b859cab
[7:39:03 AM] 📝 GET /api/display/room/69490a065e1a04f70b859cab
[7:40:03 AM] 📝 GET /api/display/room/69490a065e1a04f70b859cab
[7:41:03 AM] 📝 GET /api/display/room/69490a065e1a04f70b859cab
[7:42:03 AM] 📝 GET /api/display/room/69490a065e1a04f70b859cab
[7:43:03 AM] 📝 GET /api/display/room/69490a065e1a04f70b859cab
[7:44:03 AM] 📝 GET /api/display/room/69490a065e1a04f70b859cab
[7:45:03 AM] 📝 GET /api/display/room/69490a065e1a04f70b859cab
[7:46:03 AM] 📝 GET /api/display/room/69490a065e1a04f70b859cab
[7:47:03 AM] 📝 GET /api/display/room/69490a065e1a04f70b859cab
[7:48:03 AM] 📝 GET /api/display/room/69490a065e1a04f70b859cab
[7:49:03 AM] 📝 GET /api/display/room/69490a065e1a04f70b859cab
[7:50:03 AM] 📝 GET /api/display/room/69490a065e1a04f70b859cab
[7:51:03 AM] 📝 GET /api/display/room/69490a065e1a04f70b859cab
[7:52:03 AM] 📝 GET /api/display/room/69490a065e1a04f70b859cab
[7:53:03 AM] 📝 GET /api/display/room/69490a065e1a04f70b859cab
[7:54:03 AM] 📝 GET /api/display/room/69490a065e1a04f70b859cab
[7:55:03 AM] 📝 GET /api/display/room/69490a065e1a04f70b859cab
[7:56:03 AM] 📝 GET /api/display/room/69490a065e1a04f70b859cab
[7:56:59 AM] 📝 GET /api/auth/me
[7:57:03 AM] 📝 GET /api/display/room/69490a065e1a04f70b859cab
[7:57:03 AM] 📝 POST /api/auth/login
[7:57:03 AM] 📝 GET /api/rooms
[7:57:07 AM] 📝 GET /api/admin/dashboard/statistics
[7:57:08 AM] 📝 GET /api/admin/bookings
[7:58:03 AM] 📝 GET /api/display/room/69490a065e1a04f70b859cab
[7:58:09 AM] 📝 GET /api/rooms
[7:59:03 AM] 📝 GET /api/display/room/69490a065e1a04f70b859cab
[8:00:03 AM] 📝 GET /api/display/room/69490a065e1a04f70b859cab
[8:01:03 AM] 📝 GET /api/display/room/69490a065e1a04f70b859cab
[8:02:03 AM] 📝 GET /api/display/room/69490a065e1a04f70b859cab
[8:03:03 AM] 📝 GET /api/display/room/69490a065e1a04f70b859cab
[8:04:03 AM] 📝 GET /api/display/room/69490a065e1a04f70b859cab
[8:05:03 AM] 📝 GET /api/display/room/69490a065e1a04f70b859cab
[8:06:03 AM] 📝 GET /api/display/room/69490a065e1a04f70b859cab
[8:07:03 AM] 📝 GET /api/display/room/69490a065e1a04f70b859cab
[8:08:03 AM] 📝 GET /api/display/room/69490a065e1a04f70b859cab
[8:09:03 AM] 📝 GET /api/display/room/69490a065e1a04f70b859cab
[8:10:03 AM] 📝 GET /api/display/room/69490a065e1a04f70b859cab
[8:11:03 AM] 📝 GET /api/display/room/69490a065e1a04f70b859cab
[8:12:03 AM] 📝 GET /api/display/room/69490a065e1a04f70b859cab
[8:13:03 AM] 📝 GET /api/display/room/69490a065e1a04f70b859cab
[8:14:03 AM] 📝 GET /api/display/room/69490a065e1a04f70b859cab
[8:15:03 AM] 📝 GET /api/display/room/69490a065e1a04f70b859cab
[8:16:03 AM] 📝 GET /api/display/room/69490a065e1a04f70b859cab
[8:17:03 AM] 📝 GET /api/display/room/69490a065e1a04f70b859cab
[8:18:03 AM] 📝 GET /api/display/room/69490a065e1a04f70b859cab
[8:19:03 AM] 📝 GET /api/display/room/69490a065e1a04f70b859cab
[8:20:03 AM] 📝 GET /api/display/room/69490a065e1a04f70b859cab
[8:21:03 AM] 📝 GET /api/display/room/69490a065e1a04f70b859cab
[8:22:03 AM] 📝 GET /api/display/room/69490a065e1a04f70b859cab
[8:23:03 AM] 📝 GET /api/display/room/69490a065e1a04f70b859cab
[8:24:03 AM] 📝 GET /api/display/room/69490a065e1a04f70b859cab
[8:25:03 AM] 📝 GET /api/display/room/69490a065e1a04f70b859cab
[8:26:03 AM] 📝 GET /api/display/room/69490a065e1a04f70b859cab
[8:27:03 AM] 📝 GET /api/display/room/69490a065e1a04f70b859cab
[8:28:03 AM] 📝 GET /api/display/room/69490a065e1a04f70b859cab
[8:29:03 AM] 📝 GET /api/display/room/69490a065e1a04f70b859cab
[8:30:03 AM] 📝 GET /api/display/room/69490a065e1a04f70b859cab
[8:31:03 AM] 📝 GET /api/display/room/69490a065e1a04f70b859cab
[8:32:03 AM] 📝 GET /api/display/room/69490a065e1a04f70b859cab
[8:33:03 AM] 📝 GET /api/display/room/69490a065e1a04f70b859cab
[8:33:17 AM] 📝 GET /api/auth/me
[8:33:17 AM] 📝 GET /api/rooms
[8:33:18 AM] 📝 GET /api/admin/dashboard/statistics
[8:33:19 AM] 📝 GET /api/admin/bookings
[8:33:22 AM] 📝 PUT /api/admin/bookings/6a226fadf9491de83487b39c/status
[8:33:24 AM] 📝 GET /api/admin/bookings
[8:33:26 AM] 📝 GET /api/rooms
[8:34:03 AM] 📝 GET /api/display/room/69490a065e1a04f70b859cab
[8:35:03 AM] 📝 GET /api/display/room/69490a065e1a04f70b859cab
[8:36:03 AM] 📝 GET /api/display/room/69490a065e1a04f70b859cab
[8:37:03 AM] 📝 GET /api/display/room/69490a065e1a04f70b859cab
[8:38:01 AM] 📝 GET /api/bookings/my-bookings
[8:38:03 AM] 📝 GET /api/display/room/69490a065e1a04f70b859cab
[8:38:03 AM] 📝 GET /api/rooms
[8:38:03 AM] 📝 GET /api/departments
[8:38:16 AM] 📝 GET /api/bookings
[8:38:34 AM] 📝 POST /api/bookings
[8:38:35 AM] 📝 GET /api/bookings/my-bookings
[8:38:36 AM] 📝 GET /api/rooms
[8:38:37 AM] 📝 GET /api/bookings/my-bookings
[8:38:54 AM] 📝 GET /api/bookings/6a140097f9491de834878014
[8:38:54 AM] 📝 GET /api/rooms
[8:38:54 AM] 📝 GET /api/departments
[8:38:54 AM] 📝 GET /api/bookings
[8:38:55 AM] 📝 GET /api/rooms
[8:39:03 AM] 📝 GET /api/display/room/69490a065e1a04f70b859cab
[8:40:03 AM] 📝 GET /api/display/room/69490a065e1a04f70b859cab
[8:41:03 AM] 📝 GET /api/display/room/69490a065e1a04f70b859cab
[8:42:03 AM] 📝 GET /api/display/room/69490a065e1a04f70b859cab
[8:43:03 AM] 📝 GET /api/display/room/69490a065e1a04f70b859cab
[8:44:03 AM] 📝 GET /api/display/room/69490a065e1a04f70b859cab
[8:45:03 AM] 📝 GET /api/display/room/69490a065e1a04f70b859cab
[8:46:03 AM] 📝 GET /api/display/room/69490a065e1a04f70b859cab
[8:47:03 AM] 📝 GET /api/display/room/69490a065e1a04f70b859cab
[8:48:03 AM] 📝 GET /api/display/room/69490a065e1a04f70b859cab
[8:49:03 AM] 📝 GET /api/display/room/69490a065e1a04f70b859cab
[8:50:03 AM] 📝 GET /api/display/room/69490a065e1a04f70b859cab
[8:51:03 AM] 📝 GET /api/display/room/69490a065e1a04f70b859cab
[8:52:03 AM] 📝 GET /api/display/room/69490a065e1a04f70b859cab
[8:53:03 AM] 📝 GET /api/display/room/69490a065e1a04f70b859cab
[8:54:03 AM] 📝 GET /api/display/room/69490a065e1a04f70b859cab
[8:55:03 AM] 📝 GET /api/display/room/69490a065e1a04f70b859cab
[8:56:03 AM] 📝 GET /api/display/room/69490a065e1a04f70b859cab
[8:57:03 AM] 📝 GET /api/display/room/69490a065e1a04f70b859cab
[8:58:03 AM] 📝 GET /api/display/room/69490a065e1a04f70b859cab
[8:59:03 AM] 📝 GET /api/display/room/69490a065e1a04f70b859cab
[9:00:03 AM] 📝 GET /api/display/room/69490a065e1a04f70b859cab
[9:01:03 AM] 📝 GET /api/display/room/69490a065e1a04f70b859cab
[9:02:03 AM] 📝 GET /api/display/room/69490a065e1a04f70b859cab
[9:03:03 AM] 📝 GET /api/display/room/69490a065e1a04f70b859cab
[9:04:03 AM] 📝 GET /api/display/room/69490a065e1a04f70b859cab
[9:05:03 AM] 📝 GET /api/display/room/69490a065e1a04f70b859cab
[9:06:03 AM] 📝 GET /api/display/room/69490a065e1a04f70b859cab
[9:07:04 AM] 📝 GET /api/display/room/69490a065e1a04f70b859cab
[9:08:03 AM] 📝 GET /api/display/room/69490a065e1a04f70b859cab
[9:09:03 AM] 📝 GET /api/display/room/69490a065e1a04f70b859cab
[9:10:03 AM] 📝 GET /api/display/room/69490a065e1a04f70b859cab
[9:11:03 AM] 📝 GET /api/display/room/69490a065e1a04f70b859cab
[9:12:03 AM] 📝 GET /api/display/room/69490a065e1a04f70b859cab
[9:13:03 AM] 📝 GET /api/display/room/69490a065e1a04f70b859cab
[9:14:03 AM] 📝 GET /api/display/room/69490a065e1a04f70b859cab
[9:15:03 AM] 📝 GET /api/display/room/69490a065e1a04f70b859cab
[9:16:03 AM] 📝 GET /api/display/room/69490a065e1a04f70b859cab
[9:17:03 AM] 📝 GET /api/display/room/69490a065e1a04f70b859cab
[9:17:16 AM] 📝 GET /api/rooms
[9:17:23 AM] 📝 GET /api/rooms
[9:17:45 AM] 📝 GET /api/rooms
[9:17:58 AM] 📝 GET /api/rooms
[9:18:03 AM] 📝 GET /api/display/room/69490a065e1a04f70b859cab
[9:19:03 AM] 📝 GET /api/display/room/69490a065e1a04f70b859cab
[9:20:03 AM] 📝 GET /api/display/room/69490a065e1a04f70b859cab
[9:21:03 AM] 📝 GET /api/display/room/69490a065e1a04f70b859cab
[9:22:03 AM] 📝 GET /api/display/room/69490a065e1a04f70b859cab
[9:23:03 AM] 📝 GET /api/display/room/69490a065e1a04f70b859cab
[9:24:03 AM] 📝 GET /api/display/room/69490a065e1a04f70b859cab
[9:25:03 AM] 📝 GET /api/display/room/69490a065e1a04f70b859cab
[9:26:03 AM] 📝 GET /api/display/room/69490a065e1a04f70b859cab
[9:27:03 AM] 📝 GET /api/display/room/69490a065e1a04f70b859cab
[9:28:03 AM] 📝 GET /api/display/room/69490a065e1a04f70b859cab
[9:29:03 AM] 📝 GET /api/display/room/69490a065e1a04f70b859cab
[9:30:03 AM] 📝 GET /api/display/room/69490a065e1a04f70b859cab
[1:35:14 PM] 📝 GET /api/rooms
[1:36:14 PM] 📝 GET /api/bookings
[1:36:28 PM] 📝 POST /api/auth/exchange-code
━━━━━━━━━━━━━━━━━━━━━━━━━━━━━━━━━━
🔐 UMS Exchange Code Request
   📥 Method: POST
   📥 IP: 2403:6200:8840:c1f2:48b:da30:b3a8:7344
   📥 Origin: https://nssv.nsm.go.th
   📥 Referer: https://nssv.nsm.go.th/napp/auth/callback?code=3a368db0f88c232ae3b8c759b3d09c97feb38066ca60b4b0d8502add602d664b
   📥 User-Agent: Mozilla/5.0 (Windows NT 10.0; Win64; x64) AppleWebKit/537.36 (KHTML, like Gecko) Chrome/148.0.0.0 Safari/537.36
   📥 Content-Type: application/json
   📥 Body Keys: [ 'code', 'projectCode' ]
   📥 code: 3a368db0f88c232ae3b8c759b3d09c97feb38066ca60b4b0d8502add602d664b
   📥 projectCode: MEETBOOKING
   🔄 Calling: POST https://nssv.nsm.go.th/ums/api/auth/exchange-code
   📤 UMS Status: 200
   📤 UMS Response: {
  "status": "success",
  "token": "eyJhbGciOiJIUzI1NiIsInR5cCI6IkpXVCJ9.eyJpZCI6IjZhMWMyMGU0NDA0YWExMWYwZWJmZmQ3NCIsInJvbGUiOiJtZW1iZXIiLCJ1c2VybmFtZSI6IuC4meC4suC4ouC5gOC4geC4teC4ouC4o-C4leC4tOC4qOC4seC4geC4lOC4tOC5jCAg4Liq4Li44LiC4Liq4Li04LiH4Lir4LmMIiwiaWF0IjoxNzgwNjY2NTkwLCJleHAiOjE3ODA3NTI5OTB9.J_POb4aBqsyxNaOT9eIrxUQEqBXZP5ejQk_eLJb6Few",
  "user": {
    "id": "6a1c20e4404aa11f0ebffd74",
    "username": "นายเกียรติศักดิ์  สุขสิงห์",
    "email": "gunvtition@gmail.com",
    "firstName": "เกียรติศักดิ์",
    "lastName": "สุขสิงห์",
    "role": "member",
    "phone": "08 2769 1436"
  }
}
   🎯 Role: member → user
   ✅ Login success: เกียรติศักดิ์ สุขสิงห์ (user)
━━━━━━━━━━━━━━━━━━━━━━━━━━━━━━━━━━
[1:36:30 PM] 📝 GET /api/rooms
[1:36:36 PM] 📝 GET /api/bookings
[8:40:33 AM] 📝 GET /api/auth/me
[8:40:39 AM] 📝 POST /api/auth/exchange-code
━━━━━━━━━━━━━━━━━━━━━━━━━━━━━━━━━━
🔐 UMS Exchange Code Request
   📥 Method: POST
   📥 IP: 1.46.27.209
   📥 Origin: https://nssv.nsm.go.th
   📥 Referer: https://nssv.nsm.go.th/napp/auth/callback?code=7cfd25409be85e0cca8502a0b76aacb5a0df9f4779ee631370f39ae9972e7f94
   📥 User-Agent: Mozilla/5.0 (Linux; Android 10; K) AppleWebKit/537.36 (KHTML, like Gecko) Chrome/148.0.0.0 Mobile Safari/537.36
   📥 Content-Type: application/json
   📥 Body Keys: [ 'code', 'projectCode' ]
   📥 code: 7cfd25409be85e0cca8502a0b76aacb5a0df9f4779ee631370f39ae9972e7f94
   📥 projectCode: MEETBOOKING
   🔄 Calling: POST https://nssv.nsm.go.th/ums/api/auth/exchange-code
   📤 UMS Status: 200
   📤 UMS Response: {
  "status": "success",
  "token": "eyJhbGciOiJIUzI1NiIsInR5cCI6IkpXVCJ9.eyJpZCI6IjY5OGMzMTMxZGNiYzM1ZDM0NmQ3NGY1NyIsInJvbGUiOiJhZG1pbiIsInVzZXJuYW1lIjoidGF5ZmFyMDEyIiwiaWF0IjoxNzgwODIxNjQwLCJleHAiOjE3ODA5MDgwNDB9.FRvOdtXJJrGF9PuZV2BWDnEMczWOt3SHhrnuhqiNgg4",
  "user": {
    "id": "698c3131dcbc35d346d74f57",
    "username": "tayfar012",
    "email": "tarata.khameam@gmail.com",
    "firstName": "ธราธาร์",
    "lastName": "คำเอี่ยม",
    "role": "admin",
    "phone": "0897034254"
  }
}
   🎯 Role: admin → admin
   ✅ Login success: ธราธาร์ คำเอี่ยม (admin)
━━━━━━━━━━━━━━━━━━━━━━━━━━━━━━━━━━
[8:40:41 AM] 📝 GET /api/rooms
[8:40:48 AM] 📝 GET /api/admin/dashboard/statistics
[8:40:50 AM] 📝 GET /api/admin/bookings
[8:40:55 AM] 📝 GET /api/rooms
[8:41:06 AM] 📝 GET /api/bookings/my-bookings
[8:41:09 AM] 📝 GET /api/bookings
[8:41:30 AM] 📝 GET /api/admin/dashboard/statistics
[8:41:33 AM] 📝 GET /api/admin/bookings
[8:42:37 AM] 📝 GET /api/bookings
[8:42:55 AM] 📝 GET /api/rooms
[8:42:57 AM] 📝 GET /api/bookings
[8:45:03 AM] 📝 GET /api/bookings
[12:06:06 AM] 📝 GET /api/auth/me
[12:06:09 AM] 📝 POST /api/auth/login
[12:06:10 AM] 📝 GET /api/rooms
[12:06:20 AM] 📝 GET /api/rooms/696f36019adeec8a6063cb8c
[12:06:20 AM] 📝 GET /api/bookings
[12:07:04 AM] 📝 GET /api/rooms
[12:07:14 AM] 📝 GET /api/bookings
[12:07:53 AM] 📝 GET /api/rooms
[12:07:57 AM] 📝 GET /api/rooms
[1:20:52 AM] 📝 GET /api/display/room/696f36019adeec8a6063cb8c
[1:20:53 AM] 📝 GET /api/display/uploads/696f36019adeec8a6063cb8c_1778837162683.png
[1:21:53 AM] 📝 GET /api/display/room/696f36019adeec8a6063cb8c
[1:22:52 AM] 📝 GET /api/display/room/696f36019adeec8a6063cb8c
[1:23:52 AM] 📝 GET /api/display/room/696f36019adeec8a6063cb8c
[1:24:52 AM] 📝 GET /api/display/room/696f36019adeec8a6063cb8c
[1:25:52 AM] 📝 GET /api/display/room/696f36019adeec8a6063cb8c
[1:26:52 AM] 📝 GET /api/display/room/696f36019adeec8a6063cb8c
[1:27:52 AM] 📝 GET /api/display/room/696f36019adeec8a6063cb8c
[1:28:52 AM] 📝 GET /api/display/room/696f36019adeec8a6063cb8c
[1:29:52 AM] 📝 GET /api/display/room/696f36019adeec8a6063cb8c
[1:30:53 AM] 📝 GET /api/display/room/696f36019adeec8a6063cb8c
[1:31:44 AM] 📝 GET /api/bookings
[1:31:52 AM] 📝 GET /api/display/room/696f36019adeec8a6063cb8c
[1:31:53 AM] 📝 POST /api/auth/login
[1:31:53 AM] 📝 GET /api/rooms
[1:32:16 AM] 📝 GET /api/rooms/696f36019adeec8a6063cb8c
[1:32:16 AM] 📝 GET /api/bookings
[1:32:52 AM] 📝 GET /api/display/room/696f36019adeec8a6063cb8c
[1:33:53 AM] 📝 GET /api/display/room/696f36019adeec8a6063cb8c
[1:34:52 AM] 📝 GET /api/display/room/696f36019adeec8a6063cb8c
[1:45:52 AM] 📝 GET /api/display/room/696f36019adeec8a6063cb8c
[1:46:52 AM] 📝 GET /api/display/room/696f36019adeec8a6063cb8c
[1:47:52 AM] 📝 GET /api/display/room/696f36019adeec8a6063cb8c
[1:48:52 AM] 📝 GET /api/display/room/696f36019adeec8a6063cb8c
[1:49:52 AM] 📝 GET /api/display/room/696f36019adeec8a6063cb8c
[1:50:52 AM] 📝 GET /api/display/room/696f36019adeec8a6063cb8c
[1:51:52 AM] 📝 GET /api/display/room/696f36019adeec8a6063cb8c
[1:52:52 AM] 📝 GET /api/display/room/696f36019adeec8a6063cb8c
[1:53:52 AM] 📝 GET /api/display/room/696f36019adeec8a6063cb8c
[1:54:52 AM] 📝 GET /api/display/room/696f36019adeec8a6063cb8c
[1:55:52 AM] 📝 GET /api/display/room/696f36019adeec8a6063cb8c
[1:56:52 AM] 📝 GET /api/display/room/696f36019adeec8a6063cb8c
[1:57:52 AM] 📝 GET /api/display/room/696f36019adeec8a6063cb8c
[1:58:52 AM] 📝 GET /api/display/room/696f36019adeec8a6063cb8c
[1:59:52 AM] 📝 GET /api/display/room/696f36019adeec8a6063cb8c
[2:10:49 AM] 📝 GET /api/display/room/696f36019adeec8a6063cb8c
[2:11:49 AM] 📝 GET /api/display/room/696f36019adeec8a6063cb8c
[2:12:49 AM] 📝 GET /api/display/room/696f36019adeec8a6063cb8c
[2:13:39 AM] 📝 GET /api/auth/me
[2:13:39 AM] 📝 GET /api/rooms
[2:13:47 AM] 📝 GET /api/rooms/696f36019adeec8a6063cb8c
[2:13:47 AM] 📝 GET /api/bookings
[2:13:49 AM] 📝 GET /api/display/room/696f36019adeec8a6063cb8c
[2:13:52 AM] 📝 GET /api/rooms
[2:13:52 AM] 📝 GET /api/rooms
[2:14:49 AM] 📝 GET /api/display/room/696f36019adeec8a6063cb8c
[2:15:49 AM] 📝 GET /api/display/room/696f36019adeec8a6063cb8c
[2:16:49 AM] 📝 GET /api/display/room/696f36019adeec8a6063cb8c
[2:17:49 AM] 📝 GET /api/display/room/696f36019adeec8a6063cb8c
[2:18:49 AM] 📝 GET /api/display/room/696f36019adeec8a6063cb8c
[2:19:49 AM] 📝 GET /api/display/room/696f36019adeec8a6063cb8c
[2:20:49 AM] 📝 GET /api/display/room/696f36019adeec8a6063cb8c
[2:21:01 AM] 📝 GET /api/auth/me
[2:21:01 AM] 📝 GET /api/rooms
[2:21:08 AM] 📝 GET /api/rooms/696f36019adeec8a6063cb8c
[2:21:08 AM] 📝 GET /api/bookings
[2:21:49 AM] 📝 GET /api/display/room/696f36019adeec8a6063cb8c
[2:22:19 AM] 📝 GET /api/rooms
[2:22:19 AM] 📝 GET /api/rooms
[2:22:49 AM] 📝 GET /api/display/room/696f36019adeec8a6063cb8c
[2:23:49 AM] 📝 GET /api/display/room/696f36019adeec8a6063cb8c
[2:24:49 AM] 📝 GET /api/display/room/696f36019adeec8a6063cb8c
[2:26:15 AM] 📝 GET /api/rooms
[2:26:23 AM] 📝 GET /api/bookings/my-bookings
[2:26:35 AM] 📝 POST /api/auth/exchange-code
━━━━━━━━━━━━━━━━━━━━━━━━━━━━━━━━━━
🔐 UMS Exchange Code Request
   📥 Method: POST
   📥 IP: 110.77.200.163
   📥 Origin: https://nssv.nsm.go.th
   📥 Referer: https://nssv.nsm.go.th/napp/auth/callback?code=3fc2afcaa9e252d33c6d1f17e6e361a0d8c954b030e8ad90d96e2542a75e5116
   📥 User-Agent: Mozilla/5.0 (Windows NT 10.0; Win64; x64) AppleWebKit/537.36 (KHTML, like Gecko) Chrome/148.0.0.0 Safari/537.36 Edg/148.0.0.0
   📥 Content-Type: application/json
   📥 Body Keys: [ 'code', 'projectCode' ]
   📥 code: 3fc2afcaa9e252d33c6d1f17e6e361a0d8c954b030e8ad90d96e2542a75e5116
   📥 projectCode: MEETBOOKING
   🔄 Calling: POST https://nssv.nsm.go.th/ums/api/auth/exchange-code
   📤 UMS Status: 200
   📤 UMS Response: {
  "status": "success",
  "token": "eyJhbGciOiJIUzI1NiIsInR5cCI6IkpXVCJ9.eyJpZCI6IjZhMjBmMWQ2NDA0YWExMWYwZWJmZmYwZiIsInJvbGUiOiJtZW1iZXIiLCJ1c2VybmFtZSI6InBva3BhayIsImlhdCI6MTc4MDg4NTU5NSwiZXhwIjoxNzgwOTcxOTk1fQ.TLiO8hF5XJeUBB85FqRmX514mIiSej7pYnn5W_MqAV4",
  "user": {
    "id": "6a20f1d6404aa11f0ebfff0f",
    "username": "pokpak",
    "email": "propokpak@gmail.com",
    "firstName": "ปัณณพร",
    "lastName": "พวงสมบัติ",
    "role": "member",
    "phone": "0945263444"
  }
}
   🎯 Role: member → user
   ✅ Login success: ปัณณพร พวงสมบัติ (user)
━━━━━━━━━━━━━━━━━━━━━━━━━━━━━━━━━━
[2:26:35 AM] 📝 GET /api/rooms
[2:26:38 AM] 📝 GET /api/bookings/my-bookings
[2:27:01 AM] 📝 GET /api/rooms
[2:27:06 AM] 📝 GET /api/bookings
[2:34:45 AM] 📝 GET /api/auth/me
[2:34:52 AM] 📝 GET /api/departments
[2:35:47 AM] 📝 GET /api/display/room/696f36019adeec8a6063cb8c
[2:36:47 AM] 📝 GET /api/display/room/696f36019adeec8a6063cb8c
[2:37:47 AM] 📝 GET /api/display/room/696f36019adeec8a6063cb8c
[2:38:47 AM] 📝 GET /api/display/room/696f36019adeec8a6063cb8c
[2:39:47 AM] 📝 GET /api/display/room/696f36019adeec8a6063cb8c
[2:40:47 AM] 📝 GET /api/display/room/696f36019adeec8a6063cb8c
[2:41:47 AM] 📝 GET /api/display/room/696f36019adeec8a6063cb8c
[2:42:47 AM] 📝 GET /api/display/room/696f36019adeec8a6063cb8c
[2:43:19 AM] 📝 GET /api/departments
[2:43:47 AM] 📝 GET /api/display/room/696f36019adeec8a6063cb8c
[2:44:47 AM] 📝 GET /api/display/room/696f36019adeec8a6063cb8c
[2:45:47 AM] 📝 GET /api/display/room/696f36019adeec8a6063cb8c
[2:46:47 AM] 📝 GET /api/display/room/696f36019adeec8a6063cb8c
[2:47:47 AM] 📝 GET /api/display/room/696f36019adeec8a6063cb8c
[2:48:47 AM] 📝 GET /api/display/room/696f36019adeec8a6063cb8c
[2:49:11 AM] 📝 POST /api/auth/register
[2:49:22 AM] 📝 POST /api/auth/register
[2:49:47 AM] 📝 GET /api/display/room/696f36019adeec8a6063cb8c
[2:50:00 AM] 📝 POST /api/auth/register
[2:50:14 AM] 📝 POST /api/auth/login
[2:50:14 AM] 📝 GET /api/rooms
[2:50:32 AM] 📝 GET /api/rooms/69490a065e1a04f70b859cab
[2:50:32 AM] 📝 GET /api/bookings
[2:50:41 AM] 📝 GET /api/bookings
[2:50:41 AM] 📝 GET /api/bookings
[2:50:45 AM] 📝 GET /api/rooms
[2:50:48 AM] 📝 GET /api/rooms/69490a065e1a04f70b859caa
[2:50:48 AM] 📝 GET /api/bookings
[2:50:54 AM] 📝 GET /api/bookings
[2:50:56 AM] 📝 GET /api/bookings
[2:50:59 AM] 📝 GET /api/rooms
[2:51:01 AM] 📝 GET /api/rooms/69490a065e1a04f70b859ca9
[2:51:01 AM] 📝 GET /api/bookings
[2:51:04 AM] 📝 GET /api/bookings
[2:51:06 AM] 📝 GET /api/bookings
[2:51:07 AM] 📝 GET /api/bookings
[2:51:08 AM] 📝 GET /api/bookings
[2:51:09 AM] 📝 GET /api/bookings
[2:51:11 AM] 📝 GET /api/bookings
[2:51:14 AM] 📝 GET /api/bookings
[2:51:17 AM] 📝 GET /api/bookings
[2:51:20 AM] 📝 GET /api/rooms
[2:59:12 AM] 📝 POST /api/auth/exchange-code
━━━━━━━━━━━━━━━━━━━━━━━━━━━━━━━━━━
🔐 UMS Exchange Code Request
   📥 Method: POST
   📥 IP: 49.229.100.42
   📥 Origin: https://nssv.nsm.go.th
   📥 Referer: https://nssv.nsm.go.th/napp/auth/callback?code=19d1386ab7e072cc169db238341670f3dece3a1245921390088c755047708cfa
   📥 User-Agent: Mozilla/5.0 (Windows NT 10.0; Win64; x64) AppleWebKit/537.36 (KHTML, like Gecko) Chrome/148.0.0.0 Safari/537.36
   📥 Content-Type: application/json
   📥 Body Keys: [ 'code', 'projectCode' ]
   📥 code: 19d1386ab7e072cc169db238341670f3dece3a1245921390088c755047708cfa
   📥 projectCode: MEETBOOKING
   🔄 Calling: POST https://nssv.nsm.go.th/ums/api/auth/exchange-code
   📤 UMS Status: 200
   📤 UMS Response: {
  "status": "success",
  "token": "eyJhbGciOiJIUzI1NiIsInR5cCI6IkpXVCJ9.eyJpZCI6IjY5OGMzMTMxZGNiYzM1ZDM0NmQ3NGY1NyIsInJvbGUiOiJhZG1pbiIsInVzZXJuYW1lIjoidGF5ZmFyMDEyIiwiaWF0IjoxNzgwODg3NTUyLCJleHAiOjE3ODA5NzM5NTJ9.XcmF41Qv2HKf9OndV62AUCGATMLJnRGZUXZfeABWpig",
  "user": {
    "id": "698c3131dcbc35d346d74f57",
    "username": "tayfar012",
    "email": "tarata.khameam@gmail.com",
    "firstName": "ธราธาร์",
    "lastName": "คำเอี่ยม",
    "role": "admin",
    "phone": "0897034254"
  }
}
   🎯 Role: admin → admin
   ✅ Login success: ธราธาร์ คำเอี่ยม (admin)
━━━━━━━━━━━━━━━━━━━━━━━━━━━━━━━━━━
[2:59:14 AM] 📝 GET /api/rooms
[2:59:16 AM] 📝 GET /api/bookings/my-bookings
[3:00:38 AM] 📝 POST /api/auth/exchange-code
━━━━━━━━━━━━━━━━━━━━━━━━━━━━━━━━━━
🔐 UMS Exchange Code Request
   📥 Method: POST
   📥 IP: 110.77.200.163
   📥 Origin: https://nssv.nsm.go.th
   📥 Referer: https://nssv.nsm.go.th/napp/auth/callback?code=2d455ec307cbb8d197fbc0e6732f272a280ebc3c8cdecd75ecb935167002c8a3
   📥 User-Agent: Mozilla/5.0 (Windows NT 10.0; Win64; x64) AppleWebKit/537.36 (KHTML, like Gecko) Chrome/148.0.0.0 Safari/537.36
   📥 Content-Type: application/json
   📥 Body Keys: [ 'code', 'projectCode' ]
   📥 code: 2d455ec307cbb8d197fbc0e6732f272a280ebc3c8cdecd75ecb935167002c8a3
   📥 projectCode: MEETBOOKING
   🔄 Calling: POST https://nssv.nsm.go.th/ums/api/auth/exchange-code
   📤 UMS Status: 200
   📤 UMS Response: {
  "status": "success",
  "token": "eyJhbGciOiJIUzI1NiIsInR5cCI6IkpXVCJ9.eyJpZCI6IjZhMjYyZjA1NDA0YWExMWYwZWMwMDA5YiIsInJvbGUiOiJtZW1iZXIiLCJ1c2VybmFtZSI6ImNha2Vfd2FyYXBvcm4iLCJpYXQiOjE3ODA4ODc2MzgsImV4cCI6MTc4MDk3NDAzOH0.vAbBUqja9FqzzwPllwLdXluCoVL3rprmdEKGxbOKvJk",
  "user": {
    "id": "6a262f05404aa11f0ec0009b",
    "username": "cake_waraporn",
    "email": "cokecake1993@gmail.com",
    "firstName": "วราภรณ์",
    "lastName": "แก้วสอาด",
    "role": "member",
    "phone": "0898687713"
  }
}
   🎯 Role: member → user
   ✅ Login success: วราภรณ์ แก้วสอาด (user)
━━━━━━━━━━━━━━━━━━━━━━━━━━━━━━━━━━
[3:00:39 AM] 📝 GET /api/rooms
[3:00:44 AM] 📝 GET /api/display/room/696f36019adeec8a6063cb8c
[3:01:01 AM] 📝 GET /api/rooms/696f36019adeec8a6063cb8c
[3:01:01 AM] 📝 GET /api/bookings
[3:01:04 AM] 📝 GET /api/bookings
[3:01:30 AM] 📝 GET /api/bookings
[3:01:34 AM] 📝 GET /api/bookings
[3:01:35 AM] 📝 GET /api/bookings/my-bookings
[3:01:36 AM] 📝 GET /api/departments
[3:01:36 AM] 📝 GET /api/rooms
[3:01:44 AM] 📝 GET /api/display/room/696f36019adeec8a6063cb8c
[3:02:45 AM] 📝 GET /api/display/room/696f36019adeec8a6063cb8c
[3:03:44 AM] 📝 GET /api/bookings
[3:03:44 AM] 📝 GET /api/display/room/696f36019adeec8a6063cb8c
[3:03:48 AM] 📝 POST /api/bookings
[3:03:50 AM] 📝 GET /api/bookings/my-bookings
[3:04:08 AM] 📝 GET /api/bookings/6a263114f9491de83487b8e6
[3:04:08 AM] 📝 GET /api/rooms
[3:04:08 AM] 📝 GET /api/departments
[3:04:08 AM] 📝 GET /api/bookings
[3:04:45 AM] 📝 GET /api/display/room/696f36019adeec8a6063cb8c
[3:05:44 AM] 📝 GET /api/display/room/696f36019adeec8a6063cb8c
[3:06:45 AM] 📝 GET /api/display/room/696f36019adeec8a6063cb8c
[3:07:44 AM] 📝 GET /api/display/room/696f36019adeec8a6063cb8c
[3:08:45 AM] 📝 GET /api/display/room/696f36019adeec8a6063cb8c
[3:09:45 AM] 📝 GET /api/display/room/696f36019adeec8a6063cb8c
[3:10:45 AM] 📝 GET /api/display/room/696f36019adeec8a6063cb8c
[3:11:45 AM] 📝 GET /api/display/room/696f36019adeec8a6063cb8c
[3:12:45 AM] 📝 GET /api/display/room/696f36019adeec8a6063cb8c
[3:13:44 AM] 📝 GET /api/display/room/696f36019adeec8a6063cb8c
[3:14:44 AM] 📝 GET /api/display/room/696f36019adeec8a6063cb8c
[3:25:42 AM] 📝 GET /api/display/room/696f36019adeec8a6063cb8c
[3:26:43 AM] 📝 GET /api/display/room/696f36019adeec8a6063cb8c
[3:27:42 AM] 📝 GET /api/display/room/696f36019adeec8a6063cb8c
[3:28:32 AM] 📝 POST /api/auth/login
[3:28:32 AM] 📝 GET /api/rooms
[3:28:34 AM] 📝 GET /api/bookings
[3:28:42 AM] 📝 GET /api/display/room/696f36019adeec8a6063cb8c
[3:29:25 AM] 📝 GET /api/bookings/my-bookings
[3:29:27 AM] 📝 GET /api/admin/dashboard/statistics
[3:29:43 AM] 📝 GET /api/display/room/696f36019adeec8a6063cb8c
[3:29:52 AM] 📝 GET /api/admin/users
[3:30:43 AM] 📝 GET /api/display/room/696f36019adeec8a6063cb8c
[3:31:42 AM] 📝 GET /api/display/room/696f36019adeec8a6063cb8c
[3:32:42 AM] 📝 GET /api/display/room/696f36019adeec8a6063cb8c
[3:33:43 AM] 📝 GET /api/display/room/696f36019adeec8a6063cb8c
[3:34:43 AM] 📝 GET /api/display/room/696f36019adeec8a6063cb8c
[3:35:43 AM] 📝 GET /api/display/room/696f36019adeec8a6063cb8c
[3:36:43 AM] 📝 GET /api/display/room/696f36019adeec8a6063cb8c
[3:37:42 AM] 📝 GET /api/display/room/696f36019adeec8a6063cb8c
[3:38:43 AM] 📝 GET /api/display/room/696f36019adeec8a6063cb8c
[3:39:43 AM] 📝 GET /api/display/room/696f36019adeec8a6063cb8c
[3:50:41 AM] 📝 GET /api/display/room/696f36019adeec8a6063cb8c
[3:51:41 AM] 📝 GET /api/display/room/696f36019adeec8a6063cb8c
[3:52:41 AM] 📝 GET /api/display/room/696f36019adeec8a6063cb8c
[3:53:41 AM] 📝 GET /api/display/room/696f36019adeec8a6063cb8c
[3:53:43 AM] 📝 GET /api/auth/me
[3:53:43 AM] 📝 GET /api/rooms
[3:53:49 AM] 📝 GET /api/rooms/696f36019adeec8a6063cb8c
[3:53:49 AM] 📝 GET /api/bookings
[3:53:52 AM] 📝 GET /api/rooms
[3:54:25 AM] 📝 GET /api/rooms
[3:54:38 AM] 📝 GET /api/rooms/696f36019adeec8a6063cb8c
[3:54:38 AM] 📝 GET /api/bookings
[3:54:40 AM] 📝 GET /api/display/room/696f36019adeec8a6063cb8c
[3:54:48 AM] 📝 GET /api/rooms
[3:54:52 AM] 📝 GET /api/rooms/696f36019adeec8a6063cb8c
[3:54:52 AM] 📝 GET /api/bookings
[3:54:59 AM] 📝 GET /api/rooms/69490a065e1a04f70b859cab
[3:54:59 AM] 📝 GET /api/bookings
[3:55:06 AM] 📝 POST /api/auth/exchange-code
━━━━━━━━━━━━━━━━━━━━━━━━━━━━━━━━━━
🔐 UMS Exchange Code Request
   📥 Method: POST
   📥 IP: 110.77.200.163
   📥 Origin: https://nssv.nsm.go.th
   📥 Referer: https://nssv.nsm.go.th/napp/auth/callback?code=cd6ff4cc2f6142994abf87baaed4104dd2b7f5f52281207d3b9b48f398bb81f5
   📥 User-Agent: Mozilla/5.0 (Windows NT 10.0; Win64; x64) AppleWebKit/537.36 (KHTML, like Gecko) Chrome/148.0.0.0 Safari/537.36
   📥 Content-Type: application/json
   📥 Body Keys: [ 'code', 'projectCode' ]
   📥 code: cd6ff4cc2f6142994abf87baaed4104dd2b7f5f52281207d3b9b48f398bb81f5
   📥 projectCode: MEETBOOKING
   🔄 Calling: POST https://nssv.nsm.go.th/ums/api/auth/exchange-code
   📤 UMS Status: 200
   📤 UMS Response: {
  "status": "success",
  "token": "eyJhbGciOiJIUzI1NiIsInR5cCI6IkpXVCJ9.eyJpZCI6IjZhMWMyMGU0NDA0YWExMWYwZWJmZmQ3NCIsInJvbGUiOiJtZW1iZXIiLCJ1c2VybmFtZSI6IuC4meC4suC4ouC5gOC4geC4teC4ouC4o-C4leC4tOC4qOC4seC4geC4lOC4tOC5jCAg4Liq4Li44LiC4Liq4Li04LiH4Lir4LmMIiwiaWF0IjoxNzgwODkwOTA2LCJleHAiOjE3ODA5NzczMDZ9.I9TXq8X74kKI0ltsWMN2lrOoEA_dUH_x7K6D3W4Vdnc",
  "user": {
    "id": "6a1c20e4404aa11f0ebffd74",
    "username": "นายเกียรติศักดิ์  สุขสิงห์",
    "email": "gunvtition@gmail.com",
    "firstName": "เกียรติศักดิ์",
    "lastName": "สุขสิงห์",
    "role": "member",
    "phone": "08 2769 1436"
  }
}
   🎯 Role: member → user
   ✅ Login success: เกียรติศักดิ์ สุขสิงห์ (user)
━━━━━━━━━━━━━━━━━━━━━━━━━━━━━━━━━━
[3:55:08 AM] 📝 GET /api/rooms
[3:55:11 AM] 📝 GET /api/rooms/69490a065e1a04f70b859cab
[3:55:11 AM] 📝 GET /api/bookings
[3:55:14 AM] 📝 GET /api/bookings
[3:55:24 AM] 📝 GET /api/rooms
[3:55:24 AM] 📝 GET /api/rooms
[3:55:41 AM] 📝 GET /api/display/room/696f36019adeec8a6063cb8c
[3:56:21 AM] 📝 GET /api/rooms
[3:56:26 AM] 📝 GET /api/bookings/my-bookings
[3:56:31 AM] 📝 GET /api/rooms
[3:56:31 AM] 📝 GET /api/departments
[3:56:40 AM] 📝 GET /api/display/room/696f36019adeec8a6063cb8c
[3:57:38 AM] 📝 GET /api/bookings
[3:57:40 AM] 📝 GET /api/display/room/696f36019adeec8a6063cb8c
[3:57:56 AM] 📝 GET /api/bookings
[3:58:38 AM] 📝 POST /api/bookings
[3:58:40 AM] 📝 GET /api/bookings/my-bookings
[3:58:41 AM] 📝 GET /api/display/room/696f36019adeec8a6063cb8c
[3:59:41 AM] 📝 GET /api/display/room/696f36019adeec8a6063cb8c
[4:00:40 AM] 📝 GET /api/display/room/696f36019adeec8a6063cb8c
[4:01:41 AM] 📝 GET /api/display/room/696f36019adeec8a6063cb8c
[4:02:41 AM] 📝 GET /api/display/room/696f36019adeec8a6063cb8c
[4:03:41 AM] 📝 GET /api/display/room/696f36019adeec8a6063cb8c
[4:04:41 AM] 📝 GET /api/display/room/696f36019adeec8a6063cb8c
[4:13:26 AM] 📝 GET /api/auth/me
[4:13:26 AM] 📝 GET /api/rooms
[4:13:34 AM] 📝 GET /api/rooms/69490a065e1a04f70b859ca9
[4:13:34 AM] 📝 GET /api/bookings
[4:13:49 AM] 📝 GET /api/rooms
[4:13:52 AM] 📝 GET /api/rooms/69490a065e1a04f70b859ca9
[4:13:53 AM] 📝 GET /api/bookings
[4:14:15 AM] 📝 GET /api/rooms
[4:14:18 AM] 📝 GET /api/rooms
[4:15:39 AM] 📝 GET /api/display/room/696f36019adeec8a6063cb8c
[4:16:39 AM] 📝 GET /api/display/room/696f36019adeec8a6063cb8c
[4:17:39 AM] 📝 GET /api/display/room/696f36019adeec8a6063cb8c
[4:18:39 AM] 📝 GET /api/display/room/696f36019adeec8a6063cb8c
[4:19:39 AM] 📝 GET /api/display/room/696f36019adeec8a6063cb8c
[4:20:39 AM] 📝 GET /api/display/room/696f36019adeec8a6063cb8c
[4:21:39 AM] 📝 GET /api/display/room/696f36019adeec8a6063cb8c
[4:22:39 AM] 📝 GET /api/display/room/696f36019adeec8a6063cb8c
[4:23:39 AM] 📝 GET /api/display/room/696f36019adeec8a6063cb8c
[4:24:39 AM] 📝 GET /api/display/room/696f36019adeec8a6063cb8c
[4:25:39 AM] 📝 GET /api/display/room/696f36019adeec8a6063cb8c
[4:26:39 AM] 📝 GET /api/display/room/696f36019adeec8a6063cb8c
[4:27:39 AM] 📝 GET /api/display/room/696f36019adeec8a6063cb8c
[4:28:39 AM] 📝 GET /api/display/room/696f36019adeec8a6063cb8c
[4:29:39 AM] 📝 GET /api/display/room/696f36019adeec8a6063cb8c
[4:40:36 AM] 📝 GET /api/display/room/696f36019adeec8a6063cb8c
[4:41:36 AM] 📝 GET /api/display/room/696f36019adeec8a6063cb8c
[4:42:36 AM] 📝 GET /api/display/room/696f36019adeec8a6063cb8c
[4:43:36 AM] 📝 GET /api/display/room/696f36019adeec8a6063cb8c
[4:44:36 AM] 📝 GET /api/display/room/696f36019adeec8a6063cb8c
[4:45:36 AM] 📝 GET /api/display/room/696f36019adeec8a6063cb8c
[4:46:36 AM] 📝 GET /api/display/room/696f36019adeec8a6063cb8c
[4:47:36 AM] 📝 GET /api/display/room/696f36019adeec8a6063cb8c
[4:48:36 AM] 📝 GET /api/display/room/696f36019adeec8a6063cb8c
[4:49:36 AM] 📝 GET /api/display/room/696f36019adeec8a6063cb8c
[4:50:36 AM] 📝 GET /api/display/room/696f36019adeec8a6063cb8c
[4:51:37 AM] 📝 GET /api/display/room/696f36019adeec8a6063cb8c
[4:52:37 AM] 📝 GET /api/display/room/696f36019adeec8a6063cb8c
[4:53:36 AM] 📝 GET /api/display/room/696f36019adeec8a6063cb8c
[4:54:36 AM] 📝 GET /api/display/room/696f36019adeec8a6063cb8c
[5:05:34 AM] 📝 GET /api/display/room/696f36019adeec8a6063cb8c
[5:06:34 AM] 📝 GET /api/display/room/696f36019adeec8a6063cb8c
[5:07:34 AM] 📝 GET /api/display/room/696f36019adeec8a6063cb8c
[5:08:34 AM] 📝 GET /api/display/room/696f36019adeec8a6063cb8c
[5:09:34 AM] 📝 GET /api/display/room/696f36019adeec8a6063cb8c
[5:10:34 AM] 📝 GET /api/display/room/696f36019adeec8a6063cb8c
[5:11:34 AM] 📝 GET /api/display/room/696f36019adeec8a6063cb8c
[5:12:34 AM] 📝 GET /api/display/room/696f36019adeec8a6063cb8c
[5:13:34 AM] 📝 GET /api/display/room/696f36019adeec8a6063cb8c
[5:14:34 AM] 📝 GET /api/display/room/696f36019adeec8a6063cb8c
[5:15:34 AM] 📝 GET /api/display/room/696f36019adeec8a6063cb8c
[5:16:34 AM] 📝 GET /api/display/room/696f36019adeec8a6063cb8c
[5:17:34 AM] 📝 GET /api/display/room/696f36019adeec8a6063cb8c
[5:18:34 AM] 📝 GET /api/display/room/696f36019adeec8a6063cb8c
[5:19:34 AM] 📝 GET /api/display/room/696f36019adeec8a6063cb8c
[5:30:32 AM] 📝 GET /api/display/room/696f36019adeec8a6063cb8c
[5:30:32 AM] 📝 GET /api/display/uploads/696f36019adeec8a6063cb8c_1778837162683.png
[5:31:32 AM] 📝 GET /api/display/room/696f36019adeec8a6063cb8c
[5:32:32 AM] 📝 GET /api/display/room/696f36019adeec8a6063cb8c
[5:33:32 AM] 📝 GET /api/display/room/696f36019adeec8a6063cb8c
[5:34:32 AM] 📝 GET /api/display/room/696f36019adeec8a6063cb8c
[5:35:32 AM] 📝 GET /api/display/room/696f36019adeec8a6063cb8c
[5:36:32 AM] 📝 GET /api/display/room/696f36019adeec8a6063cb8c
[5:37:32 AM] 📝 GET /api/display/room/696f36019adeec8a6063cb8c
[5:38:32 AM] 📝 GET /api/display/room/696f36019adeec8a6063cb8c
[5:39:32 AM] 📝 GET /api/display/room/696f36019adeec8a6063cb8c
[5:40:32 AM] 📝 GET /api/display/room/696f36019adeec8a6063cb8c
[5:41:32 AM] 📝 GET /api/display/room/696f36019adeec8a6063cb8c
[5:42:32 AM] 📝 GET /api/display/room/696f36019adeec8a6063cb8c
[5:43:32 AM] 📝 GET /api/display/room/696f36019adeec8a6063cb8c
[5:44:32 AM] 📝 GET /api/display/room/696f36019adeec8a6063cb8c
[5:55:30 AM] 📝 GET /api/display/room/696f36019adeec8a6063cb8c
[5:56:30 AM] 📝 GET /api/display/room/696f36019adeec8a6063cb8c
[5:57:30 AM] 📝 GET /api/display/room/696f36019adeec8a6063cb8c
[5:58:30 AM] 📝 GET /api/display/room/696f36019adeec8a6063cb8c
[5:59:30 AM] 📝 GET /api/display/room/696f36019adeec8a6063cb8c
[6:00:30 AM] 📝 GET /api/display/room/696f36019adeec8a6063cb8c
[6:01:30 AM] 📝 GET /api/display/room/696f36019adeec8a6063cb8c
[6:02:30 AM] 📝 GET /api/display/room/696f36019adeec8a6063cb8c
[6:03:30 AM] 📝 GET /api/display/room/696f36019adeec8a6063cb8c
[6:04:30 AM] 📝 GET /api/display/room/696f36019adeec8a6063cb8c
[6:05:30 AM] 📝 GET /api/display/room/696f36019adeec8a6063cb8c
[6:06:30 AM] 📝 GET /api/display/room/696f36019adeec8a6063cb8c
[6:07:30 AM] 📝 GET /api/display/room/696f36019adeec8a6063cb8c
[6:08:30 AM] 📝 GET /api/display/room/696f36019adeec8a6063cb8c
[6:09:30 AM] 📝 GET /api/display/room/696f36019adeec8a6063cb8c
[6:20:28 AM] 📝 GET /api/display/room/696f36019adeec8a6063cb8c
[6:21:27 AM] 📝 GET /api/display/room/696f36019adeec8a6063cb8c
[6:22:27 AM] 📝 GET /api/display/room/696f36019adeec8a6063cb8c
[6:23:28 AM] 📝 GET /api/display/room/696f36019adeec8a6063cb8c
[6:24:27 AM] 📝 GET /api/display/room/696f36019adeec8a6063cb8c
[6:25:28 AM] 📝 GET /api/display/room/696f36019adeec8a6063cb8c
[6:26:28 AM] 📝 GET /api/display/room/696f36019adeec8a6063cb8c
[6:27:27 AM] 📝 GET /api/display/room/696f36019adeec8a6063cb8c
[6:28:27 AM] 📝 GET /api/display/room/696f36019adeec8a6063cb8c
[6:29:27 AM] 📝 GET /api/display/room/696f36019adeec8a6063cb8c
[6:30:27 AM] 📝 GET /api/display/room/696f36019adeec8a6063cb8c
[6:31:28 AM] 📝 GET /api/display/room/696f36019adeec8a6063cb8c
[6:32:28 AM] 📝 GET /api/display/room/696f36019adeec8a6063cb8c
[6:33:27 AM] 📝 GET /api/display/room/696f36019adeec8a6063cb8c
[6:34:27 AM] 📝 GET /api/display/room/696f36019adeec8a6063cb8c
[6:45:26 AM] 📝 GET /api/display/room/696f36019adeec8a6063cb8c
[6:46:26 AM] 📝 GET /api/display/room/696f36019adeec8a6063cb8c
[6:47:26 AM] 📝 GET /api/display/room/696f36019adeec8a6063cb8c
[6:48:26 AM] 📝 GET /api/display/room/696f36019adeec8a6063cb8c
[6:49:26 AM] 📝 GET /api/display/room/696f36019adeec8a6063cb8c
[6:50:26 AM] 📝 GET /api/display/room/696f36019adeec8a6063cb8c
[6:51:26 AM] 📝 GET /api/display/room/696f36019adeec8a6063cb8c
[6:52:26 AM] 📝 GET /api/display/room/696f36019adeec8a6063cb8c
[6:53:26 AM] 📝 GET /api/display/room/696f36019adeec8a6063cb8c
[6:54:26 AM] 📝 GET /api/display/room/696f36019adeec8a6063cb8c
[6:55:26 AM] 📝 GET /api/display/room/696f36019adeec8a6063cb8c
[6:56:26 AM] 📝 GET /api/display/room/696f36019adeec8a6063cb8c
[6:57:26 AM] 📝 GET /api/display/room/696f36019adeec8a6063cb8c
[6:58:26 AM] 📝 GET /api/display/room/696f36019adeec8a6063cb8c
[6:59:26 AM] 📝 GET /api/display/room/696f36019adeec8a6063cb8c
[7:10:23 AM] 📝 GET /api/display/room/696f36019adeec8a6063cb8c
[7:11:23 AM] 📝 GET /api/display/room/696f36019adeec8a6063cb8c
[7:12:23 AM] 📝 GET /api/display/room/696f36019adeec8a6063cb8c
[7:13:23 AM] 📝 GET /api/display/room/696f36019adeec8a6063cb8c
[7:14:23 AM] 📝 GET /api/display/room/696f36019adeec8a6063cb8c
[7:15:23 AM] 📝 GET /api/display/room/696f36019adeec8a6063cb8c
[7:16:23 AM] 📝 GET /api/display/room/696f36019adeec8a6063cb8c
[7:17:23 AM] 📝 GET /api/display/room/696f36019adeec8a6063cb8c
[7:18:23 AM] 📝 GET /api/display/room/696f36019adeec8a6063cb8c
[7:19:23 AM] 📝 GET /api/display/room/696f36019adeec8a6063cb8c
[7:20:23 AM] 📝 GET /api/display/room/696f36019adeec8a6063cb8c
[7:21:23 AM] 📝 GET /api/display/room/696f36019adeec8a6063cb8c
[7:22:23 AM] 📝 GET /api/display/room/696f36019adeec8a6063cb8c
[7:23:23 AM] 📝 GET /api/display/room/696f36019adeec8a6063cb8c
[7:24:23 AM] 📝 GET /api/display/room/696f36019adeec8a6063cb8c
[7:29:56 AM] 📝 GET /api/auth/me
[7:29:57 AM] 📝 POST /api/auth/login
[7:29:57 AM] 📝 GET /api/rooms
[7:30:00 AM] 📝 GET /api/rooms/69490a065e1a04f70b859cab
[7:30:00 AM] 📝 GET /api/bookings
[7:35:22 AM] 📝 GET /api/display/room/696f36019adeec8a6063cb8c
[7:36:22 AM] 📝 GET /api/display/room/696f36019adeec8a6063cb8c
[7:37:22 AM] 📝 GET /api/display/room/696f36019adeec8a6063cb8c
[7:38:22 AM] 📝 GET /api/display/room/696f36019adeec8a6063cb8c
[7:38:46 AM] 📝 GET /api/rooms
[7:38:50 AM] 📝 GET /api/bookings/my-bookings
[7:39:22 AM] 📝 GET /api/display/room/696f36019adeec8a6063cb8c
[7:40:22 AM] 📝 GET /api/display/room/696f36019adeec8a6063cb8c
[7:41:22 AM] 📝 GET /api/display/room/696f36019adeec8a6063cb8c
[7:41:31 AM] 📝 GET /api/bookings
[7:41:33 AM] 📝 GET /api/rooms
[7:41:35 AM] 📝 GET /api/rooms/69490a065e1a04f70b859ca9
[7:41:35 AM] 📝 GET /api/bookings
[7:41:49 AM] 📝 GET /api/admin/dashboard/statistics
[7:41:50 AM] 📝 GET /api/admin/bookings
[7:42:16 AM] 📝 PUT /api/admin/bookings/6a228b0af9491de83487b616/status
[7:42:17 AM] 📝 GET /api/admin/bookings
[7:42:22 AM] 📝 GET /api/display/room/696f36019adeec8a6063cb8c
[7:43:22 AM] 📝 GET /api/display/room/696f36019adeec8a6063cb8c
[7:43:44 AM] 📝 GET /api/rooms
[7:43:48 AM] 📝 GET /api/rooms/69609bbbaa301e5a9d0e57c0
[7:43:48 AM] 📝 GET /api/bookings
[7:43:51 AM] 📝 GET /api/rooms
[7:43:56 AM] 📝 GET /api/rooms/69490a065e1a04f70b859ca9
[7:43:56 AM] 📝 GET /api/bookings
[7:44:22 AM] 📝 GET /api/display/room/696f36019adeec8a6063cb8c
[7:45:22 AM] 📝 GET /api/display/room/696f36019adeec8a6063cb8c
[7:46:22 AM] 📝 GET /api/display/room/696f36019adeec8a6063cb8c
[7:47:22 AM] 📝 GET /api/display/room/696f36019adeec8a6063cb8c
[7:48:22 AM] 📝 GET /api/display/room/696f36019adeec8a6063cb8c
[7:49:22 AM] 📝 GET /api/display/room/696f36019adeec8a6063cb8c
[7:49:38 AM] 📝 GET /api/auth/me
[7:49:39 AM] 📝 POST /api/auth/login
[7:49:39 AM] 📝 GET /api/rooms
[7:49:41 AM] 📝 GET /api/bookings/my-bookings
[7:50:36 AM] 📝 GET /api/rooms
[7:50:38 AM] 📝 GET /api/admin/dashboard/statistics
[7:50:46 AM] 📝 GET /api/rooms
[7:50:48 AM] 📝 GET /api/admin/bookings
[7:50:50 AM] 📝 GET /api/bookings
[7:50:52 AM] 📝 GET /api/admin/dashboard/statistics
[7:50:54 AM] 📝 GET /api/admin/bookings
[7:53:12 AM] 📝 PUT /api/admin/bookings/6a20dd93f9491de834879f14/status
[7:53:15 AM] 📝 GET /api/admin/bookings
[8:00:20 AM] 📝 GET /api/display/room/696f36019adeec8a6063cb8c
[8:01:20 AM] 📝 GET /api/display/room/696f36019adeec8a6063cb8c
[8:02:20 AM] 📝 GET /api/display/room/696f36019adeec8a6063cb8c
[8:03:20 AM] 📝 GET /api/display/room/696f36019adeec8a6063cb8c
[8:04:20 AM] 📝 GET /api/display/room/696f36019adeec8a6063cb8c
[8:05:20 AM] 📝 GET /api/display/room/696f36019adeec8a6063cb8c
[8:06:20 AM] 📝 GET /api/display/room/696f36019adeec8a6063cb8c
[8:07:20 AM] 📝 GET /api/display/room/696f36019adeec8a6063cb8c
[8:08:20 AM] 📝 GET /api/display/room/696f36019adeec8a6063cb8c
[8:09:20 AM] 📝 GET /api/display/room/696f36019adeec8a6063cb8c
[8:10:20 AM] 📝 GET /api/display/room/696f36019adeec8a6063cb8c
[8:11:20 AM] 📝 GET /api/display/room/696f36019adeec8a6063cb8c
[8:12:16 AM] 📝 GET /api/rooms/69490a065e1a04f70b859caa
[8:12:16 AM] 📝 GET /api/bookings
[8:12:20 AM] 📝 GET /api/display/room/696f36019adeec8a6063cb8c
[8:12:26 AM] 📝 GET /api/bookings
[8:12:27 AM] 📝 GET /api/bookings
[8:12:28 AM] 📝 GET /api/bookings
[8:12:29 AM] 📝 GET /api/bookings
[8:12:32 AM] 📝 GET /api/rooms
[8:12:36 AM] 📝 GET /api/rooms/69490a065e1a04f70b859cab
[8:12:36 AM] 📝 GET /api/bookings
[8:12:38 AM] 📝 GET /api/bookings
[8:12:39 AM] 📝 GET /api/bookings
[8:12:39 AM] 📝 GET /api/bookings
[8:12:40 AM] 📝 GET /api/bookings
[8:12:46 AM] 📝 GET /api/bookings
[8:12:47 AM] 📝 GET /api/bookings
[8:12:47 AM] 📝 GET /api/bookings
[8:12:48 AM] 📝 GET /api/bookings
[8:12:58 AM] 📝 GET /api/bookings
[8:13:00 AM] 📝 GET /api/bookings
[8:13:12 AM] 📝 GET /api/rooms
[8:13:16 AM] 📝 GET /api/rooms/69490a065e1a04f70b859ca9
[8:13:16 AM] 📝 GET /api/bookings
[8:13:19 AM] 📝 GET /api/bookings
[8:13:20 AM] 📝 GET /api/display/room/696f36019adeec8a6063cb8c
[8:13:23 AM] 📝 GET /api/rooms
[8:13:31 AM] 📝 GET /api/rooms/69490a065e1a04f70b859caa
[8:13:31 AM] 📝 GET /api/bookings
[8:13:33 AM] 📝 GET /api/bookings
[8:13:34 AM] 📝 GET /api/bookings
[8:14:20 AM] 📝 GET /api/display/room/696f36019adeec8a6063cb8c
[8:23:05 AM] 📝 GET /api/admin/dashboard/statistics
[8:23:07 AM] 📝 GET /api/admin/bookings
[8:23:16 AM] 📝 GET /api/rooms
[8:23:20 AM] 📝 GET /api/rooms/69490a065e1a04f70b859cab
[8:23:21 AM] 📝 GET /api/bookings
[8:23:27 AM] 📝 GET /api/admin/dashboard/statistics
[8:23:29 AM] 📝 GET /api/bookings/my-bookings
[8:23:33 AM] 📝 GET /api/departments
[8:23:33 AM] 📝 GET /api/rooms
[8:23:48 AM] 📝 GET /api/bookings
[8:24:45 AM] 📝 POST /api/bookings
[8:24:46 AM] 📝 GET /api/bookings/my-bookings
[8:24:48 AM] 📝 GET /api/admin/dashboard/statistics
[8:24:50 AM] 📝 GET /api/admin/bookings
[8:24:54 AM] 📝 PUT /api/admin/bookings/6a267c4df9491de83487bdb7/status
[8:25:09 AM] 📝 GET /api/admin/bookings
[8:25:15 AM] 📝 GET /api/bookings/my-bookings
[8:25:17 AM] 📝 GET /api/display/room/696f36019adeec8a6063cb8c
[8:25:34 AM] 📝 GET /api/rooms
[8:25:34 AM] 📝 GET /api/bookings/6a267c4df9491de83487bdb7
[8:25:34 AM] 📝 GET /api/departments
[8:25:34 AM] 📝 GET /api/bookings
[8:25:42 AM] 📝 DELETE /api/bookings/6a267c4df9491de83487bdb7
[8:25:46 AM] 📝 GET /api/bookings
[8:25:56 AM] 📝 GET /api/rooms
[8:25:57 AM] 📝 GET /api/bookings/my-bookings
[8:26:00 AM] 📝 GET /api/departments
[8:26:00 AM] 📝 GET /api/rooms
[8:26:11 AM] 📝 GET /api/bookings
[8:26:13 AM] 📝 POST /api/bookings
[8:26:14 AM] 📝 GET /api/bookings/my-bookings
[8:26:17 AM] 📝 GET /api/rooms
[8:26:17 AM] 📝 GET /api/display/room/696f36019adeec8a6063cb8c
[8:26:18 AM] 📝 GET /api/rooms/69490a065e1a04f70b859cab
[8:26:18 AM] 📝 GET /api/bookings
[8:26:21 AM] 📝 GET /api/admin/dashboard/statistics
[8:26:22 AM] 📝 GET /api/admin/bookings
[8:26:26 AM] 📝 PUT /api/admin/bookings/6a267ca5f9491de83487bdf5/status
[8:26:28 AM] 📝 GET /api/admin/bookings
[8:26:42 AM] 📝 GET /api/bookings
[8:27:18 AM] 📝 GET /api/display/room/696f36019adeec8a6063cb8c
[8:28:17 AM] 📝 GET /api/display/room/696f36019adeec8a6063cb8c
[8:29:17 AM] 📝 GET /api/display/room/696f36019adeec8a6063cb8c
[8:30:17 AM] 📝 GET /api/display/room/696f36019adeec8a6063cb8c
[8:31:18 AM] 📝 GET /api/display/room/696f36019adeec8a6063cb8c
[8:32:17 AM] 📝 GET /api/display/room/696f36019adeec8a6063cb8c
[8:33:17 AM] 📝 GET /api/display/room/696f36019adeec8a6063cb8c
[8:34:17 AM] 📝 GET /api/display/room/696f36019adeec8a6063cb8c
[8:35:17 AM] 📝 GET /api/display/room/696f36019adeec8a6063cb8c
[8:36:17 AM] 📝 GET /api/display/room/696f36019adeec8a6063cb8c
[8:37:17 AM] 📝 GET /api/display/room/696f36019adeec8a6063cb8c
[8:38:17 AM] 📝 GET /api/display/room/696f36019adeec8a6063cb8c
[8:39:17 AM] 📝 GET /api/display/room/696f36019adeec8a6063cb8c
[8:50:16 AM] 📝 GET /api/display/room/696f36019adeec8a6063cb8c
[8:51:15 AM] 📝 GET /api/display/room/696f36019adeec8a6063cb8c
[8:52:15 AM] 📝 GET /api/display/room/696f36019adeec8a6063cb8c
[8:53:15 AM] 📝 GET /api/display/room/696f36019adeec8a6063cb8c
[8:54:15 AM] 📝 GET /api/display/room/696f36019adeec8a6063cb8c
[8:55:15 AM] 📝 GET /api/display/room/696f36019adeec8a6063cb8c
[8:56:15 AM] 📝 GET /api/display/room/696f36019adeec8a6063cb8c
[8:57:15 AM] 📝 GET /api/display/room/696f36019adeec8a6063cb8c
[8:58:15 AM] 📝 GET /api/display/room/696f36019adeec8a6063cb8c
[8:59:15 AM] 📝 GET /api/display/room/696f36019adeec8a6063cb8c
[9:00:15 AM] 📝 GET /api/display/room/696f36019adeec8a6063cb8c
[9:01:15 AM] 📝 GET /api/display/room/696f36019adeec8a6063cb8c
[9:02:16 AM] 📝 GET /api/display/room/696f36019adeec8a6063cb8c
[9:03:15 AM] 📝 GET /api/display/room/696f36019adeec8a6063cb8c
[9:04:15 AM] 📝 GET /api/display/room/696f36019adeec8a6063cb8c
[9:15:13 AM] 📝 GET /api/display/room/696f36019adeec8a6063cb8c
[9:16:13 AM] 📝 GET /api/display/room/696f36019adeec8a6063cb8c
[9:17:13 AM] 📝 GET /api/display/room/696f36019adeec8a6063cb8c
[9:18:13 AM] 📝 GET /api/display/room/696f36019adeec8a6063cb8c
[9:19:13 AM] 📝 GET /api/display/room/696f36019adeec8a6063cb8c
[9:20:13 AM] 📝 GET /api/display/room/696f36019adeec8a6063cb8c
[9:21:13 AM] 📝 GET /api/display/room/696f36019adeec8a6063cb8c
[9:22:13 AM] 📝 GET /api/display/room/696f36019adeec8a6063cb8c
[9:23:13 AM] 📝 GET /api/display/room/696f36019adeec8a6063cb8c
[9:24:13 AM] 📝 GET /api/display/room/696f36019adeec8a6063cb8c
[9:25:13 AM] 📝 GET /api/display/room/696f36019adeec8a6063cb8c
[9:26:13 AM] 📝 GET /api/display/room/696f36019adeec8a6063cb8c
[9:27:13 AM] 📝 GET /api/display/room/696f36019adeec8a6063cb8c
[9:28:13 AM] 📝 GET /api/display/room/696f36019adeec8a6063cb8c
[9:29:13 AM] 📝 GET /api/display/room/696f36019adeec8a6063cb8c
[10:33:15 AM] 📝 POST /api/auth/exchange-code
━━━━━━━━━━━━━━━━━━━━━━━━━━━━━━━━━━
🔐 UMS Exchange Code Request
   📥 Method: POST
   📥 IP: 184.82.155.174
   📥 Origin: https://nssv.nsm.go.th
   📥 Referer: https://nssv.nsm.go.th/napp/auth/callback?code=dce48f0c57a9c9019d8bfd1affc10de4ae290701fd24d85409c9f134d9331b78
   📥 User-Agent: Mozilla/5.0 (Linux; Android 10; K) AppleWebKit/537.36 (KHTML, like Gecko) Chrome/148.0.0.0 Mobile Safari/537.36
   📥 Content-Type: application/json
   📥 Body Keys: [ 'code', 'projectCode' ]
   📥 code: dce48f0c57a9c9019d8bfd1affc10de4ae290701fd24d85409c9f134d9331b78
   📥 projectCode: MEETBOOKING
   🔄 Calling: POST https://nssv.nsm.go.th/ums/api/auth/exchange-code
   📤 UMS Status: 200
   📤 UMS Response: {
  "status": "success",
  "token": "eyJhbGciOiJIUzI1NiIsInR5cCI6IkpXVCJ9.eyJpZCI6IjY5NmUyYTljYWUxMTg0OWFmYTdhNTM5ZCIsInJvbGUiOiJzdXBlcmFkbWluIiwidXNlcm5hbWUiOiJuYWlvb2IiLCJpYXQiOjE3ODA5MTQ3OTUsImV4cCI6MTc4MTAwMTE5NX0.BChe2wflHxi1tHrilxQKnuqrEG6-qRatesocpAZet2E",
  "user": {
    "id": "696e2a9cae11849afa7a539d",
    "username": "naioob",
    "email": "naioob@gmail.com",
    "firstName": "ธนะรักษ์ oob",
    "lastName": "สุขสันต์",
    "role": "superadmin",
    "phone": "0931317150"
  }
}
   🎯 Role: superadmin → admin
   ✅ Login success: ธนะรักษ์ oob สุขสันต์ (admin)
━━━━━━━━━━━━━━━━━━━━━━━━━━━━━━━━━━
[10:33:15 AM] 📝 GET /api/rooms
[10:33:17 AM] 📝 GET /api/bookings/my-bookings
[10:33:19 AM] 📝 GET /api/departments
[10:33:19 AM] 📝 GET /api/rooms
[10:34:03 AM] 📝 GET /api/bookings
[10:34:55 AM] 📝 POST /api/bookings
[10:34:58 AM] 📝 GET /api/bookings/my-bookings
[10:35:05 AM] 📝 GET /api/admin/dashboard/statistics
[10:35:11 AM] 📝 GET /api/admin/bookings
[10:35:30 AM] 📝 PUT /api/admin/bookings/6a269acff9491de83487bece/status
[10:35:31 AM] 📝 GET /api/admin/bookings
[10:35:39 AM] 📝 GET /api/bookings/my-bookings
[3:01:33 PM] 📝 GET /api/rooms
[3:01:41 PM] 📝 GET /api/rooms/69490a065e1a04f70b859cab
[3:01:41 PM] 📝 GET /api/bookings
[3:01:49 PM] 📝 POST /api/auth/exchange-code
━━━━━━━━━━━━━━━━━━━━━━━━━━━━━━━━━━
🔐 UMS Exchange Code Request
   📥 Method: POST
   📥 IP: 1.47.203.101
   📥 Origin: https://nssv.nsm.go.th
   📥 Referer: https://nssv.nsm.go.th/napp/auth/callback?code=3e57aca6853b3da318874fa896e998c5454ca783e86797c9c4ce317631a868ec
   📥 User-Agent: Mozilla/5.0 (Linux; Android 10; K) AppleWebKit/537.36 (KHTML, like Gecko) Chrome/148.0.0.0 Mobile Safari/537.36
   📥 Content-Type: application/json
   📥 Body Keys: [ 'code', 'projectCode' ]
   📥 code: 3e57aca6853b3da318874fa896e998c5454ca783e86797c9c4ce317631a868ec
   📥 projectCode: MEETBOOKING
   🔄 Calling: POST https://nssv.nsm.go.th/ums/api/auth/exchange-code
   📤 UMS Status: 200
   📤 UMS Response: {
  "status": "success",
  "token": "eyJhbGciOiJIUzI1NiIsInR5cCI6IkpXVCJ9.eyJpZCI6IjZhMWMyMGU0NDA0YWExMWYwZWJmZmQ3NCIsInJvbGUiOiJtZW1iZXIiLCJ1c2VybmFtZSI6IuC4meC4suC4ouC5gOC4geC4teC4ouC4o-C4leC4tOC4qOC4seC4geC4lOC4tOC5jCAg4Liq4Li44LiC4Liq4Li04LiH4Lir4LmMIiwiaWF0IjoxNzgwOTMwOTA5LCJleHAiOjE3ODEwMTczMDl9.65MIrzHnNMvx6k18JZ8ov59fUqA2QidpS12EBjEPd0Q",
  "user": {
    "id": "6a1c20e4404aa11f0ebffd74",
    "username": "นายเกียรติศักดิ์  สุขสิงห์",
    "email": "gunvtition@gmail.com",
    "firstName": "เกียรติศักดิ์",
    "lastName": "สุขสิงห์",
    "role": "member",
    "phone": "08 2769 1436"
  }
}
   🎯 Role: member → user
   ✅ Login success: เกียรติศักดิ์ สุขสิงห์ (user)
━━━━━━━━━━━━━━━━━━━━━━━━━━━━━━━━━━
[3:01:50 PM] 📝 GET /api/rooms
[3:01:57 PM] 📝 GET /api/rooms/69490a065e1a04f70b859cab
[3:01:57 PM] 📝 GET /api/bookings
[3:02:00 PM] 📝 GET /api/bookings
[3:02:14 PM] 📝 GET /api/rooms
[3:02:25 PM] 📝 GET /api/bookings/my-bookings
[3:03:09 PM] 📝 GET /api/rooms
[12:29:34 AM] 📝 GET /api/rooms
[12:29:41 AM] 📝 GET /api/bookings/my-bookings
[12:29:49 AM] 📝 POST /api/auth/exchange-code
━━━━━━━━━━━━━━━━━━━━━━━━━━━━━━━━━━
🔐 UMS Exchange Code Request
   📥 Method: POST
   📥 IP: 2403:6200:8840:c1f2:6430:d93b:a1ab:329d
   📥 Origin: https://nssv.nsm.go.th
   📥 Referer: https://nssv.nsm.go.th/napp/auth/callback?code=371b44054deb9669cf29858822e257547a80d4fc4802e45421803e321e01c1f0
   📥 User-Agent: Mozilla/5.0 (Windows NT 10.0; Win64; x64) AppleWebKit/537.36 (KHTML, like Gecko) Chrome/149.0.0.0 Safari/537.36
   📥 Content-Type: application/json
   📥 Body Keys: [ 'code', 'projectCode' ]
   📥 code: 371b44054deb9669cf29858822e257547a80d4fc4802e45421803e321e01c1f0
   📥 projectCode: MEETBOOKING
   🔄 Calling: POST https://nssv.nsm.go.th/ums/api/auth/exchange-code
   📤 UMS Status: 200
   📤 UMS Response: {
  "status": "success",
  "token": "eyJhbGciOiJIUzI1NiIsInR5cCI6IkpXVCJ9.eyJpZCI6IjZhMWMyMGU0NDA0YWExMWYwZWJmZmQ3NCIsInJvbGUiOiJtZW1iZXIiLCJ1c2VybmFtZSI6IuC4meC4suC4ouC5gOC4geC4teC4ouC4o-C4leC4tOC4qOC4seC4geC4lOC4tOC5jCAg4Liq4Li44LiC4Liq4Li04LiH4Lir4LmMIiwiaWF0IjoxNzgwOTY0OTkxLCJleHAiOjE3ODEwNTEzOTF9.OEy6z7DN7qzIuvn0gaGmVMD1FEQPq4O-Xosy5ab2myY",
  "user": {
    "id": "6a1c20e4404aa11f0ebffd74",
    "username": "นายเกียรติศักดิ์  สุขสิงห์",
    "email": "gunvtition@gmail.com",
    "firstName": "เกียรติศักดิ์",
    "lastName": "สุขสิงห์",
    "role": "member",
    "phone": "08 2769 1436"
  }
}
   🎯 Role: member → user
   ✅ Login success: เกียรติศักดิ์ สุขสิงห์ (user)
━━━━━━━━━━━━━━━━━━━━━━━━━━━━━━━━━━
[12:29:51 AM] 📝 GET /api/rooms
[12:29:53 AM] 📝 GET /api/bookings/my-bookings
[1:10:59 AM] 📝 GET /api/display/room/696f36019adeec8a6063cb8c
[1:10:59 AM] 📝 GET /api/display/uploads/696f36019adeec8a6063cb8c_1778837162683.png
[1:11:59 AM] 📝 GET /api/display/room/696f36019adeec8a6063cb8c
[1:12:59 AM] 📝 GET /api/display/room/696f36019adeec8a6063cb8c
[1:13:59 AM] 📝 GET /api/display/room/696f36019adeec8a6063cb8c
[1:14:59 AM] 📝 GET /api/display/room/696f36019adeec8a6063cb8c
[1:35:49 AM] 📝 GET /api/display/room/696f36019adeec8a6063cb8c
[1:36:49 AM] 📝 GET /api/display/room/696f36019adeec8a6063cb8c
[1:37:49 AM] 📝 GET /api/display/room/696f36019adeec8a6063cb8c
[1:38:49 AM] 📝 GET /api/display/room/696f36019adeec8a6063cb8c
[1:39:49 AM] 📝 GET /api/display/room/696f36019adeec8a6063cb8c
[1:40:49 AM] 📝 GET /api/display/room/696f36019adeec8a6063cb8c
[1:41:49 AM] 📝 GET /api/display/room/696f36019adeec8a6063cb8c
[1:42:49 AM] 📝 GET /api/display/room/696f36019adeec8a6063cb8c
[1:43:49 AM] 📝 GET /api/display/room/696f36019adeec8a6063cb8c
[1:44:49 AM] 📝 GET /api/display/room/696f36019adeec8a6063cb8c
[1:45:49 AM] 📝 GET /api/display/room/696f36019adeec8a6063cb8c
[1:46:49 AM] 📝 GET /api/display/room/696f36019adeec8a6063cb8c
[1:47:49 AM] 📝 GET /api/display/room/696f36019adeec8a6063cb8c
[1:48:49 AM] 📝 GET /api/display/room/696f36019adeec8a6063cb8c
[1:49:49 AM] 📝 GET /api/display/room/696f36019adeec8a6063cb8c
[2:00:46 AM] 📝 GET /api/display/room/696f36019adeec8a6063cb8c
[2:01:46 AM] 📝 GET /api/display/room/696f36019adeec8a6063cb8c
[2:02:46 AM] 📝 GET /api/display/room/696f36019adeec8a6063cb8c
[2:03:46 AM] 📝 GET /api/display/room/696f36019adeec8a6063cb8c
[2:04:46 AM] 📝 GET /api/display/room/696f36019adeec8a6063cb8c
[2:05:47 AM] 📝 GET /api/display/room/696f36019adeec8a6063cb8c
[2:06:46 AM] 📝 GET /api/display/room/696f36019adeec8a6063cb8c
[2:07:46 AM] 📝 GET /api/display/room/696f36019adeec8a6063cb8c
[2:08:47 AM] 📝 GET /api/display/room/696f36019adeec8a6063cb8c
[2:09:47 AM] 📝 GET /api/display/room/696f36019adeec8a6063cb8c
[2:10:47 AM] 📝 GET /api/display/room/696f36019adeec8a6063cb8c
[2:11:47 AM] 📝 GET /api/display/room/696f36019adeec8a6063cb8c
[2:12:47 AM] 📝 GET /api/display/room/696f36019adeec8a6063cb8c
[2:13:47 AM] 📝 GET /api/display/room/696f36019adeec8a6063cb8c
[2:14:46 AM] 📝 GET /api/display/room/696f36019adeec8a6063cb8c
[2:15:05 AM] 📝 GET /api/auth/me
[2:15:08 AM] 📝 POST /api/auth/login
[2:15:08 AM] 📝 GET /api/rooms
[2:15:09 AM] 📝 GET /api/admin/dashboard/statistics
[2:15:11 AM] 📝 GET /api/admin/bookings
[2:15:16 AM] 📝 GET /api/rooms
[2:15:18 AM] 📝 GET /api/rooms/69490a065e1a04f70b859ca9
[2:15:18 AM] 📝 GET /api/bookings
[2:15:23 AM] 📝 GET /api/bookings/my-bookings
[2:15:27 AM] 📝 GET /api/rooms
[2:15:27 AM] 📝 GET /api/departments
[2:15:43 AM] 📝 GET /api/bookings
[2:17:59 AM] 📝 POST /api/bookings
[2:18:00 AM] 📝 GET /api/bookings/my-bookings
[2:18:04 AM] 📝 GET /api/departments
[2:18:04 AM] 📝 GET /api/rooms
[2:18:28 AM] 📝 GET /api/bookings
[2:18:39 AM] 📝 POST /api/bookings
[2:18:40 AM] 📝 GET /api/bookings/my-bookings
[2:18:43 AM] 📝 GET /api/departments
[2:18:43 AM] 📝 GET /api/rooms
[2:18:48 AM] 📝 GET /api/rooms
[2:18:52 AM] 📝 GET /api/rooms/69490a065e1a04f70b859ca9
[2:18:52 AM] 📝 GET /api/bookings
[2:19:09 AM] 📝 GET /api/admin/dashboard/statistics
[2:19:10 AM] 📝 GET /api/admin/bookings
[2:19:38 AM] 📝 PUT /api/admin/bookings/6a2777d7f9491de83487bfc4/status
[2:19:39 AM] 📝 GET /api/admin/bookings
[2:19:41 AM] 📝 PUT /api/admin/bookings/6a2777fff9491de83487bfd2/status
[2:19:42 AM] 📝 GET /api/admin/bookings
[2:19:44 AM] 📝 GET /api/rooms
[2:19:44 AM] 📝 GET /api/bookings/my-bookings
[2:25:45 AM] 📝 GET /api/display/room/696f36019adeec8a6063cb8c
[2:26:45 AM] 📝 GET /api/display/room/696f36019adeec8a6063cb8c
[2:27:45 AM] 📝 GET /api/display/room/696f36019adeec8a6063cb8c
[2:28:45 AM] 📝 GET /api/display/room/696f36019adeec8a6063cb8c
[2:29:44 AM] 📝 GET /api/display/room/696f36019adeec8a6063cb8c
[2:30:45 AM] 📝 GET /api/display/room/696f36019adeec8a6063cb8c
[2:31:44 AM] 📝 GET /api/display/room/696f36019adeec8a6063cb8c
[2:32:45 AM] 📝 GET /api/display/room/696f36019adeec8a6063cb8c
[2:33:45 AM] 📝 GET /api/display/room/696f36019adeec8a6063cb8c
[2:34:45 AM] 📝 GET /api/display/room/696f36019adeec8a6063cb8c
[2:35:45 AM] 📝 GET /api/display/room/696f36019adeec8a6063cb8c
[2:36:45 AM] 📝 GET /api/display/room/696f36019adeec8a6063cb8c
[2:37:45 AM] 📝 GET /api/display/room/696f36019adeec8a6063cb8c
[2:38:44 AM] 📝 GET /api/display/room/696f36019adeec8a6063cb8c
[2:39:45 AM] 📝 GET /api/display/room/696f36019adeec8a6063cb8c
[2:47:57 AM] 📝 GET /api/rooms
[2:47:59 AM] 📝 GET /api/rooms/69490a065e1a04f70b859cab
[2:47:59 AM] 📝 GET /api/bookings
[2:50:42 AM] 📝 GET /api/display/room/696f36019adeec8a6063cb8c
[2:51:42 AM] 📝 GET /api/display/room/696f36019adeec8a6063cb8c
[2:52:42 AM] 📝 GET /api/display/room/696f36019adeec8a6063cb8c
[2:53:42 AM] 📝 GET /api/display/room/696f36019adeec8a6063cb8c
[2:54:42 AM] 📝 GET /api/display/room/696f36019adeec8a6063cb8c
[2:55:42 AM] 📝 GET /api/display/room/696f36019adeec8a6063cb8c
[2:56:42 AM] 📝 GET /api/display/room/696f36019adeec8a6063cb8c
[2:57:42 AM] 📝 GET /api/display/room/696f36019adeec8a6063cb8c
[2:58:36 AM] 📝 GET /api/bookings
[2:58:38 AM] 📝 GET /api/rooms
[2:58:39 AM] 📝 GET /api/rooms/69490a065e1a04f70b859ca9
[2:58:39 AM] 📝 GET /api/bookings
[2:58:42 AM] 📝 GET /api/display/room/696f36019adeec8a6063cb8c
[2:59:01 AM] 📝 GET /api/bookings/my-bookings
[2:59:03 AM] 📝 GET /api/rooms
[2:59:03 AM] 📝 GET /api/departments
[2:59:18 AM] 📝 GET /api/bookings
[2:59:42 AM] 📝 GET /api/display/room/696f36019adeec8a6063cb8c
[3:00:42 AM] 📝 GET /api/display/room/696f36019adeec8a6063cb8c
[3:00:53 AM] 📝 POST /api/bookings
[3:00:54 AM] 📝 GET /api/bookings/my-bookings
[3:00:55 AM] 📝 GET /api/departments
[3:00:55 AM] 📝 GET /api/rooms
[3:01:09 AM] 📝 GET /api/bookings
[3:01:12 AM] 📝 GET /api/rooms
[3:01:13 AM] 📝 GET /api/rooms/69490a065e1a04f70b859cab
[3:01:13 AM] 📝 GET /api/bookings
[3:01:42 AM] 📝 GET /api/display/room/696f36019adeec8a6063cb8c
[3:02:42 AM] 📝 GET /api/display/room/696f36019adeec8a6063cb8c
[3:03:42 AM] 📝 GET /api/display/room/696f36019adeec8a6063cb8c
[3:04:42 AM] 📝 GET /api/display/room/696f36019adeec8a6063cb8c
[3:15:40 AM] 📝 GET /api/display/room/696f36019adeec8a6063cb8c
[3:16:40 AM] 📝 GET /api/display/room/696f36019adeec8a6063cb8c
[3:17:40 AM] 📝 GET /api/display/room/696f36019adeec8a6063cb8c
[3:18:40 AM] 📝 GET /api/display/room/696f36019adeec8a6063cb8c
[3:19:40 AM] 📝 GET /api/display/room/696f36019adeec8a6063cb8c
[3:20:40 AM] 📝 GET /api/display/room/696f36019adeec8a6063cb8c
[3:21:40 AM] 📝 GET /api/display/room/696f36019adeec8a6063cb8c
[3:22:40 AM] 📝 GET /api/display/room/696f36019adeec8a6063cb8c
[3:23:40 AM] 📝 GET /api/display/room/696f36019adeec8a6063cb8c
[3:24:40 AM] 📝 GET /api/display/room/696f36019adeec8a6063cb8c
[3:25:40 AM] 📝 GET /api/display/room/696f36019adeec8a6063cb8c
[3:26:40 AM] 📝 GET /api/display/room/696f36019adeec8a6063cb8c
[3:27:40 AM] 📝 GET /api/display/room/696f36019adeec8a6063cb8c
[3:28:40 AM] 📝 GET /api/display/room/696f36019adeec8a6063cb8c
[3:29:40 AM] 📝 GET /api/display/room/696f36019adeec8a6063cb8c
[3:40:38 AM] 📝 GET /api/display/room/696f36019adeec8a6063cb8c
[3:41:38 AM] 📝 GET /api/display/room/696f36019adeec8a6063cb8c
[3:42:38 AM] 📝 GET /api/display/room/696f36019adeec8a6063cb8c
[3:43:38 AM] 📝 GET /api/display/room/696f36019adeec8a6063cb8c
[3:44:38 AM] 📝 GET /api/display/room/696f36019adeec8a6063cb8c
[3:45:38 AM] 📝 GET /api/display/room/696f36019adeec8a6063cb8c
[3:46:38 AM] 📝 GET /api/display/room/696f36019adeec8a6063cb8c
[3:47:38 AM] 📝 GET /api/display/room/696f36019adeec8a6063cb8c
[3:48:38 AM] 📝 GET /api/display/room/696f36019adeec8a6063cb8c
[3:49:38 AM] 📝 GET /api/display/room/696f36019adeec8a6063cb8c
[3:50:38 AM] 📝 GET /api/display/room/696f36019adeec8a6063cb8c
[3:51:38 AM] 📝 GET /api/display/room/696f36019adeec8a6063cb8c
[3:52:38 AM] 📝 GET /api/display/room/696f36019adeec8a6063cb8c
[3:53:38 AM] 📝 GET /api/display/room/696f36019adeec8a6063cb8c
[3:54:38 AM] 📝 GET /api/display/room/696f36019adeec8a6063cb8c
[4:05:35 AM] 📝 GET /api/display/room/696f36019adeec8a6063cb8c
[4:06:35 AM] 📝 GET /api/display/room/696f36019adeec8a6063cb8c
[4:07:35 AM] 📝 GET /api/display/room/696f36019adeec8a6063cb8c
[4:08:35 AM] 📝 GET /api/display/room/696f36019adeec8a6063cb8c
[4:09:35 AM] 📝 GET /api/display/room/696f36019adeec8a6063cb8c
[4:10:35 AM] 📝 GET /api/display/room/696f36019adeec8a6063cb8c
[4:11:36 AM] 📝 GET /api/display/room/696f36019adeec8a6063cb8c
[4:12:35 AM] 📝 GET /api/display/room/696f36019adeec8a6063cb8c
[4:13:35 AM] 📝 GET /api/display/room/696f36019adeec8a6063cb8c
[4:14:35 AM] 📝 GET /api/display/room/696f36019adeec8a6063cb8c
[4:15:35 AM] 📝 GET /api/display/room/696f36019adeec8a6063cb8c
[4:16:35 AM] 📝 GET /api/display/room/696f36019adeec8a6063cb8c
[4:17:36 AM] 📝 GET /api/display/room/696f36019adeec8a6063cb8c
[4:18:35 AM] 📝 GET /api/display/room/696f36019adeec8a6063cb8c
[4:19:35 AM] 📝 GET /api/display/room/696f36019adeec8a6063cb8c
[4:30:34 AM] 📝 GET /api/display/room/696f36019adeec8a6063cb8c
[4:31:34 AM] 📝 GET /api/display/room/696f36019adeec8a6063cb8c
[4:32:33 AM] 📝 GET /api/display/room/696f36019adeec8a6063cb8c
[4:33:34 AM] 📝 GET /api/display/room/696f36019adeec8a6063cb8c
[4:34:33 AM] 📝 GET /api/display/room/696f36019adeec8a6063cb8c
[4:35:34 AM] 📝 GET /api/display/room/696f36019adeec8a6063cb8c
[4:36:34 AM] 📝 GET /api/display/room/696f36019adeec8a6063cb8c
[4:37:34 AM] 📝 GET /api/display/room/696f36019adeec8a6063cb8c
[4:38:33 AM] 📝 GET /api/display/room/696f36019adeec8a6063cb8c
[4:39:34 AM] 📝 GET /api/display/room/696f36019adeec8a6063cb8c
[4:40:33 AM] 📝 GET /api/display/room/696f36019adeec8a6063cb8c
[4:41:34 AM] 📝 GET /api/display/room/696f36019adeec8a6063cb8c
[4:42:33 AM] 📝 GET /api/display/room/696f36019adeec8a6063cb8c
[4:43:33 AM] 📝 GET /api/display/room/696f36019adeec8a6063cb8c
[4:44:33 AM] 📝 GET /api/display/room/696f36019adeec8a6063cb8c
[4:55:31 AM] 📝 GET /api/display/room/696f36019adeec8a6063cb8c
[4:56:32 AM] 📝 GET /api/display/room/696f36019adeec8a6063cb8c
[4:57:32 AM] 📝 GET /api/display/room/696f36019adeec8a6063cb8c
[4:58:32 AM] 📝 GET /api/display/room/696f36019adeec8a6063cb8c
[4:59:32 AM] 📝 GET /api/display/room/696f36019adeec8a6063cb8c
[5:00:32 AM] 📝 GET /api/display/room/696f36019adeec8a6063cb8c
[5:01:32 AM] 📝 GET /api/display/room/696f36019adeec8a6063cb8c
[5:02:32 AM] 📝 GET /api/display/room/696f36019adeec8a6063cb8c
[5:03:32 AM] 📝 GET /api/display/room/696f36019adeec8a6063cb8c
[5:04:32 AM] 📝 GET /api/display/room/696f36019adeec8a6063cb8c
[5:05:32 AM] 📝 GET /api/display/room/696f36019adeec8a6063cb8c
[5:06:32 AM] 📝 GET /api/display/room/696f36019adeec8a6063cb8c
[5:07:32 AM] 📝 GET /api/display/room/696f36019adeec8a6063cb8c
[5:08:32 AM] 📝 GET /api/display/room/696f36019adeec8a6063cb8c
[5:09:32 AM] 📝 GET /api/display/room/696f36019adeec8a6063cb8c
[5:20:30 AM] 📝 GET /api/display/room/696f36019adeec8a6063cb8c
[5:20:30 AM] 📝 GET /api/display/uploads/696f36019adeec8a6063cb8c_1778837162683.png
[5:21:30 AM] 📝 GET /api/display/room/696f36019adeec8a6063cb8c
[5:22:30 AM] 📝 GET /api/display/room/696f36019adeec8a6063cb8c
[5:23:30 AM] 📝 GET /api/display/room/696f36019adeec8a6063cb8c
[5:24:30 AM] 📝 GET /api/display/room/696f36019adeec8a6063cb8c
[5:25:30 AM] 📝 GET /api/display/room/696f36019adeec8a6063cb8c
[5:26:30 AM] 📝 GET /api/display/room/696f36019adeec8a6063cb8c
[5:27:30 AM] 📝 GET /api/display/room/696f36019adeec8a6063cb8c
[5:28:31 AM] 📝 GET /api/display/room/696f36019adeec8a6063cb8c
[5:29:30 AM] 📝 GET /api/display/room/696f36019adeec8a6063cb8c
[5:30:30 AM] 📝 GET /api/display/room/696f36019adeec8a6063cb8c
[5:31:30 AM] 📝 GET /api/display/room/696f36019adeec8a6063cb8c
[5:32:30 AM] 📝 GET /api/display/room/696f36019adeec8a6063cb8c
[5:33:30 AM] 📝 GET /api/display/room/696f36019adeec8a6063cb8c
[5:34:30 AM] 📝 GET /api/display/room/696f36019adeec8a6063cb8c
[5:45:04 AM] 📝 GET /api/auth/me
[5:45:07 AM] 📝 POST /api/auth/login
[5:45:07 AM] 📝 GET /api/rooms
[5:45:12 AM] 📝 GET /api/rooms/696f36019adeec8a6063cb8c
[5:45:12 AM] 📝 GET /api/bookings
[5:45:28 AM] 📝 GET /api/display/room/696f36019adeec8a6063cb8c
[5:45:34 AM] 📝 GET /api/rooms
[5:45:36 AM] 📝 GET /api/rooms
[5:45:39 AM] 📝 GET /api/auth/me
[5:45:39 AM] 📝 GET /api/rooms
[5:45:59 AM] 📝 GET /api/rooms/69490a065e1a04f70b859ca9
[5:45:59 AM] 📝 GET /api/bookings
[5:46:12 AM] 📝 GET /api/rooms
[5:46:28 AM] 📝 GET /api/display/room/696f36019adeec8a6063cb8c
[5:46:33 AM] 📝 GET /api/bookings
[5:46:50 AM] 📝 GET /api/auth/me
[5:46:50 AM] 📝 GET /api/bookings
[5:47:11 AM] 📝 GET /api/rooms
[5:47:12 AM] 📝 GET /api/rooms
[5:47:28 AM] 📝 GET /api/display/room/696f36019adeec8a6063cb8c
[5:48:28 AM] 📝 GET /api/display/room/696f36019adeec8a6063cb8c
[5:49:28 AM] 📝 GET /api/display/room/696f36019adeec8a6063cb8c
[5:50:28 AM] 📝 GET /api/display/room/696f36019adeec8a6063cb8c
[5:51:28 AM] 📝 GET /api/display/room/696f36019adeec8a6063cb8c
[5:52:28 AM] 📝 GET /api/display/room/696f36019adeec8a6063cb8c
[5:53:28 AM] 📝 GET /api/display/room/696f36019adeec8a6063cb8c
[5:54:07 AM] 📝 GET /api/rooms
[5:54:14 AM] 📝 GET /api/bookings/my-bookings
[5:54:22 AM] 📝 GET /api/rooms
[5:54:25 AM] 📝 GET /api/bookings
[5:54:28 AM] 📝 GET /api/display/room/696f36019adeec8a6063cb8c
[5:55:25 AM] 📝 GET /api/rooms
[5:55:27 AM] 📝 GET /api/bookings/my-bookings
[5:55:28 AM] 📝 GET /api/display/room/696f36019adeec8a6063cb8c
[5:55:33 AM] 📝 GET /api/rooms
[5:55:35 AM] 📝 GET /api/bookings
[5:56:16 AM] 📝 GET /api/rooms
[5:56:17 AM] 📝 GET /api/bookings
[5:56:28 AM] 📝 GET /api/display/room/696f36019adeec8a6063cb8c
[5:56:34 AM] 📝 GET /api/rooms
[5:56:40 AM] 📝 GET /api/rooms/69490a065e1a04f70b859cab
[5:56:40 AM] 📝 GET /api/bookings
[5:56:45 AM] 📝 GET /api/bookings
[5:56:55 AM] 📝 GET /api/rooms
[5:57:28 AM] 📝 GET /api/display/room/696f36019adeec8a6063cb8c
[5:58:28 AM] 📝 GET /api/display/room/696f36019adeec8a6063cb8c
[5:59:28 AM] 📝 GET /api/display/room/696f36019adeec8a6063cb8c
[6:10:25 AM] 📝 GET /api/display/room/696f36019adeec8a6063cb8c
[6:11:25 AM] 📝 GET /api/display/room/696f36019adeec8a6063cb8c
[6:12:25 AM] 📝 GET /api/display/room/696f36019adeec8a6063cb8c
[6:13:25 AM] 📝 GET /api/display/room/696f36019adeec8a6063cb8c
[6:14:25 AM] 📝 GET /api/display/room/696f36019adeec8a6063cb8c
[6:15:25 AM] 📝 GET /api/display/room/696f36019adeec8a6063cb8c
[6:16:25 AM] 📝 GET /api/display/room/696f36019adeec8a6063cb8c
[6:17:25 AM] 📝 GET /api/display/room/696f36019adeec8a6063cb8c
[6:18:25 AM] 📝 GET /api/display/room/696f36019adeec8a6063cb8c
[6:19:25 AM] 📝 GET /api/display/room/696f36019adeec8a6063cb8c
[6:20:25 AM] 📝 GET /api/display/room/696f36019adeec8a6063cb8c
[6:21:25 AM] 📝 GET /api/display/room/696f36019adeec8a6063cb8c
[6:22:25 AM] 📝 GET /api/display/room/696f36019adeec8a6063cb8c
[6:23:25 AM] 📝 GET /api/display/room/696f36019adeec8a6063cb8c
[6:24:25 AM] 📝 GET /api/display/room/696f36019adeec8a6063cb8c
[6:30:39 AM] 📝 POST /api/auth/login
[6:30:39 AM] 📝 GET /api/rooms
[6:30:42 AM] 📝 GET /api/bookings
[6:33:33 AM] 📝 GET /api/rooms/696f36019adeec8a6063cb8c
[6:33:33 AM] 📝 GET /api/bookings
[6:35:23 AM] 📝 GET /api/display/room/696f36019adeec8a6063cb8c
[6:36:23 AM] 📝 GET /api/display/room/696f36019adeec8a6063cb8c
[6:37:23 AM] 📝 GET /api/display/room/696f36019adeec8a6063cb8c
[6:38:23 AM] 📝 GET /api/display/room/696f36019adeec8a6063cb8c
[6:39:23 AM] 📝 GET /api/display/room/696f36019adeec8a6063cb8c
[6:40:23 AM] 📝 GET /api/display/room/696f36019adeec8a6063cb8c
[6:41:23 AM] 📝 GET /api/display/room/696f36019adeec8a6063cb8c
[6:42:23 AM] 📝 GET /api/display/room/696f36019adeec8a6063cb8c
[6:43:23 AM] 📝 GET /api/display/room/696f36019adeec8a6063cb8c
[6:44:23 AM] 📝 GET /api/display/room/696f36019adeec8a6063cb8c
[6:45:23 AM] 📝 GET /api/display/room/696f36019adeec8a6063cb8c
[6:46:23 AM] 📝 GET /api/display/room/696f36019adeec8a6063cb8c
[6:47:23 AM] 📝 GET /api/display/room/696f36019adeec8a6063cb8c
[6:48:23 AM] 📝 GET /api/display/room/696f36019adeec8a6063cb8c
[6:49:23 AM] 📝 GET /api/display/room/696f36019adeec8a6063cb8c
[7:00:21 AM] 📝 GET /api/display/room/696f36019adeec8a6063cb8c
[7:01:21 AM] 📝 GET /api/display/room/696f36019adeec8a6063cb8c
[7:02:21 AM] 📝 GET /api/display/room/696f36019adeec8a6063cb8c
[7:03:21 AM] 📝 GET /api/display/room/696f36019adeec8a6063cb8c
[7:04:21 AM] 📝 GET /api/display/room/696f36019adeec8a6063cb8c
[7:05:21 AM] 📝 GET /api/display/room/696f36019adeec8a6063cb8c
[7:06:21 AM] 📝 GET /api/display/room/696f36019adeec8a6063cb8c
[7:07:21 AM] 📝 GET /api/display/room/696f36019adeec8a6063cb8c
[7:08:21 AM] 📝 GET /api/display/room/696f36019adeec8a6063cb8c
[7:09:21 AM] 📝 GET /api/display/room/696f36019adeec8a6063cb8c
[7:10:21 AM] 📝 GET /api/display/room/696f36019adeec8a6063cb8c
[7:11:21 AM] 📝 GET /api/display/room/696f36019adeec8a6063cb8c
[7:12:21 AM] 📝 GET /api/display/room/696f36019adeec8a6063cb8c
[7:13:21 AM] 📝 GET /api/display/room/696f36019adeec8a6063cb8c
[7:14:21 AM] 📝 GET /api/display/room/696f36019adeec8a6063cb8c
[7:25:19 AM] 📝 GET /api/display/room/696f36019adeec8a6063cb8c
[7:26:19 AM] 📝 GET /api/display/room/696f36019adeec8a6063cb8c
[7:27:19 AM] 📝 GET /api/display/room/696f36019adeec8a6063cb8c
[7:28:19 AM] 📝 GET /api/display/room/696f36019adeec8a6063cb8c
[7:29:19 AM] 📝 GET /api/display/room/696f36019adeec8a6063cb8c
[7:30:19 AM] 📝 GET /api/display/room/696f36019adeec8a6063cb8c
[7:31:19 AM] 📝 GET /api/display/room/696f36019adeec8a6063cb8c
[7:32:19 AM] 📝 GET /api/display/room/696f36019adeec8a6063cb8c
[7:33:19 AM] 📝 GET /api/display/room/696f36019adeec8a6063cb8c
[7:34:19 AM] 📝 GET /api/display/room/696f36019adeec8a6063cb8c
[7:35:19 AM] 📝 GET /api/display/room/696f36019adeec8a6063cb8c
[7:36:19 AM] 📝 GET /api/display/room/696f36019adeec8a6063cb8c
[7:37:19 AM] 📝 GET /api/display/room/696f36019adeec8a6063cb8c
[7:38:19 AM] 📝 GET /api/display/room/696f36019adeec8a6063cb8c
[7:39:19 AM] 📝 GET /api/display/room/696f36019adeec8a6063cb8c
[7:48:58 AM] 📝 GET /api/auth/me
[7:48:58 AM] 📝 GET /api/rooms
[7:49:00 AM] 📝 GET /api/rooms/69490a065e1a04f70b859ca9
[7:49:00 AM] 📝 GET /api/bookings
[7:49:29 AM] 📝 GET /api/rooms
[7:49:31 AM] 📝 GET /api/rooms/69609bbbaa301e5a9d0e57c0
[7:49:31 AM] 📝 GET /api/bookings
[7:49:56 AM] 📝 GET /api/bookings/my-bookings
[7:49:58 AM] 📝 GET /api/rooms
[7:49:58 AM] 📝 GET /api/departments
[7:50:11 AM] 📝 GET /api/bookings
[7:50:17 AM] 📝 GET /api/display/room/696f36019adeec8a6063cb8c
[7:50:49 AM] 📝 GET /api/auth/me
[7:50:49 AM] 📝 GET /api/rooms
[7:50:51 AM] 📝 GET /api/rooms/69609bbbaa301e5a9d0e57c0
[7:50:51 AM] 📝 GET /api/bookings
[7:51:17 AM] 📝 GET /api/display/room/696f36019adeec8a6063cb8c
[7:52:17 AM] 📝 GET /api/display/room/696f36019adeec8a6063cb8c
[7:53:17 AM] 📝 GET /api/display/room/696f36019adeec8a6063cb8c
[7:54:17 AM] 📝 GET /api/display/room/696f36019adeec8a6063cb8c
[7:55:17 AM] 📝 GET /api/display/room/696f36019adeec8a6063cb8c
[7:56:17 AM] 📝 GET /api/display/room/696f36019adeec8a6063cb8c
[7:57:17 AM] 📝 GET /api/display/room/696f36019adeec8a6063cb8c
[7:58:17 AM] 📝 GET /api/display/room/696f36019adeec8a6063cb8c
[7:59:17 AM] 📝 GET /api/display/room/696f36019adeec8a6063cb8c
[8:00:17 AM] 📝 GET /api/display/room/696f36019adeec8a6063cb8c
[8:01:17 AM] 📝 GET /api/display/room/696f36019adeec8a6063cb8c
[8:02:17 AM] 📝 GET /api/display/room/696f36019adeec8a6063cb8c
[8:03:17 AM] 📝 GET /api/display/room/696f36019adeec8a6063cb8c
[8:04:17 AM] 📝 GET /api/display/room/696f36019adeec8a6063cb8c
[8:15:15 AM] 📝 GET /api/display/room/696f36019adeec8a6063cb8c
[8:16:15 AM] 📝 GET /api/display/room/696f36019adeec8a6063cb8c
[8:17:15 AM] 📝 GET /api/display/room/696f36019adeec8a6063cb8c
[8:18:15 AM] 📝 GET /api/display/room/696f36019adeec8a6063cb8c
[8:19:15 AM] 📝 GET /api/display/room/696f36019adeec8a6063cb8c
[8:20:15 AM] 📝 GET /api/display/room/696f36019adeec8a6063cb8c
[8:21:15 AM] 📝 GET /api/display/room/696f36019adeec8a6063cb8c
[8:22:15 AM] 📝 GET /api/display/room/696f36019adeec8a6063cb8c
[8:23:15 AM] 📝 GET /api/display/room/696f36019adeec8a6063cb8c
[8:24:15 AM] 📝 GET /api/display/room/696f36019adeec8a6063cb8c
[8:25:15 AM] 📝 GET /api/display/room/696f36019adeec8a6063cb8c
[8:26:15 AM] 📝 GET /api/display/room/696f36019adeec8a6063cb8c
[8:27:15 AM] 📝 GET /api/display/room/696f36019adeec8a6063cb8c
[8:28:15 AM] 📝 GET /api/display/room/696f36019adeec8a6063cb8c
[8:29:15 AM] 📝 GET /api/display/room/696f36019adeec8a6063cb8c
[8:40:13 AM] 📝 GET /api/display/room/696f36019adeec8a6063cb8c
[8:41:13 AM] 📝 GET /api/display/room/696f36019adeec8a6063cb8c
[8:42:13 AM] 📝 GET /api/display/room/696f36019adeec8a6063cb8c
[8:43:13 AM] 📝 GET /api/display/room/696f36019adeec8a6063cb8c
[8:44:13 AM] 📝 GET /api/display/room/696f36019adeec8a6063cb8c
[8:45:13 AM] 📝 GET /api/display/room/696f36019adeec8a6063cb8c
[8:46:13 AM] 📝 GET /api/display/room/696f36019adeec8a6063cb8c
[8:47:13 AM] 📝 GET /api/display/room/696f36019adeec8a6063cb8c
[8:48:13 AM] 📝 GET /api/display/room/696f36019adeec8a6063cb8c
[8:49:13 AM] 📝 GET /api/display/room/696f36019adeec8a6063cb8c
[8:50:13 AM] 📝 GET /api/display/room/696f36019adeec8a6063cb8c
[8:51:13 AM] 📝 GET /api/display/room/696f36019adeec8a6063cb8c
[8:52:13 AM] 📝 GET /api/display/room/696f36019adeec8a6063cb8c
[8:53:13 AM] 📝 GET /api/display/room/696f36019adeec8a6063cb8c
[8:54:13 AM] 📝 GET /api/display/room/696f36019adeec8a6063cb8c
[9:05:11 AM] 📝 GET /api/display/room/696f36019adeec8a6063cb8c
[9:06:11 AM] 📝 GET /api/display/room/696f36019adeec8a6063cb8c
[9:07:11 AM] 📝 GET /api/display/room/696f36019adeec8a6063cb8c
[9:08:11 AM] 📝 GET /api/display/room/696f36019adeec8a6063cb8c
[9:09:11 AM] 📝 GET /api/display/room/696f36019adeec8a6063cb8c
[9:10:11 AM] 📝 GET /api/display/room/696f36019adeec8a6063cb8c
[9:11:11 AM] 📝 GET /api/display/room/696f36019adeec8a6063cb8c
[9:12:11 AM] 📝 GET /api/display/room/696f36019adeec8a6063cb8c
[9:13:11 AM] 📝 GET /api/display/room/696f36019adeec8a6063cb8c
[9:14:11 AM] 📝 GET /api/display/room/696f36019adeec8a6063cb8c
[9:15:11 AM] 📝 GET /api/display/room/696f36019adeec8a6063cb8c
[9:16:11 AM] 📝 GET /api/display/room/696f36019adeec8a6063cb8c
[9:17:11 AM] 📝 GET /api/display/room/696f36019adeec8a6063cb8c
[9:18:11 AM] 📝 GET /api/display/room/696f36019adeec8a6063cb8c
[9:19:11 AM] 📝 GET /api/display/room/696f36019adeec8a6063cb8c
[1:20:54 AM] 📝 GET /api/display/room/696f36019adeec8a6063cb8c
[1:20:55 AM] 📝 GET /api/display/uploads/696f36019adeec8a6063cb8c_1778837162683.png
[1:21:54 AM] 📝 GET /api/display/room/696f36019adeec8a6063cb8c
[1:22:54 AM] 📝 GET /api/display/room/696f36019adeec8a6063cb8c
[1:23:54 AM] 📝 GET /api/display/room/696f36019adeec8a6063cb8c
[1:24:54 AM] 📝 GET /api/display/room/696f36019adeec8a6063cb8c
[1:25:54 AM] 📝 GET /api/display/room/696f36019adeec8a6063cb8c
[1:26:54 AM] 📝 GET /api/display/room/696f36019adeec8a6063cb8c
[1:27:54 AM] 📝 GET /api/display/room/696f36019adeec8a6063cb8c
[1:28:54 AM] 📝 GET /api/display/room/696f36019adeec8a6063cb8c
[1:29:54 AM] 📝 GET /api/display/room/696f36019adeec8a6063cb8c
[1:30:54 AM] 📝 GET /api/display/room/696f36019adeec8a6063cb8c
[1:31:54 AM] 📝 GET /api/display/room/696f36019adeec8a6063cb8c
[1:32:54 AM] 📝 GET /api/display/room/696f36019adeec8a6063cb8c
[1:33:54 AM] 📝 GET /api/display/room/696f36019adeec8a6063cb8c
[1:34:54 AM] 📝 GET /api/display/room/696f36019adeec8a6063cb8c
[1:45:53 AM] 📝 GET /api/display/room/696f36019adeec8a6063cb8c
[1:46:53 AM] 📝 GET /api/display/room/696f36019adeec8a6063cb8c
[1:47:53 AM] 📝 GET /api/display/room/696f36019adeec8a6063cb8c
[1:48:53 AM] 📝 GET /api/display/room/696f36019adeec8a6063cb8c
[1:49:53 AM] 📝 GET /api/display/room/696f36019adeec8a6063cb8c
[1:50:53 AM] 📝 GET /api/display/room/696f36019adeec8a6063cb8c
[1:51:53 AM] 📝 GET /api/display/room/696f36019adeec8a6063cb8c
[1:52:53 AM] 📝 GET /api/display/room/696f36019adeec8a6063cb8c
[1:53:53 AM] 📝 GET /api/display/room/696f36019adeec8a6063cb8c
[1:54:53 AM] 📝 GET /api/display/room/696f36019adeec8a6063cb8c
[1:55:53 AM] 📝 GET /api/display/room/696f36019adeec8a6063cb8c
[1:56:53 AM] 📝 GET /api/display/room/696f36019adeec8a6063cb8c
[1:57:53 AM] 📝 GET /api/display/room/696f36019adeec8a6063cb8c
[1:58:53 AM] 📝 GET /api/display/room/696f36019adeec8a6063cb8c
[1:59:53 AM] 📝 GET /api/display/room/696f36019adeec8a6063cb8c
[2:10:51 AM] 📝 GET /api/display/room/696f36019adeec8a6063cb8c
[2:11:51 AM] 📝 GET /api/display/room/696f36019adeec8a6063cb8c
[2:12:51 AM] 📝 GET /api/display/room/696f36019adeec8a6063cb8c
[2:13:51 AM] 📝 GET /api/display/room/696f36019adeec8a6063cb8c
[2:14:51 AM] 📝 GET /api/display/room/696f36019adeec8a6063cb8c
[2:15:51 AM] 📝 GET /api/display/room/696f36019adeec8a6063cb8c
[2:16:51 AM] 📝 GET /api/display/room/696f36019adeec8a6063cb8c
[2:17:51 AM] 📝 GET /api/display/room/696f36019adeec8a6063cb8c
[2:18:51 AM] 📝 GET /api/display/room/696f36019adeec8a6063cb8c
[2:19:51 AM] 📝 GET /api/display/room/696f36019adeec8a6063cb8c
[2:20:51 AM] 📝 GET /api/display/room/696f36019adeec8a6063cb8c
[2:21:51 AM] 📝 GET /api/display/room/696f36019adeec8a6063cb8c
[2:22:51 AM] 📝 GET /api/display/room/696f36019adeec8a6063cb8c
[2:23:51 AM] 📝 GET /api/display/room/696f36019adeec8a6063cb8c
[2:24:51 AM] 📝 GET /api/display/room/696f36019adeec8a6063cb8c
[2:35:49 AM] 📝 GET /api/display/room/696f36019adeec8a6063cb8c
[2:36:49 AM] 📝 GET /api/display/room/696f36019adeec8a6063cb8c
[2:37:49 AM] 📝 GET /api/display/room/696f36019adeec8a6063cb8c
[2:38:49 AM] 📝 GET /api/display/room/696f36019adeec8a6063cb8c
[2:39:49 AM] 📝 GET /api/display/room/696f36019adeec8a6063cb8c
[2:40:49 AM] 📝 GET /api/display/room/696f36019adeec8a6063cb8c
[2:41:49 AM] 📝 GET /api/display/room/696f36019adeec8a6063cb8c
[2:42:49 AM] 📝 GET /api/display/room/696f36019adeec8a6063cb8c
[2:43:49 AM] 📝 GET /api/display/room/696f36019adeec8a6063cb8c
[2:44:49 AM] 📝 GET /api/display/room/696f36019adeec8a6063cb8c
[2:45:49 AM] 📝 GET /api/display/room/696f36019adeec8a6063cb8c
[2:46:49 AM] 📝 GET /api/display/room/696f36019adeec8a6063cb8c
[2:47:49 AM] 📝 GET /api/display/room/696f36019adeec8a6063cb8c
[2:48:49 AM] 📝 GET /api/display/room/696f36019adeec8a6063cb8c
[2:49:49 AM] 📝 GET /api/display/room/696f36019adeec8a6063cb8c
[3:00:47 AM] 📝 GET /api/display/room/696f36019adeec8a6063cb8c
[3:01:47 AM] 📝 GET /api/display/room/696f36019adeec8a6063cb8c
[3:02:47 AM] 📝 GET /api/display/room/696f36019adeec8a6063cb8c
[3:03:47 AM] 📝 GET /api/display/room/696f36019adeec8a6063cb8c
[3:04:47 AM] 📝 GET /api/display/room/696f36019adeec8a6063cb8c
[3:05:47 AM] 📝 GET /api/display/room/696f36019adeec8a6063cb8c
[3:06:47 AM] 📝 GET /api/display/room/696f36019adeec8a6063cb8c
[3:07:47 AM] 📝 GET /api/display/room/696f36019adeec8a6063cb8c
[3:08:47 AM] 📝 GET /api/display/room/696f36019adeec8a6063cb8c
[3:09:47 AM] 📝 GET /api/display/room/696f36019adeec8a6063cb8c
[3:10:47 AM] 📝 GET /api/display/room/696f36019adeec8a6063cb8c
[3:11:47 AM] 📝 GET /api/display/room/696f36019adeec8a6063cb8c
[3:12:47 AM] 📝 GET /api/display/room/696f36019adeec8a6063cb8c
[3:13:47 AM] 📝 GET /api/display/room/696f36019adeec8a6063cb8c
[3:14:47 AM] 📝 GET /api/display/room/696f36019adeec8a6063cb8c
[3:25:45 AM] 📝 GET /api/display/room/696f36019adeec8a6063cb8c
[3:26:45 AM] 📝 GET /api/display/room/696f36019adeec8a6063cb8c
[3:27:45 AM] 📝 GET /api/display/room/696f36019adeec8a6063cb8c
[3:28:45 AM] 📝 GET /api/display/room/696f36019adeec8a6063cb8c
[3:29:45 AM] 📝 GET /api/display/room/696f36019adeec8a6063cb8c
[3:30:45 AM] 📝 GET /api/display/room/696f36019adeec8a6063cb8c
[3:31:45 AM] 📝 GET /api/display/room/696f36019adeec8a6063cb8c
[3:32:45 AM] 📝 GET /api/display/room/696f36019adeec8a6063cb8c
[3:33:45 AM] 📝 GET /api/display/room/696f36019adeec8a6063cb8c
[3:34:45 AM] 📝 GET /api/display/room/696f36019adeec8a6063cb8c
[3:35:45 AM] 📝 GET /api/display/room/696f36019adeec8a6063cb8c
[3:36:45 AM] 📝 GET /api/display/room/696f36019adeec8a6063cb8c
[3:37:45 AM] 📝 GET /api/display/room/696f36019adeec8a6063cb8c
[3:38:45 AM] 📝 GET /api/display/room/696f36019adeec8a6063cb8c
[3:39:45 AM] 📝 GET /api/display/room/696f36019adeec8a6063cb8c
[3:50:43 AM] 📝 GET /api/display/room/696f36019adeec8a6063cb8c
[3:51:43 AM] 📝 GET /api/display/room/696f36019adeec8a6063cb8c
[3:52:43 AM] 📝 GET /api/display/room/696f36019adeec8a6063cb8c
[3:53:43 AM] 📝 GET /api/display/room/696f36019adeec8a6063cb8c
[3:54:43 AM] 📝 GET /api/display/room/696f36019adeec8a6063cb8c
[3:55:43 AM] 📝 GET /api/display/room/696f36019adeec8a6063cb8c
[3:56:43 AM] 📝 GET /api/display/room/696f36019adeec8a6063cb8c
[3:57:43 AM] 📝 GET /api/display/room/696f36019adeec8a6063cb8c
[3:58:43 AM] 📝 GET /api/display/room/696f36019adeec8a6063cb8c
[3:59:43 AM] 📝 GET /api/display/room/696f36019adeec8a6063cb8c
[4:00:43 AM] 📝 GET /api/display/room/696f36019adeec8a6063cb8c
[4:01:43 AM] 📝 GET /api/display/room/696f36019adeec8a6063cb8c
[4:02:43 AM] 📝 GET /api/display/room/696f36019adeec8a6063cb8c
[4:03:43 AM] 📝 GET /api/display/room/696f36019adeec8a6063cb8c
[4:04:43 AM] 📝 GET /api/display/room/696f36019adeec8a6063cb8c
[4:15:41 AM] 📝 GET /api/display/room/696f36019adeec8a6063cb8c
[4:16:41 AM] 📝 GET /api/display/room/696f36019adeec8a6063cb8c
[4:17:41 AM] 📝 GET /api/display/room/696f36019adeec8a6063cb8c
[4:18:41 AM] 📝 GET /api/display/room/696f36019adeec8a6063cb8c
[4:19:41 AM] 📝 GET /api/display/room/696f36019adeec8a6063cb8c
[4:20:41 AM] 📝 GET /api/display/room/696f36019adeec8a6063cb8c
[4:21:41 AM] 📝 GET /api/display/room/696f36019adeec8a6063cb8c
[4:22:41 AM] 📝 GET /api/display/room/696f36019adeec8a6063cb8c
[4:23:41 AM] 📝 GET /api/display/room/696f36019adeec8a6063cb8c
[4:24:41 AM] 📝 GET /api/display/room/696f36019adeec8a6063cb8c
[4:25:41 AM] 📝 GET /api/display/room/696f36019adeec8a6063cb8c
[4:26:41 AM] 📝 GET /api/display/room/696f36019adeec8a6063cb8c
[4:27:41 AM] 📝 GET /api/display/room/696f36019adeec8a6063cb8c
[4:28:41 AM] 📝 GET /api/display/room/696f36019adeec8a6063cb8c
[4:29:41 AM] 📝 GET /api/display/room/696f36019adeec8a6063cb8c
[4:40:39 AM] 📝 GET /api/display/room/696f36019adeec8a6063cb8c
[4:41:40 AM] 📝 GET /api/display/room/696f36019adeec8a6063cb8c
[4:42:40 AM] 📝 GET /api/display/room/696f36019adeec8a6063cb8c
[4:43:39 AM] 📝 GET /api/display/room/696f36019adeec8a6063cb8c
[4:44:40 AM] 📝 GET /api/display/room/696f36019adeec8a6063cb8c
[4:45:40 AM] 📝 GET /api/display/room/696f36019adeec8a6063cb8c
[4:46:40 AM] 📝 GET /api/display/room/696f36019adeec8a6063cb8c
[4:47:39 AM] 📝 GET /api/display/room/696f36019adeec8a6063cb8c
[4:48:39 AM] 📝 GET /api/display/room/696f36019adeec8a6063cb8c
[4:49:40 AM] 📝 GET /api/display/room/696f36019adeec8a6063cb8c
[4:50:40 AM] 📝 GET /api/display/room/696f36019adeec8a6063cb8c
[4:51:39 AM] 📝 GET /api/display/room/696f36019adeec8a6063cb8c
[4:52:40 AM] 📝 GET /api/display/room/696f36019adeec8a6063cb8c
[4:53:39 AM] 📝 GET /api/display/room/696f36019adeec8a6063cb8c
[4:54:40 AM] 📝 GET /api/display/room/696f36019adeec8a6063cb8c
[5:05:37 AM] 📝 GET /api/display/room/696f36019adeec8a6063cb8c
[5:06:37 AM] 📝 GET /api/display/room/696f36019adeec8a6063cb8c
[5:07:37 AM] 📝 GET /api/display/room/696f36019adeec8a6063cb8c
[5:08:37 AM] 📝 GET /api/display/room/696f36019adeec8a6063cb8c
[5:09:37 AM] 📝 GET /api/display/room/696f36019adeec8a6063cb8c
[5:10:37 AM] 📝 GET /api/display/room/696f36019adeec8a6063cb8c
[5:11:37 AM] 📝 GET /api/display/room/696f36019adeec8a6063cb8c
[5:12:37 AM] 📝 GET /api/display/room/696f36019adeec8a6063cb8c
[5:13:37 AM] 📝 GET /api/display/room/696f36019adeec8a6063cb8c
[5:14:37 AM] 📝 GET /api/display/room/696f36019adeec8a6063cb8c
[5:15:37 AM] 📝 GET /api/display/room/696f36019adeec8a6063cb8c
[5:16:37 AM] 📝 GET /api/display/room/696f36019adeec8a6063cb8c
[5:17:37 AM] 📝 GET /api/display/room/696f36019adeec8a6063cb8c
[5:18:37 AM] 📝 GET /api/display/room/696f36019adeec8a6063cb8c
[5:19:37 AM] 📝 GET /api/display/room/696f36019adeec8a6063cb8c
[5:30:36 AM] 📝 GET /api/display/room/696f36019adeec8a6063cb8c
[5:30:37 AM] 📝 GET /api/display/uploads/696f36019adeec8a6063cb8c_1778837162683.png
[5:31:36 AM] 📝 GET /api/display/room/696f36019adeec8a6063cb8c
[5:32:36 AM] 📝 GET /api/display/room/696f36019adeec8a6063cb8c
[5:33:36 AM] 📝 GET /api/display/room/696f36019adeec8a6063cb8c
[5:34:36 AM] 📝 GET /api/display/room/696f36019adeec8a6063cb8c
[5:35:37 AM] 📝 GET /api/display/room/696f36019adeec8a6063cb8c
[5:36:36 AM] 📝 GET /api/display/room/696f36019adeec8a6063cb8c
[5:37:36 AM] 📝 GET /api/display/room/696f36019adeec8a6063cb8c
[5:38:36 AM] 📝 GET /api/display/room/696f36019adeec8a6063cb8c
[5:39:36 AM] 📝 GET /api/display/room/696f36019adeec8a6063cb8c
[5:40:36 AM] 📝 GET /api/display/room/696f36019adeec8a6063cb8c
[5:41:37 AM] 📝 GET /api/display/room/696f36019adeec8a6063cb8c
[5:42:36 AM] 📝 GET /api/display/room/696f36019adeec8a6063cb8c
[5:43:36 AM] 📝 GET /api/display/room/696f36019adeec8a6063cb8c
[5:44:36 AM] 📝 GET /api/display/room/696f36019adeec8a6063cb8c
[5:55:34 AM] 📝 GET /api/display/room/696f36019adeec8a6063cb8c
[5:56:33 AM] 📝 GET /api/display/room/696f36019adeec8a6063cb8c
[5:57:33 AM] 📝 GET /api/display/room/696f36019adeec8a6063cb8c
[5:58:33 AM] 📝 GET /api/display/room/696f36019adeec8a6063cb8c
[5:59:33 AM] 📝 GET /api/display/room/696f36019adeec8a6063cb8c
[6:00:33 AM] 📝 GET /api/display/room/696f36019adeec8a6063cb8c
[6:01:34 AM] 📝 GET /api/display/room/696f36019adeec8a6063cb8c
[6:02:33 AM] 📝 GET /api/display/room/696f36019adeec8a6063cb8c
[6:03:33 AM] 📝 GET /api/display/room/696f36019adeec8a6063cb8c
[6:04:33 AM] 📝 GET /api/display/room/696f36019adeec8a6063cb8c
[6:05:33 AM] 📝 GET /api/display/room/696f36019adeec8a6063cb8c
[6:06:33 AM] 📝 GET /api/display/room/696f36019adeec8a6063cb8c
[6:07:14 AM] 📝 GET /api/auth/me
[6:07:23 AM] 📝 POST /api/auth/login
[6:07:23 AM] 📝 GET /api/rooms
[6:07:30 AM] 📝 GET /api/rooms/696f36019adeec8a6063cb8c
[6:07:30 AM] 📝 GET /api/bookings
[6:07:34 AM] 📝 GET /api/display/room/696f36019adeec8a6063cb8c
[6:08:33 AM] 📝 GET /api/display/room/696f36019adeec8a6063cb8c
[6:09:33 AM] 📝 GET /api/display/room/696f36019adeec8a6063cb8c
[6:20:31 AM] 📝 GET /api/display/room/696f36019adeec8a6063cb8c
[6:21:31 AM] 📝 GET /api/display/room/696f36019adeec8a6063cb8c
[6:22:31 AM] 📝 GET /api/display/room/696f36019adeec8a6063cb8c
[6:23:31 AM] 📝 GET /api/display/room/696f36019adeec8a6063cb8c
[6:24:31 AM] 📝 GET /api/display/room/696f36019adeec8a6063cb8c
[6:25:31 AM] 📝 GET /api/display/room/696f36019adeec8a6063cb8c
[6:26:31 AM] 📝 GET /api/display/room/696f36019adeec8a6063cb8c
[6:27:31 AM] 📝 GET /api/display/room/696f36019adeec8a6063cb8c
[6:28:31 AM] 📝 GET /api/display/room/696f36019adeec8a6063cb8c
[6:29:31 AM] 📝 GET /api/display/room/696f36019adeec8a6063cb8c
[6:30:31 AM] 📝 GET /api/display/room/696f36019adeec8a6063cb8c
[6:31:31 AM] 📝 GET /api/display/room/696f36019adeec8a6063cb8c
[6:32:31 AM] 📝 GET /api/display/room/696f36019adeec8a6063cb8c
[6:33:31 AM] 📝 GET /api/display/room/696f36019adeec8a6063cb8c
[6:34:31 AM] 📝 GET /api/display/room/696f36019adeec8a6063cb8c
[6:45:29 AM] 📝 GET /api/display/room/696f36019adeec8a6063cb8c
[6:46:29 AM] 📝 GET /api/display/room/696f36019adeec8a6063cb8c
[6:47:29 AM] 📝 GET /api/display/room/696f36019adeec8a6063cb8c
[6:48:29 AM] 📝 GET /api/display/room/696f36019adeec8a6063cb8c
[6:49:29 AM] 📝 GET /api/display/room/696f36019adeec8a6063cb8c
[6:50:29 AM] 📝 GET /api/display/room/696f36019adeec8a6063cb8c
[6:51:29 AM] 📝 GET /api/display/room/696f36019adeec8a6063cb8c
[6:52:29 AM] 📝 GET /api/display/room/696f36019adeec8a6063cb8c
[6:53:29 AM] 📝 GET /api/display/room/696f36019adeec8a6063cb8c
[6:54:29 AM] 📝 GET /api/display/room/696f36019adeec8a6063cb8c
[6:55:29 AM] 📝 GET /api/display/room/696f36019adeec8a6063cb8c
[6:56:29 AM] 📝 GET /api/display/room/696f36019adeec8a6063cb8c
[6:57:29 AM] 📝 GET /api/display/room/696f36019adeec8a6063cb8c
[6:58:29 AM] 📝 GET /api/display/room/696f36019adeec8a6063cb8c
[6:59:29 AM] 📝 GET /api/display/room/696f36019adeec8a6063cb8c
[7:10:27 AM] 📝 GET /api/display/room/696f36019adeec8a6063cb8c
[7:11:27 AM] 📝 GET /api/display/room/696f36019adeec8a6063cb8c
[7:12:27 AM] 📝 GET /api/display/room/696f36019adeec8a6063cb8c
[7:13:27 AM] 📝 GET /api/display/room/696f36019adeec8a6063cb8c
[7:14:27 AM] 📝 GET /api/display/room/696f36019adeec8a6063cb8c
[7:15:27 AM] 📝 GET /api/display/room/696f36019adeec8a6063cb8c
[7:16:27 AM] 📝 GET /api/display/room/696f36019adeec8a6063cb8c
[7:17:27 AM] 📝 GET /api/display/room/696f36019adeec8a6063cb8c
[7:18:04 AM] 📝 GET /api/auth/me
[7:18:05 AM] 📝 POST /api/auth/login
[7:18:06 AM] 📝 GET /api/rooms
[7:18:07 AM] 📝 GET /api/admin/dashboard/statistics
[7:18:08 AM] 📝 GET /api/admin/bookings
[7:18:22 AM] 📝 GET /api/bookings/my-bookings
[7:18:22 AM] 📝 GET /api/admin/dashboard/statistics
[7:18:23 AM] 📝 GET /api/admin/bookings
[7:18:25 AM] 📝 GET /api/bookings
[7:18:26 AM] 📝 GET /api/admin/dashboard/statistics
[7:18:27 AM] 📝 GET /api/admin/bookings
[7:18:27 AM] 📝 GET /api/display/room/696f36019adeec8a6063cb8c
[7:18:42 AM] 📝 PUT /api/admin/bookings/6a2781e5f9491de83487c09e/status
[7:18:44 AM] 📝 GET /api/admin/bookings
[7:19:27 AM] 📝 GET /api/display/room/696f36019adeec8a6063cb8c
[7:20:27 AM] 📝 GET /api/display/room/696f36019adeec8a6063cb8c
[7:21:27 AM] 📝 GET /api/display/room/696f36019adeec8a6063cb8c
[7:22:27 AM] 📝 GET /api/display/room/696f36019adeec8a6063cb8c
[7:23:27 AM] 📝 GET /api/display/room/696f36019adeec8a6063cb8c
[7:24:27 AM] 📝 GET /api/display/room/696f36019adeec8a6063cb8c
[7:35:25 AM] 📝 GET /api/display/room/696f36019adeec8a6063cb8c
[7:36:25 AM] 📝 GET /api/display/room/696f36019adeec8a6063cb8c
[7:37:25 AM] 📝 GET /api/display/room/696f36019adeec8a6063cb8c
[7:38:25 AM] 📝 GET /api/display/room/696f36019adeec8a6063cb8c
[7:39:25 AM] 📝 GET /api/display/room/696f36019adeec8a6063cb8c
[7:40:25 AM] 📝 GET /api/display/room/696f36019adeec8a6063cb8c
[7:41:25 AM] 📝 GET /api/display/room/696f36019adeec8a6063cb8c
[7:42:25 AM] 📝 GET /api/display/room/696f36019adeec8a6063cb8c
[7:43:25 AM] 📝 GET /api/display/room/696f36019adeec8a6063cb8c
[7:44:25 AM] 📝 GET /api/display/room/696f36019adeec8a6063cb8c
[7:45:25 AM] 📝 GET /api/display/room/696f36019adeec8a6063cb8c
[7:46:25 AM] 📝 GET /api/display/room/696f36019adeec8a6063cb8c
[7:47:25 AM] 📝 GET /api/display/room/696f36019adeec8a6063cb8c
[7:48:25 AM] 📝 GET /api/display/room/696f36019adeec8a6063cb8c
[7:49:25 AM] 📝 GET /api/display/room/696f36019adeec8a6063cb8c
[8:00:23 AM] 📝 GET /api/display/room/696f36019adeec8a6063cb8c
[8:01:23 AM] 📝 GET /api/display/room/696f36019adeec8a6063cb8c
[8:02:23 AM] 📝 GET /api/display/room/696f36019adeec8a6063cb8c
[8:03:23 AM] 📝 GET /api/display/room/696f36019adeec8a6063cb8c
[8:04:23 AM] 📝 GET /api/display/room/696f36019adeec8a6063cb8c
[8:04:34 AM] 📝 GET /api/display/room/696f36019adeec8a6063cb8c
[8:04:35 AM] 📝 GET /api/display/room/696f36019adeec8a6063cb8c
[8:04:35 AM] 📝 GET /api/display/uploads/696f36019adeec8a6063cb8c_1778837162683.png
[8:05:23 AM] 📝 GET /api/display/room/696f36019adeec8a6063cb8c
[8:05:35 AM] 📝 GET /api/display/room/696f36019adeec8a6063cb8c
[8:05:35 AM] 📝 GET /api/display/room/696f36019adeec8a6063cb8c
[8:06:23 AM] 📝 GET /api/display/room/696f36019adeec8a6063cb8c
[8:06:35 AM] 📝 GET /api/display/room/696f36019adeec8a6063cb8c
[8:06:35 AM] 📝 GET /api/display/room/696f36019adeec8a6063cb8c
[8:07:23 AM] 📝 GET /api/display/room/696f36019adeec8a6063cb8c
[8:07:35 AM] 📝 GET /api/display/room/696f36019adeec8a6063cb8c
[8:07:35 AM] 📝 GET /api/display/room/696f36019adeec8a6063cb8c
[8:08:17 AM] 📝 GET /api/rooms
[8:08:23 AM] 📝 GET /api/display/room/696f36019adeec8a6063cb8c
[8:08:25 AM] 📝 GET /api/rooms/69490a065e1a04f70b859cab
[8:08:25 AM] 📝 GET /api/bookings
[8:08:31 AM] 📝 GET /api/bookings
[8:08:39 AM] 📝 GET /api/rooms
[8:09:23 AM] 📝 GET /api/display/room/696f36019adeec8a6063cb8c
[8:10:23 AM] 📝 GET /api/display/room/696f36019adeec8a6063cb8c
[8:11:23 AM] 📝 GET /api/display/room/696f36019adeec8a6063cb8c
[8:12:23 AM] 📝 GET /api/display/room/696f36019adeec8a6063cb8c
[8:13:18 AM] 📝 GET /api/display/room/696f36019adeec8a6063cb8c
[8:13:18 AM] 📝 GET /api/display/room/696f36019adeec8a6063cb8c
[8:13:23 AM] 📝 GET /api/display/room/696f36019adeec8a6063cb8c
[8:13:23 AM] 📝 GET /api/display/room/696f36019adeec8a6063cb8c
[8:14:23 AM] 📝 GET /api/display/room/696f36019adeec8a6063cb8c
[8:14:37 AM] 📝 GET /api/display/room/696f36019adeec8a6063cb8c
[8:15:37 AM] 📝 GET /api/display/room/696f36019adeec8a6063cb8c
[8:16:37 AM] 📝 GET /api/display/room/696f36019adeec8a6063cb8c
[8:17:37 AM] 📝 GET /api/display/room/696f36019adeec8a6063cb8c
[8:18:37 AM] 📝 GET /api/display/room/696f36019adeec8a6063cb8c
[8:19:37 AM] 📝 GET /api/display/room/696f36019adeec8a6063cb8c
[8:20:18 AM] 📝 GET /api/display/room/696f36019adeec8a6063cb8c
[8:20:19 AM] 📝 GET /api/display/uploads/696f36019adeec8a6063cb8c_1778837162683.png
[8:20:19 AM] 📝 GET /api/display/room/696f36019adeec8a6063cb8c
[8:20:19 AM] 📝 GET /api/display/uploads/696f36019adeec8a6063cb8c_1778837162683.png
[8:20:37 AM] 📝 GET /api/display/room/696f36019adeec8a6063cb8c
[8:20:58 AM] 📝 GET /api/display/room/696f36019adeec8a6063cb8c
[8:20:58 AM] 📝 GET /api/display/uploads/696f36019adeec8a6063cb8c_1778837162683.png
[8:21:18 AM] 📝 GET /api/display/room/696f36019adeec8a6063cb8c
[8:21:19 AM] 📝 GET /api/display/room/696f36019adeec8a6063cb8c
[8:21:37 AM] 📝 GET /api/display/room/696f36019adeec8a6063cb8c
[8:21:54 AM] 📝 GET /api/display/room/696f36019adeec8a6063cb8c
[8:21:54 AM] 📝 GET /api/display/uploads/696f36019adeec8a6063cb8c_1778837162683.png
[8:21:58 AM] 📝 GET /api/display/room/696f36019adeec8a6063cb8c
[8:22:18 AM] 📝 GET /api/display/room/696f36019adeec8a6063cb8c
[8:22:19 AM] 📝 GET /api/display/room/696f36019adeec8a6063cb8c
[8:22:37 AM] 📝 GET /api/display/room/696f36019adeec8a6063cb8c
[8:22:54 AM] 📝 GET /api/display/room/696f36019adeec8a6063cb8c
[8:22:58 AM] 📝 GET /api/display/room/696f36019adeec8a6063cb8c
[8:23:18 AM] 📝 GET /api/display/room/696f36019adeec8a6063cb8c
[8:23:19 AM] 📝 GET /api/display/room/696f36019adeec8a6063cb8c
[8:23:38 AM] 📝 GET /api/display/room/696f36019adeec8a6063cb8c
[8:23:54 AM] 📝 GET /api/display/room/696f36019adeec8a6063cb8c
[8:23:58 AM] 📝 GET /api/display/room/696f36019adeec8a6063cb8c
[8:24:18 AM] 📝 GET /api/display/room/696f36019adeec8a6063cb8c
[8:24:19 AM] 📝 GET /api/display/room/696f36019adeec8a6063cb8c
[8:24:37 AM] 📝 GET /api/display/room/696f36019adeec8a6063cb8c
[8:24:54 AM] 📝 GET /api/display/room/696f36019adeec8a6063cb8c
[8:24:58 AM] 📝 GET /api/display/room/696f36019adeec8a6063cb8c
[8:25:18 AM] 📝 GET /api/display/room/696f36019adeec8a6063cb8c
[8:25:19 AM] 📝 GET /api/display/room/696f36019adeec8a6063cb8c
[8:25:37 AM] 📝 GET /api/display/room/696f36019adeec8a6063cb8c
[8:25:54 AM] 📝 GET /api/display/room/696f36019adeec8a6063cb8c
[8:25:58 AM] 📝 GET /api/display/room/696f36019adeec8a6063cb8c
[8:26:18 AM] 📝 GET /api/display/room/696f36019adeec8a6063cb8c
[8:26:19 AM] 📝 GET /api/display/room/696f36019adeec8a6063cb8c
[8:26:37 AM] 📝 GET /api/display/room/696f36019adeec8a6063cb8c
[8:26:54 AM] 📝 GET /api/display/room/696f36019adeec8a6063cb8c
[8:26:58 AM] 📝 GET /api/display/room/696f36019adeec8a6063cb8c
[8:27:18 AM] 📝 GET /api/display/room/696f36019adeec8a6063cb8c
[8:27:19 AM] 📝 GET /api/display/room/696f36019adeec8a6063cb8c
[8:27:37 AM] 📝 GET /api/display/room/696f36019adeec8a6063cb8c
[8:27:54 AM] 📝 GET /api/display/room/696f36019adeec8a6063cb8c
[8:27:58 AM] 📝 GET /api/display/room/696f36019adeec8a6063cb8c
[8:28:18 AM] 📝 GET /api/display/room/696f36019adeec8a6063cb8c
[8:28:19 AM] 📝 GET /api/display/room/696f36019adeec8a6063cb8c
[8:28:37 AM] 📝 GET /api/display/room/696f36019adeec8a6063cb8c
[8:28:54 AM] 📝 GET /api/display/room/696f36019adeec8a6063cb8c
[8:28:58 AM] 📝 GET /api/display/room/696f36019adeec8a6063cb8c
[8:29:18 AM] 📝 GET /api/display/room/696f36019adeec8a6063cb8c
[8:29:19 AM] 📝 GET /api/display/room/696f36019adeec8a6063cb8c
[8:29:54 AM] 📝 GET /api/display/room/696f36019adeec8a6063cb8c
[8:29:58 AM] 📝 GET /api/display/room/696f36019adeec8a6063cb8c
[8:30:18 AM] 📝 GET /api/display/room/696f36019adeec8a6063cb8c
[8:30:19 AM] 📝 GET /api/display/room/696f36019adeec8a6063cb8c
[8:30:54 AM] 📝 GET /api/display/room/696f36019adeec8a6063cb8c
[8:30:58 AM] 📝 GET /api/display/room/696f36019adeec8a6063cb8c
[8:31:18 AM] 📝 GET /api/display/room/696f36019adeec8a6063cb8c
[8:31:19 AM] 📝 GET /api/display/room/696f36019adeec8a6063cb8c
[8:31:54 AM] 📝 GET /api/display/room/696f36019adeec8a6063cb8c
[8:31:58 AM] 📝 GET /api/display/room/696f36019adeec8a6063cb8c
[8:32:18 AM] 📝 GET /api/display/room/696f36019adeec8a6063cb8c
[8:32:19 AM] 📝 GET /api/display/room/696f36019adeec8a6063cb8c
[8:32:54 AM] 📝 GET /api/display/room/696f36019adeec8a6063cb8c
[8:32:58 AM] 📝 GET /api/display/room/696f36019adeec8a6063cb8c
[8:33:15 AM] 📝 GET /api/auth/me
[8:33:18 AM] 📝 GET /api/display/room/696f36019adeec8a6063cb8c
[8:33:19 AM] 📝 GET /api/display/room/696f36019adeec8a6063cb8c
[8:33:54 AM] 📝 GET /api/display/room/696f36019adeec8a6063cb8c
[8:33:58 AM] 📝 GET /api/display/room/696f36019adeec8a6063cb8c
[8:34:18 AM] 📝 GET /api/display/room/696f36019adeec8a6063cb8c
[8:34:19 AM] 📝 GET /api/display/room/696f36019adeec8a6063cb8c
[8:34:54 AM] 📝 GET /api/display/room/696f36019adeec8a6063cb8c
[8:34:58 AM] 📝 GET /api/display/room/696f36019adeec8a6063cb8c
[8:35:18 AM] 📝 GET /api/display/room/696f36019adeec8a6063cb8c
[8:35:19 AM] 📝 GET /api/display/room/696f36019adeec8a6063cb8c
[8:35:54 AM] 📝 GET /api/display/room/696f36019adeec8a6063cb8c
[8:35:58 AM] 📝 GET /api/display/room/696f36019adeec8a6063cb8c
[8:36:18 AM] 📝 GET /api/display/room/696f36019adeec8a6063cb8c
[8:36:19 AM] 📝 GET /api/display/room/696f36019adeec8a6063cb8c
[8:36:54 AM] 📝 GET /api/display/room/696f36019adeec8a6063cb8c
[8:36:58 AM] 📝 GET /api/display/room/696f36019adeec8a6063cb8c
[8:37:18 AM] 📝 GET /api/display/room/696f36019adeec8a6063cb8c
[8:37:19 AM] 📝 GET /api/display/room/696f36019adeec8a6063cb8c
[8:37:54 AM] 📝 GET /api/display/room/696f36019adeec8a6063cb8c
[8:37:58 AM] 📝 GET /api/display/room/696f36019adeec8a6063cb8c
[8:38:18 AM] 📝 GET /api/display/room/696f36019adeec8a6063cb8c
[8:38:19 AM] 📝 GET /api/display/room/696f36019adeec8a6063cb8c
[8:38:54 AM] 📝 GET /api/display/room/696f36019adeec8a6063cb8c
[8:38:58 AM] 📝 GET /api/display/room/696f36019adeec8a6063cb8c
[8:39:18 AM] 📝 GET /api/display/room/696f36019adeec8a6063cb8c
[8:39:19 AM] 📝 GET /api/display/room/696f36019adeec8a6063cb8c
[8:39:36 AM] 📝 GET /api/display/room/696f36019adeec8a6063cb8c
[8:39:54 AM] 📝 GET /api/display/room/696f36019adeec8a6063cb8c
[8:39:58 AM] 📝 GET /api/display/room/696f36019adeec8a6063cb8c
[8:40:18 AM] 📝 GET /api/display/room/696f36019adeec8a6063cb8c
[8:40:19 AM] 📝 GET /api/display/room/696f36019adeec8a6063cb8c
[8:40:36 AM] 📝 GET /api/display/room/696f36019adeec8a6063cb8c
[8:40:54 AM] 📝 GET /api/display/room/696f36019adeec8a6063cb8c
[8:40:58 AM] 📝 GET /api/display/room/696f36019adeec8a6063cb8c
[8:41:18 AM] 📝 GET /api/display/room/696f36019adeec8a6063cb8c
[8:41:19 AM] 📝 GET /api/display/room/696f36019adeec8a6063cb8c
[8:41:36 AM] 📝 GET /api/display/room/696f36019adeec8a6063cb8c
[8:41:54 AM] 📝 GET /api/display/room/696f36019adeec8a6063cb8c
[8:41:58 AM] 📝 GET /api/display/room/696f36019adeec8a6063cb8c
[8:42:18 AM] 📝 GET /api/display/room/696f36019adeec8a6063cb8c
[8:42:19 AM] 📝 GET /api/display/room/696f36019adeec8a6063cb8c
[8:42:36 AM] 📝 GET /api/display/room/696f36019adeec8a6063cb8c
[8:42:54 AM] 📝 GET /api/display/room/696f36019adeec8a6063cb8c
[8:42:58 AM] 📝 GET /api/display/room/696f36019adeec8a6063cb8c
[8:43:18 AM] 📝 GET /api/display/room/696f36019adeec8a6063cb8c
[8:43:19 AM] 📝 GET /api/display/room/696f36019adeec8a6063cb8c
[8:43:36 AM] 📝 GET /api/display/room/696f36019adeec8a6063cb8c
[8:43:54 AM] 📝 GET /api/display/room/696f36019adeec8a6063cb8c
[8:43:58 AM] 📝 GET /api/display/room/696f36019adeec8a6063cb8c
[8:44:18 AM] 📝 GET /api/display/room/696f36019adeec8a6063cb8c
[8:44:19 AM] 📝 GET /api/display/room/696f36019adeec8a6063cb8c
[8:44:36 AM] 📝 GET /api/display/room/696f36019adeec8a6063cb8c
[8:44:54 AM] 📝 GET /api/display/room/696f36019adeec8a6063cb8c
[8:44:58 AM] 📝 GET /api/display/room/696f36019adeec8a6063cb8c
[8:45:18 AM] 📝 GET /api/display/room/696f36019adeec8a6063cb8c
[8:45:19 AM] 📝 GET /api/display/room/696f36019adeec8a6063cb8c
[8:45:36 AM] 📝 GET /api/display/room/696f36019adeec8a6063cb8c
[8:45:54 AM] 📝 GET /api/display/room/696f36019adeec8a6063cb8c
[8:45:58 AM] 📝 GET /api/display/room/696f36019adeec8a6063cb8c
[8:46:18 AM] 📝 GET /api/display/room/696f36019adeec8a6063cb8c
[8:46:19 AM] 📝 GET /api/display/room/696f36019adeec8a6063cb8c
[8:46:36 AM] 📝 GET /api/display/room/696f36019adeec8a6063cb8c
[8:46:54 AM] 📝 GET /api/display/room/696f36019adeec8a6063cb8c
[8:46:58 AM] 📝 GET /api/display/room/696f36019adeec8a6063cb8c
[8:47:18 AM] 📝 GET /api/display/room/696f36019adeec8a6063cb8c
[8:47:19 AM] 📝 GET /api/display/room/696f36019adeec8a6063cb8c
[8:47:36 AM] 📝 GET /api/display/room/696f36019adeec8a6063cb8c
[8:47:54 AM] 📝 GET /api/display/room/696f36019adeec8a6063cb8c
[8:47:58 AM] 📝 GET /api/display/room/696f36019adeec8a6063cb8c
[8:48:18 AM] 📝 GET /api/display/room/696f36019adeec8a6063cb8c
[8:48:19 AM] 📝 GET /api/display/room/696f36019adeec8a6063cb8c
[8:48:36 AM] 📝 GET /api/display/room/696f36019adeec8a6063cb8c
[8:48:54 AM] 📝 GET /api/display/room/696f36019adeec8a6063cb8c
[8:48:58 AM] 📝 GET /api/display/room/696f36019adeec8a6063cb8c
[8:49:18 AM] 📝 GET /api/display/room/696f36019adeec8a6063cb8c
[8:49:19 AM] 📝 GET /api/display/room/696f36019adeec8a6063cb8c
[8:49:36 AM] 📝 GET /api/display/room/696f36019adeec8a6063cb8c
[8:49:54 AM] 📝 GET /api/display/room/696f36019adeec8a6063cb8c
[8:49:58 AM] 📝 GET /api/display/room/696f36019adeec8a6063cb8c
[8:50:36 AM] 📝 GET /api/display/room/696f36019adeec8a6063cb8c
[8:50:54 AM] 📝 GET /api/display/room/696f36019adeec8a6063cb8c
[8:51:36 AM] 📝 GET /api/display/room/696f36019adeec8a6063cb8c
[8:52:36 AM] 📝 GET /api/display/room/696f36019adeec8a6063cb8c
[8:53:36 AM] 📝 GET /api/display/room/696f36019adeec8a6063cb8c
[9:00:14 AM] 📝 GET /api/display/room/696f36019adeec8a6063cb8c
[9:00:15 AM] 📝 GET /api/display/room/696f36019adeec8a6063cb8c
[9:00:54 AM] 📝 GET /api/display/room/696f36019adeec8a6063cb8c
[9:01:13 AM] 📝 GET /api/display/room/696f36019adeec8a6063cb8c
[9:01:14 AM] 📝 GET /api/display/room/696f36019adeec8a6063cb8c
[9:01:49 AM] 📝 GET /api/display/room/696f36019adeec8a6063cb8c
[9:01:53 AM] 📝 GET /api/display/room/696f36019adeec8a6063cb8c
[9:02:13 AM] 📝 GET /api/display/room/696f36019adeec8a6063cb8c
[9:02:14 AM] 📝 GET /api/display/room/696f36019adeec8a6063cb8c
[9:02:49 AM] 📝 GET /api/display/room/696f36019adeec8a6063cb8c
[9:02:53 AM] 📝 GET /api/display/room/696f36019adeec8a6063cb8c
[9:03:13 AM] 📝 GET /api/display/room/696f36019adeec8a6063cb8c
[9:03:14 AM] 📝 GET /api/display/room/696f36019adeec8a6063cb8c
[9:03:49 AM] 📝 GET /api/display/room/696f36019adeec8a6063cb8c
[9:03:53 AM] 📝 GET /api/display/room/696f36019adeec8a6063cb8c
[9:04:13 AM] 📝 GET /api/display/room/696f36019adeec8a6063cb8c
[9:04:14 AM] 📝 GET /api/display/room/696f36019adeec8a6063cb8c
[9:04:34 AM] 📝 GET /api/display/room/696f36019adeec8a6063cb8c
[9:04:49 AM] 📝 GET /api/display/room/696f36019adeec8a6063cb8c
[9:04:53 AM] 📝 GET /api/display/room/696f36019adeec8a6063cb8c
[9:05:13 AM] 📝 GET /api/display/room/696f36019adeec8a6063cb8c
[9:05:14 AM] 📝 GET /api/display/room/696f36019adeec8a6063cb8c
[9:05:34 AM] 📝 GET /api/display/room/696f36019adeec8a6063cb8c
[9:05:49 AM] 📝 GET /api/display/room/696f36019adeec8a6063cb8c
[9:05:53 AM] 📝 GET /api/display/room/696f36019adeec8a6063cb8c
[9:06:13 AM] 📝 GET /api/display/room/696f36019adeec8a6063cb8c
[9:06:14 AM] 📝 GET /api/display/room/696f36019adeec8a6063cb8c
[9:06:34 AM] 📝 GET /api/display/room/696f36019adeec8a6063cb8c
[9:06:49 AM] 📝 GET /api/display/room/696f36019adeec8a6063cb8c
[9:06:53 AM] 📝 GET /api/display/room/696f36019adeec8a6063cb8c
[9:07:13 AM] 📝 GET /api/display/room/696f36019adeec8a6063cb8c
[9:07:14 AM] 📝 GET /api/display/room/696f36019adeec8a6063cb8c
[9:07:34 AM] 📝 GET /api/display/room/696f36019adeec8a6063cb8c
[9:07:49 AM] 📝 GET /api/display/room/696f36019adeec8a6063cb8c
[9:07:53 AM] 📝 GET /api/display/room/696f36019adeec8a6063cb8c
[9:08:13 AM] 📝 GET /api/display/room/696f36019adeec8a6063cb8c
[9:08:14 AM] 📝 GET /api/display/room/696f36019adeec8a6063cb8c
[9:08:34 AM] 📝 GET /api/display/room/696f36019adeec8a6063cb8c
[9:08:49 AM] 📝 GET /api/display/room/696f36019adeec8a6063cb8c
[9:08:53 AM] 📝 GET /api/display/room/696f36019adeec8a6063cb8c
[9:09:13 AM] 📝 GET /api/display/room/696f36019adeec8a6063cb8c
[9:09:14 AM] 📝 GET /api/display/room/696f36019adeec8a6063cb8c
[9:09:34 AM] 📝 GET /api/display/room/696f36019adeec8a6063cb8c
[9:09:49 AM] 📝 GET /api/display/room/696f36019adeec8a6063cb8c
[9:09:53 AM] 📝 GET /api/display/room/696f36019adeec8a6063cb8c
[9:10:13 AM] 📝 GET /api/display/room/696f36019adeec8a6063cb8c
[9:10:14 AM] 📝 GET /api/display/room/696f36019adeec8a6063cb8c
[9:10:34 AM] 📝 GET /api/display/room/696f36019adeec8a6063cb8c
[9:10:49 AM] 📝 GET /api/display/room/696f36019adeec8a6063cb8c
[9:10:54 AM] 📝 GET /api/display/room/696f36019adeec8a6063cb8c
[9:11:13 AM] 📝 GET /api/display/room/696f36019adeec8a6063cb8c
[9:11:14 AM] 📝 GET /api/display/room/696f36019adeec8a6063cb8c
[9:11:34 AM] 📝 GET /api/display/room/696f36019adeec8a6063cb8c
[9:11:49 AM] 📝 GET /api/display/room/696f36019adeec8a6063cb8c
[9:11:53 AM] 📝 GET /api/display/room/696f36019adeec8a6063cb8c
[9:12:13 AM] 📝 GET /api/display/room/696f36019adeec8a6063cb8c
[9:12:14 AM] 📝 GET /api/display/room/696f36019adeec8a6063cb8c
[9:12:34 AM] 📝 GET /api/display/room/696f36019adeec8a6063cb8c
[9:12:49 AM] 📝 GET /api/display/room/696f36019adeec8a6063cb8c
[9:12:53 AM] 📝 GET /api/display/room/696f36019adeec8a6063cb8c
[9:13:13 AM] 📝 GET /api/display/room/696f36019adeec8a6063cb8c
[9:13:14 AM] 📝 GET /api/display/room/696f36019adeec8a6063cb8c
[9:13:34 AM] 📝 GET /api/display/room/696f36019adeec8a6063cb8c
[9:13:49 AM] 📝 GET /api/display/room/696f36019adeec8a6063cb8c
[9:13:53 AM] 📝 GET /api/display/room/696f36019adeec8a6063cb8c
[9:14:13 AM] 📝 GET /api/display/room/696f36019adeec8a6063cb8c
[9:14:14 AM] 📝 GET /api/display/room/696f36019adeec8a6063cb8c
[9:14:34 AM] 📝 GET /api/display/room/696f36019adeec8a6063cb8c
[9:14:49 AM] 📝 GET /api/display/room/696f36019adeec8a6063cb8c
[9:14:53 AM] 📝 GET /api/display/room/696f36019adeec8a6063cb8c
[9:15:34 AM] 📝 GET /api/display/room/696f36019adeec8a6063cb8c
[9:15:49 AM] 📝 GET /api/display/room/696f36019adeec8a6063cb8c
[9:16:34 AM] 📝 GET /api/display/room/696f36019adeec8a6063cb8c
[9:17:34 AM] 📝 GET /api/display/room/696f36019adeec8a6063cb8c
[9:18:34 AM] 📝 GET /api/display/room/696f36019adeec8a6063cb8c
[9:25:11 AM] 📝 GET /api/display/room/696f36019adeec8a6063cb8c
[9:25:12 AM] 📝 GET /api/display/room/696f36019adeec8a6063cb8c
[9:25:51 AM] 📝 GET /api/display/room/696f36019adeec8a6063cb8c
[9:26:11 AM] 📝 GET /api/display/room/696f36019adeec8a6063cb8c
[9:26:12 AM] 📝 GET /api/display/room/696f36019adeec8a6063cb8c
[9:26:46 AM] 📝 GET /api/display/room/696f36019adeec8a6063cb8c
[9:26:51 AM] 📝 GET /api/display/room/696f36019adeec8a6063cb8c
[9:27:11 AM] 📝 GET /api/display/room/696f36019adeec8a6063cb8c
[9:27:12 AM] 📝 GET /api/display/room/696f36019adeec8a6063cb8c
[9:27:46 AM] 📝 GET /api/display/room/696f36019adeec8a6063cb8c
[9:27:51 AM] 📝 GET /api/display/room/696f36019adeec8a6063cb8c
[9:28:11 AM] 📝 GET /api/display/room/696f36019adeec8a6063cb8c
[9:28:12 AM] 📝 GET /api/display/room/696f36019adeec8a6063cb8c
[9:28:46 AM] 📝 GET /api/display/room/696f36019adeec8a6063cb8c
[9:28:51 AM] 📝 GET /api/display/room/696f36019adeec8a6063cb8c
[9:29:11 AM] 📝 GET /api/display/room/696f36019adeec8a6063cb8c
[9:29:12 AM] 📝 GET /api/display/room/696f36019adeec8a6063cb8c
[9:29:33 AM] 📝 GET /api/display/room/696f36019adeec8a6063cb8c
[9:29:46 AM] 📝 GET /api/display/room/696f36019adeec8a6063cb8c
[9:29:51 AM] 📝 GET /api/display/room/696f36019adeec8a6063cb8c
[12:05:07 PM] 📝 POST /api/auth/exchange-code
━━━━━━━━━━━━━━━━━━━━━━━━━━━━━━━━━━
🔐 UMS Exchange Code Request
   📥 Method: POST
   📥 IP: 171.97.25.40
   📥 Origin: https://nssv.nsm.go.th
   📥 Referer: https://nssv.nsm.go.th/napp/auth/callback?code=270fac5780f02fab8d5740a3766a1f64ffd20ad40c8e8a750032db89e5a7cfd2
   📥 User-Agent: Mozilla/5.0 (Windows NT 10.0; Win64; x64) AppleWebKit/537.36 (KHTML, like Gecko) Chrome/148.0.0.0 Safari/537.36
   📥 Content-Type: application/json
   📥 Body Keys: [ 'code', 'projectCode' ]
   📥 code: 270fac5780f02fab8d5740a3766a1f64ffd20ad40c8e8a750032db89e5a7cfd2
   📥 projectCode: MEETBOOKING
   🔄 Calling: POST https://nssv.nsm.go.th/ums/api/auth/exchange-code
   📤 UMS Status: 200
   📤 UMS Response: {
  "status": "success",
  "token": "eyJhbGciOiJIUzI1NiIsInR5cCI6IkpXVCJ9.eyJpZCI6IjZhMjBmMWQ2NDA0YWExMWYwZWJmZmYwZiIsInJvbGUiOiJtZW1iZXIiLCJ1c2VybmFtZSI6InBva3BhayIsImlhdCI6MTc4MTA5MzEwOCwiZXhwIjoxNzgxMTc5NTA4fQ.lYk5X6aYGzvdnUponvqDwPjlxR6vzy7AREvbSNL7DtM",
  "user": {
    "id": "6a20f1d6404aa11f0ebfff0f",
    "username": "pokpak",
    "email": "propokpak@gmail.com",
    "firstName": "ปัณณพร",
    "lastName": "พวงสมบัติ",
    "role": "member",
    "phone": "0945263444"
  }
}
   🎯 Role: member → user
   ✅ Login success: ปัณณพร พวงสมบัติ (user)
━━━━━━━━━━━━━━━━━━━━━━━━━━━━━━━━━━
[12:05:08 PM] 📝 GET /api/rooms
[12:05:11 PM] 📝 GET /api/rooms/69490a065e1a04f70b859ca9
[12:05:11 PM] 📝 GET /api/bookings
[12:05:22 PM] 📝 GET /api/rooms
[12:05:25 PM] 📝 GET /api/rooms/69490a065e1a04f70b859caa
[12:05:25 PM] 📝 GET /api/bookings
[12:07:44 PM] 📝 GET /api/rooms
[12:07:46 PM] 📝 GET /api/bookings
[1:10:56 AM] 📝 GET /api/display/room/696f36019adeec8a6063cb8c
[1:10:57 AM] 📝 GET /api/display/room/696f36019adeec8a6063cb8c
[1:10:57 AM] 📝 GET /api/display/uploads/696f36019adeec8a6063cb8c_1778837162683.png
[1:10:57 AM] 📝 GET /api/display/uploads/696f36019adeec8a6063cb8c_1778837162683.png
[1:10:58 AM] 📝 GET /api/display/room/696f36019adeec8a6063cb8c
[1:10:58 AM] 📝 GET /api/display/room/696f36019adeec8a6063cb8c
[1:10:59 AM] 📝 GET /api/display/uploads/696f36019adeec8a6063cb8c_1778837162683.png
[1:10:59 AM] 📝 GET /api/display/uploads/696f36019adeec8a6063cb8c_1778837162683.png
[1:11:01 AM] 📝 GET /api/display/room/696f36019adeec8a6063cb8c
[1:11:03 AM] 📝 GET /api/display/uploads/696f36019adeec8a6063cb8c_1778837162683.png
[1:11:57 AM] 📝 GET /api/display/room/696f36019adeec8a6063cb8c
[1:11:57 AM] 📝 GET /api/display/room/696f36019adeec8a6063cb8c
[1:11:58 AM] 📝 GET /api/display/room/696f36019adeec8a6063cb8c
[1:11:59 AM] 📝 GET /api/display/room/696f36019adeec8a6063cb8c
[1:12:01 AM] 📝 GET /api/display/room/696f36019adeec8a6063cb8c
[1:12:56 AM] 📝 GET /api/display/room/696f36019adeec8a6063cb8c
[1:12:57 AM] 📝 GET /api/display/room/696f36019adeec8a6063cb8c
[1:12:58 AM] 📝 GET /api/display/room/696f36019adeec8a6063cb8c
[1:12:58 AM] 📝 GET /api/display/room/696f36019adeec8a6063cb8c
[1:13:01 AM] 📝 GET /api/display/room/696f36019adeec8a6063cb8c
[1:13:56 AM] 📝 GET /api/display/room/696f36019adeec8a6063cb8c
[1:13:57 AM] 📝 GET /api/display/room/696f36019adeec8a6063cb8c
[1:13:58 AM] 📝 GET /api/display/room/696f36019adeec8a6063cb8c
[1:13:58 AM] 📝 GET /api/display/room/696f36019adeec8a6063cb8c
[1:14:01 AM] 📝 GET /api/display/room/696f36019adeec8a6063cb8c
[1:14:56 AM] 📝 GET /api/display/room/696f36019adeec8a6063cb8c
[1:14:57 AM] 📝 GET /api/display/room/696f36019adeec8a6063cb8c
[1:14:58 AM] 📝 GET /api/display/room/696f36019adeec8a6063cb8c
[1:14:58 AM] 📝 GET /api/display/room/696f36019adeec8a6063cb8c
[1:15:01 AM] 📝 GET /api/display/room/696f36019adeec8a6063cb8c
[1:15:56 AM] 📝 GET /api/display/room/696f36019adeec8a6063cb8c
[1:15:57 AM] 📝 GET /api/display/room/696f36019adeec8a6063cb8c
[1:15:58 AM] 📝 GET /api/display/room/696f36019adeec8a6063cb8c
[1:15:58 AM] 📝 GET /api/display/room/696f36019adeec8a6063cb8c
[1:16:01 AM] 📝 GET /api/display/room/696f36019adeec8a6063cb8c
[1:16:56 AM] 📝 GET /api/display/room/696f36019adeec8a6063cb8c
[1:16:57 AM] 📝 GET /api/display/room/696f36019adeec8a6063cb8c
[1:16:58 AM] 📝 GET /api/display/room/696f36019adeec8a6063cb8c
[1:16:58 AM] 📝 GET /api/display/room/696f36019adeec8a6063cb8c
[1:17:01 AM] 📝 GET /api/display/room/696f36019adeec8a6063cb8c
[1:17:56 AM] 📝 GET /api/display/room/696f36019adeec8a6063cb8c
[1:17:57 AM] 📝 GET /api/display/room/696f36019adeec8a6063cb8c
[1:17:58 AM] 📝 GET /api/display/room/696f36019adeec8a6063cb8c
[1:17:58 AM] 📝 GET /api/display/room/696f36019adeec8a6063cb8c
[1:18:01 AM] 📝 GET /api/display/room/696f36019adeec8a6063cb8c
[1:18:56 AM] 📝 GET /api/display/room/696f36019adeec8a6063cb8c
[1:18:57 AM] 📝 GET /api/display/room/696f36019adeec8a6063cb8c
[1:18:58 AM] 📝 GET /api/display/room/696f36019adeec8a6063cb8c
[1:18:58 AM] 📝 GET /api/display/room/696f36019adeec8a6063cb8c
[1:19:01 AM] 📝 GET /api/display/room/696f36019adeec8a6063cb8c
[1:19:56 AM] 📝 GET /api/display/room/696f36019adeec8a6063cb8c
[1:19:57 AM] 📝 GET /api/display/room/696f36019adeec8a6063cb8c
[1:19:58 AM] 📝 GET /api/display/room/696f36019adeec8a6063cb8c
[1:19:58 AM] 📝 GET /api/display/room/696f36019adeec8a6063cb8c
[1:20:01 AM] 📝 GET /api/display/room/696f36019adeec8a6063cb8c
[1:20:56 AM] 📝 GET /api/display/room/696f36019adeec8a6063cb8c
[1:20:57 AM] 📝 GET /api/display/room/696f36019adeec8a6063cb8c
[1:20:58 AM] 📝 GET /api/display/room/696f36019adeec8a6063cb8c
[1:20:58 AM] 📝 GET /api/display/room/696f36019adeec8a6063cb8c
[1:21:01 AM] 📝 GET /api/display/room/696f36019adeec8a6063cb8c
[1:21:56 AM] 📝 GET /api/display/room/696f36019adeec8a6063cb8c
[1:21:57 AM] 📝 GET /api/display/room/696f36019adeec8a6063cb8c
[1:21:58 AM] 📝 GET /api/display/room/696f36019adeec8a6063cb8c
[1:21:58 AM] 📝 GET /api/display/room/696f36019adeec8a6063cb8c
[1:22:01 AM] 📝 GET /api/display/room/696f36019adeec8a6063cb8c
[1:22:56 AM] 📝 GET /api/display/room/696f36019adeec8a6063cb8c
[1:22:57 AM] 📝 GET /api/display/room/696f36019adeec8a6063cb8c
[1:22:58 AM] 📝 GET /api/display/room/696f36019adeec8a6063cb8c
[1:22:58 AM] 📝 GET /api/display/room/696f36019adeec8a6063cb8c
[1:23:01 AM] 📝 GET /api/display/room/696f36019adeec8a6063cb8c
[1:23:56 AM] 📝 GET /api/display/room/696f36019adeec8a6063cb8c
[1:23:57 AM] 📝 GET /api/display/room/696f36019adeec8a6063cb8c
[1:23:58 AM] 📝 GET /api/display/room/696f36019adeec8a6063cb8c
[1:23:58 AM] 📝 GET /api/display/room/696f36019adeec8a6063cb8c
[1:24:01 AM] 📝 GET /api/display/room/696f36019adeec8a6063cb8c
[1:24:56 AM] 📝 GET /api/display/room/696f36019adeec8a6063cb8c
[1:24:57 AM] 📝 GET /api/display/room/696f36019adeec8a6063cb8c
[1:24:58 AM] 📝 GET /api/display/room/696f36019adeec8a6063cb8c
[1:24:58 AM] 📝 GET /api/display/room/696f36019adeec8a6063cb8c
[1:25:01 AM] 📝 GET /api/display/room/696f36019adeec8a6063cb8c
[1:35:47 AM] 📝 GET /api/display/room/696f36019adeec8a6063cb8c
[1:35:49 AM] 📝 GET /api/display/room/696f36019adeec8a6063cb8c
[1:35:50 AM] 📝 GET /api/display/room/696f36019adeec8a6063cb8c
[1:35:51 AM] 📝 GET /api/display/room/696f36019adeec8a6063cb8c
[1:35:51 AM] 📝 GET /api/display/room/696f36019adeec8a6063cb8c
[1:36:47 AM] 📝 GET /api/display/room/696f36019adeec8a6063cb8c
[1:36:49 AM] 📝 GET /api/display/room/696f36019adeec8a6063cb8c
[1:36:50 AM] 📝 GET /api/display/room/696f36019adeec8a6063cb8c
[1:36:51 AM] 📝 GET /api/display/room/696f36019adeec8a6063cb8c
[1:36:51 AM] 📝 GET /api/display/room/696f36019adeec8a6063cb8c
[1:37:47 AM] 📝 GET /api/display/room/696f36019adeec8a6063cb8c
[1:37:49 AM] 📝 GET /api/display/room/696f36019adeec8a6063cb8c
[1:37:50 AM] 📝 GET /api/display/room/696f36019adeec8a6063cb8c
[1:37:51 AM] 📝 GET /api/display/room/696f36019adeec8a6063cb8c
[1:37:51 AM] 📝 GET /api/display/room/696f36019adeec8a6063cb8c
[1:38:47 AM] 📝 GET /api/display/room/696f36019adeec8a6063cb8c
[1:38:49 AM] 📝 GET /api/display/room/696f36019adeec8a6063cb8c
[1:38:50 AM] 📝 GET /api/display/room/696f36019adeec8a6063cb8c
[1:38:51 AM] 📝 GET /api/display/room/696f36019adeec8a6063cb8c
[1:38:51 AM] 📝 GET /api/display/room/696f36019adeec8a6063cb8c
[1:39:47 AM] 📝 GET /api/display/room/696f36019adeec8a6063cb8c
[1:39:49 AM] 📝 GET /api/display/room/696f36019adeec8a6063cb8c
[1:39:50 AM] 📝 GET /api/display/room/696f36019adeec8a6063cb8c
[1:39:51 AM] 📝 GET /api/display/room/696f36019adeec8a6063cb8c
[1:39:51 AM] 📝 GET /api/display/room/696f36019adeec8a6063cb8c
[1:40:47 AM] 📝 GET /api/display/room/696f36019adeec8a6063cb8c
[1:40:49 AM] 📝 GET /api/display/room/696f36019adeec8a6063cb8c
[1:40:50 AM] 📝 GET /api/display/room/696f36019adeec8a6063cb8c
[1:40:51 AM] 📝 GET /api/display/room/696f36019adeec8a6063cb8c
[1:40:51 AM] 📝 GET /api/display/room/696f36019adeec8a6063cb8c
[1:41:47 AM] 📝 GET /api/display/room/696f36019adeec8a6063cb8c
[1:41:49 AM] 📝 GET /api/display/room/696f36019adeec8a6063cb8c
[1:41:50 AM] 📝 GET /api/display/room/696f36019adeec8a6063cb8c
[1:41:51 AM] 📝 GET /api/display/room/696f36019adeec8a6063cb8c
[1:41:51 AM] 📝 GET /api/display/room/696f36019adeec8a6063cb8c
[1:42:47 AM] 📝 GET /api/display/room/696f36019adeec8a6063cb8c
[1:42:49 AM] 📝 GET /api/display/room/696f36019adeec8a6063cb8c
[1:42:50 AM] 📝 GET /api/display/room/696f36019adeec8a6063cb8c
[1:42:51 AM] 📝 GET /api/display/room/696f36019adeec8a6063cb8c
[1:42:51 AM] 📝 GET /api/display/room/696f36019adeec8a6063cb8c
[1:43:47 AM] 📝 GET /api/display/room/696f36019adeec8a6063cb8c
[1:43:49 AM] 📝 GET /api/display/room/696f36019adeec8a6063cb8c
[1:43:50 AM] 📝 GET /api/display/room/696f36019adeec8a6063cb8c
[1:43:51 AM] 📝 GET /api/display/room/696f36019adeec8a6063cb8c
[1:43:51 AM] 📝 GET /api/display/room/696f36019adeec8a6063cb8c
[1:44:47 AM] 📝 GET /api/display/room/696f36019adeec8a6063cb8c
[1:44:49 AM] 📝 GET /api/display/room/696f36019adeec8a6063cb8c
[1:44:50 AM] 📝 GET /api/display/room/696f36019adeec8a6063cb8c
[1:44:51 AM] 📝 GET /api/display/room/696f36019adeec8a6063cb8c
[1:44:51 AM] 📝 GET /api/display/room/696f36019adeec8a6063cb8c
[1:45:47 AM] 📝 GET /api/display/room/696f36019adeec8a6063cb8c
[1:45:49 AM] 📝 GET /api/display/room/696f36019adeec8a6063cb8c
[1:45:50 AM] 📝 GET /api/display/room/696f36019adeec8a6063cb8c
[1:45:51 AM] 📝 GET /api/display/room/696f36019adeec8a6063cb8c
[1:45:51 AM] 📝 GET /api/display/room/696f36019adeec8a6063cb8c
[1:46:47 AM] 📝 GET /api/display/room/696f36019adeec8a6063cb8c
[1:46:49 AM] 📝 GET /api/display/room/696f36019adeec8a6063cb8c
[1:46:50 AM] 📝 GET /api/display/room/696f36019adeec8a6063cb8c
[1:46:51 AM] 📝 GET /api/display/room/696f36019adeec8a6063cb8c
[1:46:51 AM] 📝 GET /api/display/room/696f36019adeec8a6063cb8c
[1:47:47 AM] 📝 GET /api/display/room/696f36019adeec8a6063cb8c
[1:47:49 AM] 📝 GET /api/display/room/696f36019adeec8a6063cb8c
[1:47:50 AM] 📝 GET /api/display/room/696f36019adeec8a6063cb8c
[1:47:51 AM] 📝 GET /api/display/room/696f36019adeec8a6063cb8c
[1:47:51 AM] 📝 GET /api/display/room/696f36019adeec8a6063cb8c
[1:48:47 AM] 📝 GET /api/display/room/696f36019adeec8a6063cb8c
[1:48:49 AM] 📝 GET /api/display/room/696f36019adeec8a6063cb8c
[1:48:50 AM] 📝 GET /api/display/room/696f36019adeec8a6063cb8c
[1:48:51 AM] 📝 GET /api/display/room/696f36019adeec8a6063cb8c
[1:48:51 AM] 📝 GET /api/display/room/696f36019adeec8a6063cb8c
[1:49:47 AM] 📝 GET /api/display/room/696f36019adeec8a6063cb8c
[1:49:49 AM] 📝 GET /api/display/room/696f36019adeec8a6063cb8c
[1:49:50 AM] 📝 GET /api/display/room/696f36019adeec8a6063cb8c
[1:49:51 AM] 📝 GET /api/display/room/696f36019adeec8a6063cb8c
[1:49:51 AM] 📝 GET /api/display/room/696f36019adeec8a6063cb8c
[2:00:45 AM] 📝 GET /api/display/room/696f36019adeec8a6063cb8c
[2:00:48 AM] 📝 GET /api/display/room/696f36019adeec8a6063cb8c
[2:00:49 AM] 📝 GET /api/display/room/696f36019adeec8a6063cb8c
[2:00:49 AM] 📝 GET /api/display/room/696f36019adeec8a6063cb8c
[2:00:49 AM] 📝 GET /api/display/room/696f36019adeec8a6063cb8c
[2:01:45 AM] 📝 GET /api/display/room/696f36019adeec8a6063cb8c
[2:01:48 AM] 📝 GET /api/display/room/696f36019adeec8a6063cb8c
[2:01:48 AM] 📝 GET /api/display/room/696f36019adeec8a6063cb8c
[2:01:48 AM] 📝 GET /api/display/room/696f36019adeec8a6063cb8c
[2:01:49 AM] 📝 GET /api/display/room/696f36019adeec8a6063cb8c
[2:01:49 AM] 📝 GET /api/rooms
[2:01:51 AM] 📝 GET /api/bookings
[2:02:29 AM] 📝 POST /api/auth/exchange-code
━━━━━━━━━━━━━━━━━━━━━━━━━━━━━━━━━━
🔐 UMS Exchange Code Request
   📥 Method: POST
   📥 IP: 119.42.102.167
   📥 Origin: https://nssv.nsm.go.th
   📥 Referer: https://nssv.nsm.go.th/napp/auth/callback?code=b9fdc58375c2741f2ab90da447199627a3c42a89e14dca31fbbdf1758b12f58c
   📥 User-Agent: Mozilla/5.0 (Windows NT 10.0; Win64; x64) AppleWebKit/537.36 (KHTML, like Gecko) Chrome/149.0.0.0 Safari/537.36 Edg/149.0.0.0
   📥 Content-Type: application/json
   📥 Body Keys: [ 'code', 'projectCode' ]
   📥 code: b9fdc58375c2741f2ab90da447199627a3c42a89e14dca31fbbdf1758b12f58c
   📥 projectCode: MEETBOOKING
   🔄 Calling: POST https://nssv.nsm.go.th/ums/api/auth/exchange-code
   📤 UMS Status: 200
   📤 UMS Response: {
  "status": "success",
  "token": "eyJhbGciOiJIUzI1NiIsInR5cCI6IkpXVCJ9.eyJpZCI6IjZhMjBmMWQ2NDA0YWExMWYwZWJmZmYwZiIsInJvbGUiOiJtZW1iZXIiLCJ1c2VybmFtZSI6InBva3BhayIsImlhdCI6MTc4MTE0MzM0OSwiZXhwIjoxNzgxMjI5NzQ5fQ.1iWiJ_IiaywMv3NWUQaO7iMXqM1vFQDmF2A3Hqd3Jgk",
  "user": {
    "id": "6a20f1d6404aa11f0ebfff0f",
    "username": "pokpak",
    "email": "propokpak@gmail.com",
    "firstName": "ปัณณพร",
    "lastName": "พวงสมบัติ",
    "role": "member",
    "phone": "0945263444"
  }
}
   🎯 Role: member → user
   ✅ Login success: ปัณณพร พวงสมบัติ (user)
━━━━━━━━━━━━━━━━━━━━━━━━━━━━━━━━━━
[2:02:30 AM] 📝 GET /api/rooms
[2:02:31 AM] 📝 GET /api/bookings
[2:02:45 AM] 📝 GET /api/display/room/696f36019adeec8a6063cb8c
[2:02:48 AM] 📝 GET /api/display/room/696f36019adeec8a6063cb8c
[2:02:48 AM] 📝 GET /api/display/room/696f36019adeec8a6063cb8c
[2:02:48 AM] 📝 GET /api/display/room/696f36019adeec8a6063cb8c
[2:02:49 AM] 📝 GET /api/display/room/696f36019adeec8a6063cb8c
[2:03:45 AM] 📝 GET /api/display/room/696f36019adeec8a6063cb8c
[2:03:48 AM] 📝 GET /api/display/room/696f36019adeec8a6063cb8c
[2:03:48 AM] 📝 GET /api/display/room/696f36019adeec8a6063cb8c
[2:03:48 AM] 📝 GET /api/display/room/696f36019adeec8a6063cb8c
[2:03:49 AM] 📝 GET /api/display/room/696f36019adeec8a6063cb8c
[2:04:45 AM] 📝 GET /api/display/room/696f36019adeec8a6063cb8c
[2:04:48 AM] 📝 GET /api/display/room/696f36019adeec8a6063cb8c
[2:04:48 AM] 📝 GET /api/display/room/696f36019adeec8a6063cb8c
[2:04:48 AM] 📝 GET /api/display/room/696f36019adeec8a6063cb8c
[2:04:49 AM] 📝 GET /api/display/room/696f36019adeec8a6063cb8c
[2:05:38 AM] 📝 GET /api/rooms
[2:05:41 AM] 📝 GET /api/admin/dashboard/statistics
[2:05:45 AM] 📝 GET /api/display/room/696f36019adeec8a6063cb8c
[2:05:46 AM] 📝 POST /api/auth/exchange-code
━━━━━━━━━━━━━━━━━━━━━━━━━━━━━━━━━━
🔐 UMS Exchange Code Request
   📥 Method: POST
   📥 IP: 49.229.100.42
   📥 Origin: https://nssv.nsm.go.th
   📥 Referer: https://nssv.nsm.go.th/napp/auth/callback?code=eb57d41007cbf9cada2aa0b4ea1a874befd4c619702dcc28674b24dbbebae199
   📥 User-Agent: Mozilla/5.0 (Windows NT 10.0; Win64; x64) AppleWebKit/537.36 (KHTML, like Gecko) Chrome/148.0.0.0 Safari/537.36
   📥 Content-Type: application/json
   📥 Body Keys: [ 'code', 'projectCode' ]
   📥 code: eb57d41007cbf9cada2aa0b4ea1a874befd4c619702dcc28674b24dbbebae199
   📥 projectCode: MEETBOOKING
   🔄 Calling: POST https://nssv.nsm.go.th/ums/api/auth/exchange-code
   📤 UMS Status: 200
   📤 UMS Response: {
  "status": "success",
  "token": "eyJhbGciOiJIUzI1NiIsInR5cCI6IkpXVCJ9.eyJpZCI6IjY5OGMzMTMxZGNiYzM1ZDM0NmQ3NGY1NyIsInJvbGUiOiJhZG1pbiIsInVzZXJuYW1lIjoidGF5ZmFyMDEyIiwiaWF0IjoxNzgxMTQzNTQ2LCJleHAiOjE3ODEyMjk5NDZ9.OE7kek4TCksXjcs7OqrWkBZYI9oKL-_B80qsQk1EnhI",
  "user": {
    "id": "698c3131dcbc35d346d74f57",
    "username": "tayfar012",
    "email": "tarata.khameam@gmail.com",
    "firstName": "ธราธาร์",
    "lastName": "คำเอี่ยม",
    "role": "admin",
    "phone": "0897034254"
  }
}
   🎯 Role: admin → admin
   ✅ Login success: ธราธาร์ คำเอี่ยม (admin)
━━━━━━━━━━━━━━━━━━━━━━━━━━━━━━━━━━
[2:05:47 AM] 📝 GET /api/rooms
[2:05:48 AM] 📝 GET /api/display/room/696f36019adeec8a6063cb8c
[2:05:48 AM] 📝 GET /api/display/room/696f36019adeec8a6063cb8c
[2:05:48 AM] 📝 GET /api/display/room/696f36019adeec8a6063cb8c
[2:05:49 AM] 📝 GET /api/display/room/696f36019adeec8a6063cb8c
[2:06:30 AM] 📝 GET /api/admin/dashboard/statistics
[2:06:31 AM] 📝 GET /api/admin/bookings
[2:06:45 AM] 📝 GET /api/display/room/696f36019adeec8a6063cb8c
[2:06:48 AM] 📝 GET /api/display/room/696f36019adeec8a6063cb8c
[2:06:48 AM] 📝 GET /api/display/room/696f36019adeec8a6063cb8c
[2:06:48 AM] 📝 GET /api/display/room/696f36019adeec8a6063cb8c
[2:06:49 AM] 📝 GET /api/display/room/696f36019adeec8a6063cb8c
[2:06:56 AM] 📝 POST /api/auth/login
[2:06:56 AM] 📝 GET /api/rooms
[2:07:01 AM] 📝 GET /api/rooms/696f36019adeec8a6063cb8c
[2:07:01 AM] 📝 GET /api/bookings
[2:07:45 AM] 📝 GET /api/display/room/696f36019adeec8a6063cb8c
[2:07:48 AM] 📝 GET /api/display/room/696f36019adeec8a6063cb8c
[2:07:48 AM] 📝 GET /api/display/room/696f36019adeec8a6063cb8c
[2:07:48 AM] 📝 GET /api/display/room/696f36019adeec8a6063cb8c
[2:07:49 AM] 📝 GET /api/display/room/696f36019adeec8a6063cb8c
[2:07:55 AM] 📝 GET /api/rooms
[2:07:58 AM] 📝 GET /api/admin/dashboard/statistics
[2:07:59 AM] 📝 GET /api/admin/bookings
[2:08:45 AM] 📝 GET /api/display/room/696f36019adeec8a6063cb8c
[2:08:48 AM] 📝 GET /api/display/room/696f36019adeec8a6063cb8c
[2:08:48 AM] 📝 GET /api/display/room/696f36019adeec8a6063cb8c
[2:08:48 AM] 📝 GET /api/display/room/696f36019adeec8a6063cb8c
[2:08:49 AM] 📝 GET /api/display/room/696f36019adeec8a6063cb8c
[2:09:45 AM] 📝 GET /api/display/room/696f36019adeec8a6063cb8c
[2:09:48 AM] 📝 GET /api/display/room/696f36019adeec8a6063cb8c
[2:09:48 AM] 📝 GET /api/display/room/696f36019adeec8a6063cb8c
[2:09:48 AM] 📝 GET /api/display/room/696f36019adeec8a6063cb8c
[2:09:49 AM] 📝 GET /api/display/room/696f36019adeec8a6063cb8c
[2:10:45 AM] 📝 GET /api/display/room/696f36019adeec8a6063cb8c
[2:10:48 AM] 📝 GET /api/display/room/696f36019adeec8a6063cb8c
[2:10:48 AM] 📝 GET /api/display/room/696f36019adeec8a6063cb8c
[2:10:48 AM] 📝 GET /api/display/room/696f36019adeec8a6063cb8c
[2:10:49 AM] 📝 GET /api/display/room/696f36019adeec8a6063cb8c
[2:11:45 AM] 📝 GET /api/display/room/696f36019adeec8a6063cb8c
[2:11:48 AM] 📝 GET /api/display/room/696f36019adeec8a6063cb8c
[2:11:48 AM] 📝 GET /api/display/room/696f36019adeec8a6063cb8c
[2:11:48 AM] 📝 GET /api/display/room/696f36019adeec8a6063cb8c
[2:11:49 AM] 📝 GET /api/display/room/696f36019adeec8a6063cb8c
[2:12:45 AM] 📝 GET /api/display/room/696f36019adeec8a6063cb8c
[2:12:48 AM] 📝 GET /api/display/room/696f36019adeec8a6063cb8c
[2:12:48 AM] 📝 GET /api/display/room/696f36019adeec8a6063cb8c
[2:12:48 AM] 📝 GET /api/display/room/696f36019adeec8a6063cb8c
[2:12:49 AM] 📝 GET /api/display/room/696f36019adeec8a6063cb8c
[2:13:45 AM] 📝 GET /api/display/room/696f36019adeec8a6063cb8c
[2:13:48 AM] 📝 GET /api/display/room/696f36019adeec8a6063cb8c
[2:13:48 AM] 📝 GET /api/display/room/696f36019adeec8a6063cb8c
[2:13:48 AM] 📝 GET /api/display/room/696f36019adeec8a6063cb8c
[2:13:49 AM] 📝 GET /api/display/room/696f36019adeec8a6063cb8c
[2:14:45 AM] 📝 GET /api/display/room/696f36019adeec8a6063cb8c
[2:14:48 AM] 📝 GET /api/display/room/696f36019adeec8a6063cb8c
[2:14:48 AM] 📝 GET /api/display/room/696f36019adeec8a6063cb8c
[2:14:48 AM] 📝 GET /api/display/room/696f36019adeec8a6063cb8c
[2:14:49 AM] 📝 GET /api/display/room/696f36019adeec8a6063cb8c
[2:18:15 AM] 📝 GET /api/rooms
[2:18:22 AM] 📝 GET /api/bookings
[2:18:29 AM] 📝 GET /api/rooms/69490a065e1a04f70b859ca9
[2:18:29 AM] 📝 GET /api/bookings
[2:25:43 AM] 📝 GET /api/display/room/696f36019adeec8a6063cb8c
[2:25:47 AM] 📝 GET /api/display/room/696f36019adeec8a6063cb8c
[2:25:47 AM] 📝 GET /api/display/room/696f36019adeec8a6063cb8c
[2:25:47 AM] 📝 GET /api/display/room/696f36019adeec8a6063cb8c
[2:25:47 AM] 📝 GET /api/display/room/696f36019adeec8a6063cb8c
[2:26:43 AM] 📝 GET /api/display/room/696f36019adeec8a6063cb8c
[2:26:47 AM] 📝 GET /api/display/room/696f36019adeec8a6063cb8c
[2:26:47 AM] 📝 GET /api/display/room/696f36019adeec8a6063cb8c
[2:26:47 AM] 📝 GET /api/display/room/696f36019adeec8a6063cb8c
[2:26:47 AM] 📝 GET /api/display/room/696f36019adeec8a6063cb8c
[2:27:43 AM] 📝 GET /api/display/room/696f36019adeec8a6063cb8c
[2:27:47 AM] 📝 GET /api/display/room/696f36019adeec8a6063cb8c
[2:27:47 AM] 📝 GET /api/display/room/696f36019adeec8a6063cb8c
[2:27:47 AM] 📝 GET /api/display/room/696f36019adeec8a6063cb8c
[2:27:47 AM] 📝 GET /api/display/room/696f36019adeec8a6063cb8c
[2:28:43 AM] 📝 GET /api/display/room/696f36019adeec8a6063cb8c
[2:28:47 AM] 📝 GET /api/display/room/696f36019adeec8a6063cb8c
[2:28:47 AM] 📝 GET /api/display/room/696f36019adeec8a6063cb8c
[2:28:47 AM] 📝 GET /api/display/room/696f36019adeec8a6063cb8c
[2:28:47 AM] 📝 GET /api/display/room/696f36019adeec8a6063cb8c
[2:29:43 AM] 📝 GET /api/display/room/696f36019adeec8a6063cb8c
[2:29:47 AM] 📝 GET /api/display/room/696f36019adeec8a6063cb8c
[2:29:47 AM] 📝 GET /api/display/room/696f36019adeec8a6063cb8c
[2:29:47 AM] 📝 GET /api/display/room/696f36019adeec8a6063cb8c
[2:29:47 AM] 📝 GET /api/display/room/696f36019adeec8a6063cb8c
[2:30:43 AM] 📝 GET /api/display/room/696f36019adeec8a6063cb8c
[2:30:47 AM] 📝 GET /api/display/room/696f36019adeec8a6063cb8c
[2:30:47 AM] 📝 GET /api/display/room/696f36019adeec8a6063cb8c
[2:30:47 AM] 📝 GET /api/display/room/696f36019adeec8a6063cb8c
[2:30:47 AM] 📝 GET /api/display/room/696f36019adeec8a6063cb8c
[2:31:43 AM] 📝 GET /api/display/room/696f36019adeec8a6063cb8c
[2:31:47 AM] 📝 GET /api/display/room/696f36019adeec8a6063cb8c
[2:31:47 AM] 📝 GET /api/display/room/696f36019adeec8a6063cb8c
[2:31:47 AM] 📝 GET /api/display/room/696f36019adeec8a6063cb8c
[2:31:47 AM] 📝 GET /api/display/room/696f36019adeec8a6063cb8c
[2:32:43 AM] 📝 GET /api/display/room/696f36019adeec8a6063cb8c
[2:32:44 AM] 📝 GET /api/bookings/my-bookings
[2:32:47 AM] 📝 GET /api/display/room/696f36019adeec8a6063cb8c
[2:32:47 AM] 📝 GET /api/display/room/696f36019adeec8a6063cb8c
[2:32:47 AM] 📝 GET /api/display/room/696f36019adeec8a6063cb8c
[2:32:47 AM] 📝 GET /api/display/room/696f36019adeec8a6063cb8c
[2:32:47 AM] 📝 GET /api/admin/dashboard/statistics
[2:32:50 AM] 📝 GET /api/rooms
[2:32:55 AM] 📝 GET /api/admin/bookings
[2:33:43 AM] 📝 GET /api/display/room/696f36019adeec8a6063cb8c
[2:33:47 AM] 📝 GET /api/display/room/696f36019adeec8a6063cb8c
[2:33:47 AM] 📝 GET /api/display/room/696f36019adeec8a6063cb8c
[2:33:47 AM] 📝 GET /api/display/room/696f36019adeec8a6063cb8c
[2:33:47 AM] 📝 GET /api/display/room/696f36019adeec8a6063cb8c
[2:34:43 AM] 📝 GET /api/display/room/696f36019adeec8a6063cb8c
[2:34:47 AM] 📝 GET /api/display/room/696f36019adeec8a6063cb8c
[2:34:47 AM] 📝 GET /api/display/room/696f36019adeec8a6063cb8c
[2:34:47 AM] 📝 GET /api/display/room/696f36019adeec8a6063cb8c
[2:34:47 AM] 📝 GET /api/display/room/696f36019adeec8a6063cb8c
[2:35:43 AM] 📝 GET /api/display/room/696f36019adeec8a6063cb8c
[2:35:47 AM] 📝 GET /api/display/room/696f36019adeec8a6063cb8c
[2:35:47 AM] 📝 GET /api/display/room/696f36019adeec8a6063cb8c
[2:35:47 AM] 📝 GET /api/display/room/696f36019adeec8a6063cb8c
[2:35:47 AM] 📝 GET /api/display/room/696f36019adeec8a6063cb8c
[2:36:43 AM] 📝 GET /api/display/room/696f36019adeec8a6063cb8c
[2:36:47 AM] 📝 GET /api/display/room/696f36019adeec8a6063cb8c
[2:36:47 AM] 📝 GET /api/display/room/696f36019adeec8a6063cb8c
[2:36:47 AM] 📝 GET /api/display/room/696f36019adeec8a6063cb8c
[2:36:47 AM] 📝 GET /api/display/room/696f36019adeec8a6063cb8c
[2:37:43 AM] 📝 GET /api/display/room/696f36019adeec8a6063cb8c
[2:37:46 AM] 📝 GET /api/display/room/696f36019adeec8a6063cb8c
[2:37:47 AM] 📝 GET /api/display/room/696f36019adeec8a6063cb8c
[2:37:47 AM] 📝 GET /api/display/room/696f36019adeec8a6063cb8c
[2:37:47 AM] 📝 GET /api/display/room/696f36019adeec8a6063cb8c
[2:38:43 AM] 📝 GET /api/display/room/696f36019adeec8a6063cb8c
[2:38:47 AM] 📝 GET /api/display/room/696f36019adeec8a6063cb8c
[2:38:47 AM] 📝 GET /api/display/room/696f36019adeec8a6063cb8c
[2:38:47 AM] 📝 GET /api/display/room/696f36019adeec8a6063cb8c
[2:38:47 AM] 📝 GET /api/display/room/696f36019adeec8a6063cb8c
[2:39:43 AM] 📝 GET /api/display/room/696f36019adeec8a6063cb8c
[2:39:47 AM] 📝 GET /api/display/room/696f36019adeec8a6063cb8c
[2:39:47 AM] 📝 GET /api/display/room/696f36019adeec8a6063cb8c
[2:39:47 AM] 📝 GET /api/display/room/696f36019adeec8a6063cb8c
[2:39:47 AM] 📝 GET /api/display/room/696f36019adeec8a6063cb8c
[2:43:48 AM] 📝 GET /api/auth/me
[2:43:49 AM] 📝 POST /api/auth/login
[2:43:50 AM] 📝 GET /api/rooms
[2:43:51 AM] 📝 GET /api/bookings
[2:43:55 AM] 📝 GET /api/bookings/my-bookings
[2:44:00 AM] 📝 GET /api/rooms
[2:44:01 AM] 📝 GET /api/admin/dashboard/statistics
[2:44:02 AM] 📝 GET /api/admin/bookings
[2:44:25 AM] 📝 GET /api/rooms
[2:44:27 AM] 📝 GET /api/bookings/my-bookings
[2:44:29 AM] 📝 GET /api/rooms
[2:44:29 AM] 📝 GET /api/departments
[2:44:43 AM] 📝 GET /api/bookings
[2:44:46 AM] 📝 POST /api/bookings
[2:44:48 AM] 📝 GET /api/bookings/my-bookings
[2:44:50 AM] 📝 GET /api/admin/dashboard/statistics
[2:44:52 AM] 📝 GET /api/admin/bookings
[2:45:08 AM] 📝 DELETE /api/admin/bookings/6a20f58af9491de834879f9c
[2:45:09 AM] 📝 GET /api/admin/bookings
[2:45:10 AM] 📝 GET /api/bookings/my-bookings
[2:45:11 AM] 📝 GET /api/rooms
[2:45:13 AM] 📝 GET /api/rooms/69490a065e1a04f70b859ca9
[2:45:13 AM] 📝 GET /api/bookings
[2:45:16 AM] 📝 GET /api/bookings/my-bookings
[2:45:17 AM] 📝 GET /api/rooms
[2:45:17 AM] 📝 GET /api/departments
[2:45:27 AM] 📝 GET /api/bookings
[2:46:15 AM] 📝 POST /api/bookings
[2:46:16 AM] 📝 GET /api/bookings/my-bookings
[2:46:17 AM] 📝 GET /api/admin/dashboard/statistics
[2:46:19 AM] 📝 GET /api/admin/bookings
[2:46:25 AM] 📝 PUT /api/admin/bookings/6a2a211ef9491de83487d613/status
[2:46:25 AM] 📝 GET /api/admin/bookings
[2:46:27 AM] 📝 PUT /api/admin/bookings/6a2a2177f9491de83487d642/status
[2:46:28 AM] 📝 GET /api/admin/bookings
[2:50:41 AM] 📝 GET /api/display/room/696f36019adeec8a6063cb8c
[2:50:44 AM] 📝 GET /api/display/room/696f36019adeec8a6063cb8c
[2:50:45 AM] 📝 GET /api/display/room/696f36019adeec8a6063cb8c
[2:50:45 AM] 📝 GET /api/display/room/696f36019adeec8a6063cb8c
[2:50:45 AM] 📝 GET /api/display/room/696f36019adeec8a6063cb8c
[2:51:41 AM] 📝 GET /api/display/room/696f36019adeec8a6063cb8c
[2:51:44 AM] 📝 GET /api/display/room/696f36019adeec8a6063cb8c
[2:51:45 AM] 📝 GET /api/display/room/696f36019adeec8a6063cb8c
[2:51:45 AM] 📝 GET /api/display/room/696f36019adeec8a6063cb8c
[2:51:45 AM] 📝 GET /api/display/room/696f36019adeec8a6063cb8c
[2:52:41 AM] 📝 GET /api/display/room/696f36019adeec8a6063cb8c
[2:52:44 AM] 📝 GET /api/display/room/696f36019adeec8a6063cb8c
[2:52:45 AM] 📝 GET /api/display/room/696f36019adeec8a6063cb8c
[2:52:45 AM] 📝 GET /api/display/room/696f36019adeec8a6063cb8c
[2:52:45 AM] 📝 GET /api/display/room/696f36019adeec8a6063cb8c
[2:53:41 AM] 📝 GET /api/display/room/696f36019adeec8a6063cb8c
[2:53:44 AM] 📝 GET /api/display/room/696f36019adeec8a6063cb8c
[2:53:45 AM] 📝 GET /api/display/room/696f36019adeec8a6063cb8c
[2:53:45 AM] 📝 GET /api/display/room/696f36019adeec8a6063cb8c
[2:53:45 AM] 📝 GET /api/display/room/696f36019adeec8a6063cb8c
[2:54:41 AM] 📝 GET /api/display/room/696f36019adeec8a6063cb8c
[2:54:44 AM] 📝 GET /api/display/room/696f36019adeec8a6063cb8c
[2:54:45 AM] 📝 GET /api/display/room/696f36019adeec8a6063cb8c
[2:54:45 AM] 📝 GET /api/display/room/696f36019adeec8a6063cb8c
[2:54:45 AM] 📝 GET /api/display/room/696f36019adeec8a6063cb8c
[2:55:41 AM] 📝 GET /api/display/room/696f36019adeec8a6063cb8c
[2:55:44 AM] 📝 GET /api/display/room/696f36019adeec8a6063cb8c
[2:55:45 AM] 📝 GET /api/display/room/696f36019adeec8a6063cb8c
[2:55:45 AM] 📝 GET /api/display/room/696f36019adeec8a6063cb8c
[2:55:45 AM] 📝 GET /api/display/room/696f36019adeec8a6063cb8c
[2:56:41 AM] 📝 GET /api/display/room/696f36019adeec8a6063cb8c
[2:56:45 AM] 📝 GET /api/display/room/696f36019adeec8a6063cb8c
[2:56:45 AM] 📝 GET /api/display/room/696f36019adeec8a6063cb8c
[2:56:45 AM] 📝 GET /api/display/room/696f36019adeec8a6063cb8c
[2:56:49 AM] 📝 GET /api/display/room/696f36019adeec8a6063cb8c
[2:57:41 AM] 📝 GET /api/display/room/696f36019adeec8a6063cb8c
[2:57:44 AM] 📝 GET /api/display/room/696f36019adeec8a6063cb8c
[2:57:45 AM] 📝 GET /api/display/room/696f36019adeec8a6063cb8c
[2:57:45 AM] 📝 GET /api/display/room/696f36019adeec8a6063cb8c
[2:57:45 AM] 📝 GET /api/display/room/696f36019adeec8a6063cb8c
[2:58:41 AM] 📝 GET /api/display/room/696f36019adeec8a6063cb8c
[2:58:44 AM] 📝 GET /api/display/room/696f36019adeec8a6063cb8c
[2:58:45 AM] 📝 GET /api/display/room/696f36019adeec8a6063cb8c
[2:58:45 AM] 📝 GET /api/display/room/696f36019adeec8a6063cb8c
[2:58:45 AM] 📝 GET /api/display/room/696f36019adeec8a6063cb8c
[2:59:41 AM] 📝 GET /api/display/room/696f36019adeec8a6063cb8c
[2:59:44 AM] 📝 GET /api/display/room/696f36019adeec8a6063cb8c
[2:59:45 AM] 📝 GET /api/display/room/696f36019adeec8a6063cb8c
[2:59:45 AM] 📝 GET /api/display/room/696f36019adeec8a6063cb8c
[2:59:45 AM] 📝 GET /api/display/room/696f36019adeec8a6063cb8c
[3:00:41 AM] 📝 GET /api/display/room/696f36019adeec8a6063cb8c
[3:00:44 AM] 📝 GET /api/display/room/696f36019adeec8a6063cb8c
[3:00:45 AM] 📝 GET /api/display/room/696f36019adeec8a6063cb8c
[3:00:45 AM] 📝 GET /api/display/room/696f36019adeec8a6063cb8c
[3:00:45 AM] 📝 GET /api/display/room/696f36019adeec8a6063cb8c
[3:01:41 AM] 📝 GET /api/display/room/696f36019adeec8a6063cb8c
[3:01:44 AM] 📝 GET /api/display/room/696f36019adeec8a6063cb8c
[3:01:45 AM] 📝 GET /api/display/room/696f36019adeec8a6063cb8c
[3:01:45 AM] 📝 GET /api/display/room/696f36019adeec8a6063cb8c
[3:01:45 AM] 📝 GET /api/display/room/696f36019adeec8a6063cb8c
[3:02:41 AM] 📝 GET /api/display/room/696f36019adeec8a6063cb8c
[3:02:45 AM] 📝 GET /api/display/room/696f36019adeec8a6063cb8c
[3:02:45 AM] 📝 GET /api/display/room/696f36019adeec8a6063cb8c
[3:02:45 AM] 📝 GET /api/display/room/696f36019adeec8a6063cb8c
[3:02:46 AM] 📝 GET /api/display/room/696f36019adeec8a6063cb8c
[3:03:39 AM] 📝 GET /api/rooms
[3:03:41 AM] 📝 GET /api/display/room/696f36019adeec8a6063cb8c
[3:03:44 AM] 📝 GET /api/rooms/69490a065e1a04f70b859caa
[3:03:44 AM] 📝 GET /api/bookings
[3:03:44 AM] 📝 GET /api/display/room/696f36019adeec8a6063cb8c
[3:03:45 AM] 📝 GET /api/display/room/696f36019adeec8a6063cb8c
[3:03:45 AM] 📝 GET /api/display/room/696f36019adeec8a6063cb8c
[3:03:45 AM] 📝 GET /api/display/room/696f36019adeec8a6063cb8c
[3:03:49 AM] 📝 GET /api/bookings/my-bookings
[3:03:51 AM] 📝 GET /api/departments
[3:03:51 AM] 📝 GET /api/rooms
[3:04:19 AM] 📝 GET /api/bookings
[3:04:41 AM] 📝 GET /api/display/room/696f36019adeec8a6063cb8c
[3:04:44 AM] 📝 GET /api/display/room/696f36019adeec8a6063cb8c
[3:04:45 AM] 📝 GET /api/display/room/696f36019adeec8a6063cb8c
[3:04:45 AM] 📝 GET /api/display/room/696f36019adeec8a6063cb8c
[3:04:45 AM] 📝 GET /api/display/room/696f36019adeec8a6063cb8c
[3:05:01 AM] 📝 POST /api/bookings
[3:05:07 AM] 📝 POST /api/bookings
[3:05:14 AM] 📝 POST /api/bookings
[3:05:17 AM] 📝 POST /api/bookings
[3:05:20 AM] 📝 POST /api/bookings
[3:05:30 AM] 📝 POST /api/bookings
[3:05:42 AM] 📝 GET /api/rooms
[3:05:46 AM] 📝 GET /api/bookings
[3:06:07 AM] 📝 GET /api/rooms
[3:06:08 AM] 📝 GET /api/bookings
[3:06:10 AM] 📝 GET /api/bookings/my-bookings
[3:06:12 AM] 📝 GET /api/bookings
[3:06:13 AM] 📝 GET /api/bookings/my-bookings
[3:06:15 AM] 📝 GET /api/rooms
[3:06:15 AM] 📝 GET /api/departments
[3:06:26 AM] 📝 GET /api/bookings
[3:06:57 AM] 📝 POST /api/bookings
[3:07:38 AM] 📝 GET /api/bookings
[3:07:41 AM] 📝 GET /api/rooms
[3:08:47 AM] 📝 GET /api/rooms/69609bbbaa301e5a9d0e57c0
[3:08:47 AM] 📝 GET /api/bookings
[3:10:43 AM] 📝 GET /api/bookings
[3:12:06 AM] 📝 GET /api/bookings/my-bookings
[3:12:07 AM] 📝 GET /api/departments
[3:12:07 AM] 📝 GET /api/rooms
[3:12:27 AM] 📝 GET /api/bookings
[3:12:50 AM] 📝 POST /api/bookings
[3:14:56 AM] 📝 POST /api/auth/exchange-code
━━━━━━━━━━━━━━━━━━━━━━━━━━━━━━━━━━
🔐 UMS Exchange Code Request
   📥 Method: POST
   📥 IP: 119.42.102.167
   📥 Origin: https://nssv.nsm.go.th
   📥 Referer: https://nssv.nsm.go.th/napp/auth/callback?code=7c17dccdcf32150f0b102e9b8951dc49818109b9862eaf36c3e267d151633814
   📥 User-Agent: Mozilla/5.0 (Windows NT 10.0; Win64; x64) AppleWebKit/537.36 (KHTML, like Gecko) Chrome/149.0.0.0 Safari/537.36 Edg/149.0.0.0
   📥 Content-Type: application/json
   📥 Body Keys: [ 'code', 'projectCode' ]
   📥 code: 7c17dccdcf32150f0b102e9b8951dc49818109b9862eaf36c3e267d151633814
   📥 projectCode: MEETBOOKING
   🔄 Calling: POST https://nssv.nsm.go.th/ums/api/auth/exchange-code
   📤 UMS Status: 200
   📤 UMS Response: {
  "status": "success",
  "token": "eyJhbGciOiJIUzI1NiIsInR5cCI6IkpXVCJ9.eyJpZCI6IjZhMjBmMWQ2NDA0YWExMWYwZWJmZmYwZiIsInJvbGUiOiJtZW1iZXIiLCJ1c2VybmFtZSI6InBva3BhayIsImlhdCI6MTc4MTE0NzY5NiwiZXhwIjoxNzgxMjM0MDk2fQ.N1tjWw1r1SdMX00N-edh2s7Rv07Ny3UwTAo-_vC-QD0",
  "user": {
    "id": "6a20f1d6404aa11f0ebfff0f",
    "username": "pokpak",
    "email": "propokpak@gmail.com",
    "firstName": "ปัณณพร",
    "lastName": "พวงสมบัติ",
    "role": "member",
    "phone": "0945263444"
  }
}
   🎯 Role: member → user
   ✅ Login success: ปัณณพร พวงสมบัติ (user)
━━━━━━━━━━━━━━━━━━━━━━━━━━━━━━━━━━
[3:14:57 AM] 📝 GET /api/rooms
[3:15:04 AM] 📝 GET /api/rooms/69609bbbaa301e5a9d0e57c0
[3:15:04 AM] 📝 GET /api/bookings
[3:15:39 AM] 📝 GET /api/display/room/696f36019adeec8a6063cb8c
[3:15:42 AM] 📝 GET /api/display/room/696f36019adeec8a6063cb8c
[3:15:43 AM] 📝 GET /api/display/room/696f36019adeec8a6063cb8c
[3:15:43 AM] 📝 GET /api/display/room/696f36019adeec8a6063cb8c
[3:15:43 AM] 📝 GET /api/display/room/696f36019adeec8a6063cb8c
[3:16:39 AM] 📝 GET /api/display/room/696f36019adeec8a6063cb8c
[3:16:42 AM] 📝 GET /api/display/room/696f36019adeec8a6063cb8c
[3:16:43 AM] 📝 GET /api/display/room/696f36019adeec8a6063cb8c
[3:16:43 AM] 📝 GET /api/display/room/696f36019adeec8a6063cb8c
[3:16:43 AM] 📝 GET /api/display/room/696f36019adeec8a6063cb8c
[3:17:39 AM] 📝 GET /api/display/room/696f36019adeec8a6063cb8c
[3:17:42 AM] 📝 GET /api/display/room/696f36019adeec8a6063cb8c
[3:17:43 AM] 📝 GET /api/display/room/696f36019adeec8a6063cb8c
[3:17:43 AM] 📝 GET /api/display/room/696f36019adeec8a6063cb8c
[3:17:43 AM] 📝 GET /api/display/room/696f36019adeec8a6063cb8c
[3:17:44 AM] 📝 GET /api/rooms
[3:17:47 AM] 📝 GET /api/bookings/my-bookings
[3:17:49 AM] 📝 GET /api/bookings
[3:17:51 AM] 📝 GET /api/rooms
[3:17:57 AM] 📝 GET /api/rooms/69609bbbaa301e5a9d0e57c0
[3:17:57 AM] 📝 GET /api/bookings
[3:18:39 AM] 📝 GET /api/display/room/696f36019adeec8a6063cb8c
[3:18:42 AM] 📝 GET /api/display/room/696f36019adeec8a6063cb8c
[3:18:43 AM] 📝 GET /api/display/room/696f36019adeec8a6063cb8c
[3:18:43 AM] 📝 GET /api/display/room/696f36019adeec8a6063cb8c
[3:18:43 AM] 📝 GET /api/display/room/696f36019adeec8a6063cb8c
[3:19:13 AM] 📝 GET /api/rooms
[3:19:15 AM] 📝 GET /api/rooms/696f36019adeec8a6063cb8c
[3:19:15 AM] 📝 GET /api/bookings
[3:19:39 AM] 📝 GET /api/display/room/696f36019adeec8a6063cb8c
[3:19:42 AM] 📝 GET /api/display/room/696f36019adeec8a6063cb8c
[3:19:43 AM] 📝 GET /api/display/room/696f36019adeec8a6063cb8c
[3:19:43 AM] 📝 GET /api/display/room/696f36019adeec8a6063cb8c
[3:19:43 AM] 📝 GET /api/display/room/696f36019adeec8a6063cb8c
[3:20:05 AM] 📝 GET /api/bookings/my-bookings
[3:20:07 AM] 📝 GET /api/departments
[3:20:07 AM] 📝 GET /api/rooms
[3:20:18 AM] 📝 POST /api/auth/exchange-code
━━━━━━━━━━━━━━━━━━━━━━━━━━━━━━━━━━
🔐 UMS Exchange Code Request
   📥 Method: POST
   📥 IP: 119.42.102.167
   📥 Origin: https://nssv.nsm.go.th
   📥 Referer: https://nssv.nsm.go.th/napp/auth/callback?code=184aa6e05167d561e27f8a53bbfd06462f209210a03a2b3b7b3bd8335b5eeb01
   📥 User-Agent: Mozilla/5.0 (Windows NT 10.0; Win64; x64) AppleWebKit/537.36 (KHTML, like Gecko) Chrome/148.0.0.0 Safari/537.36
   📥 Content-Type: application/json
   📥 Body Keys: [ 'code', 'projectCode' ]
   📥 code: 184aa6e05167d561e27f8a53bbfd06462f209210a03a2b3b7b3bd8335b5eeb01
   📥 projectCode: MEETBOOKING
   🔄 Calling: POST https://nssv.nsm.go.th/ums/api/auth/exchange-code
   📤 UMS Status: 200
   📤 UMS Response: {
  "status": "success",
  "token": "eyJhbGciOiJIUzI1NiIsInR5cCI6IkpXVCJ9.eyJpZCI6IjY5NmUyYTljYWUxMTg0OWFmYTdhNTM5ZCIsInJvbGUiOiJzdXBlcmFkbWluIiwidXNlcm5hbWUiOiJuYWlvb2IiLCJpYXQiOjE3ODExNDgwMTgsImV4cCI6MTc4MTIzNDQxOH0.fDm-WX_lPqSst39_PjFeTV584icfq1oqNZibmU3YTYQ",
  "user": {
    "id": "696e2a9cae11849afa7a539d",
    "username": "naioob",
    "email": "naioob@gmail.com",
    "firstName": "ธนะรักษ์ oob",
    "lastName": "สุขสันต์",
    "role": "superadmin",
    "phone": "0931317150"
  }
}
   🎯 Role: superadmin → admin
   ✅ Login success: ธนะรักษ์ oob สุขสันต์ (admin)
━━━━━━━━━━━━━━━━━━━━━━━━━━━━━━━━━━
[3:20:19 AM] 📝 GET /api/rooms
[3:20:21 AM] 📝 GET /api/rooms/69490a065e1a04f70b859ca9
[3:20:22 AM] 📝 GET /api/bookings
[3:20:36 AM] 📝 GET /api/rooms
[3:20:37 AM] 📝 GET /api/bookings
[3:20:39 AM] 📝 GET /api/display/room/696f36019adeec8a6063cb8c
[3:20:40 AM] 📝 GET /api/rooms
[3:20:42 AM] 📝 GET /api/display/room/696f36019adeec8a6063cb8c
[3:20:43 AM] 📝 GET /api/display/room/696f36019adeec8a6063cb8c
[3:20:43 AM] 📝 GET /api/display/room/696f36019adeec8a6063cb8c
[3:20:43 AM] 📝 GET /api/display/room/696f36019adeec8a6063cb8c
[3:20:53 AM] 📝 GET /api/rooms
[3:20:54 AM] 📝 GET /api/rooms/69490a065e1a04f70b859caa
[3:20:54 AM] 📝 GET /api/bookings
[3:20:57 AM] 📝 GET /api/rooms
[3:21:00 AM] 📝 GET /api/rooms/69490a065e1a04f70b859ca9
[3:21:00 AM] 📝 GET /api/bookings
[3:21:39 AM] 📝 GET /api/display/room/696f36019adeec8a6063cb8c
[3:21:42 AM] 📝 GET /api/display/room/696f36019adeec8a6063cb8c
[3:21:43 AM] 📝 GET /api/display/room/696f36019adeec8a6063cb8c
[3:21:43 AM] 📝 GET /api/display/room/696f36019adeec8a6063cb8c
[3:21:43 AM] 📝 GET /api/display/room/696f36019adeec8a6063cb8c
[3:22:16 AM] 📝 GET /api/rooms
[3:22:18 AM] 📝 GET /api/rooms/69490a065e1a04f70b859cab
[3:22:18 AM] 📝 GET /api/bookings
[3:22:18 AM] 📝 GET /api/rooms/69609bbbaa301e5a9d0e57c0
[3:22:19 AM] 📝 GET /api/bookings
[3:22:21 AM] 📝 GET /api/rooms
[3:22:39 AM] 📝 GET /api/display/room/696f36019adeec8a6063cb8c
[3:22:42 AM] 📝 GET /api/display/room/696f36019adeec8a6063cb8c
[3:22:43 AM] 📝 GET /api/display/room/696f36019adeec8a6063cb8c
[3:22:43 AM] 📝 GET /api/display/room/696f36019adeec8a6063cb8c
[3:22:43 AM] 📝 GET /api/display/room/696f36019adeec8a6063cb8c
[3:22:51 AM] 📝 POST /api/auth/exchange-code
━━━━━━━━━━━━━━━━━━━━━━━━━━━━━━━━━━
🔐 UMS Exchange Code Request
   📥 Method: POST
   📥 IP: 119.42.102.167
   📥 Origin: https://nssv.nsm.go.th
   📥 Referer: https://nssv.nsm.go.th/napp/auth/callback?code=0da9735feb03caf942b7f8045d98b2615293a953bfeab46c30f7c4ddcb84734e
   📥 User-Agent: Mozilla/5.0 (Windows NT 10.0; Win64; x64) AppleWebKit/537.36 (KHTML, like Gecko) Chrome/148.0.0.0 Safari/537.36
   📥 Content-Type: application/json
   📥 Body Keys: [ 'code', 'projectCode' ]
   📥 code: 0da9735feb03caf942b7f8045d98b2615293a953bfeab46c30f7c4ddcb84734e
   📥 projectCode: MEETBOOKING
   🔄 Calling: POST https://nssv.nsm.go.th/ums/api/auth/exchange-code
   📤 UMS Status: 200
   📤 UMS Response: {
  "status": "success",
  "token": "eyJhbGciOiJIUzI1NiIsInR5cCI6IkpXVCJ9.eyJpZCI6IjY5NmUzNGRkZDFjNTg0MTJiYjBhZTBhNSIsInJvbGUiOiJtZW1iZXIiLCJ1c2VybmFtZSI6ImFtYW5hIiwiaWF0IjoxNzgxMTQ4MTcxLCJleHAiOjE3ODEyMzQ1NzF9.YyETB272aFEdv5LC5HlBWhknIeIkgg9TPfFwWphd6pU",
  "user": {
    "id": "696e34ddd1c58412bb0ae0a5",
    "username": "amana",
    "email": "amanashpd@gmail.com",
    "firstName": "Amana",
    "lastName": "Shad",
    "role": "member",
    "phone": "0882783171"
  }
}
   🎯 Role: member → user
   ✅ Login success: Amana Shad (user)
━━━━━━━━━━━━━━━━━━━━━━━━━━━━━━━━━━
[3:22:51 AM] 📝 GET /api/rooms
[3:22:53 AM] 📝 GET /api/rooms/69490a065e1a04f70b859ca9
[3:22:53 AM] 📝 GET /api/bookings
[3:23:21 AM] 📝 GET /api/bookings/my-bookings
[3:23:22 AM] 📝 GET /api/rooms
[3:23:22 AM] 📝 GET /api/departments
[3:23:39 AM] 📝 GET /api/display/room/696f36019adeec8a6063cb8c
[3:23:42 AM] 📝 GET /api/display/room/696f36019adeec8a6063cb8c
[3:23:43 AM] 📝 GET /api/display/room/696f36019adeec8a6063cb8c
[3:23:43 AM] 📝 GET /api/display/room/696f36019adeec8a6063cb8c
[3:23:43 AM] 📝 GET /api/display/room/696f36019adeec8a6063cb8c
[3:23:47 AM] 📝 GET /api/bookings
[3:24:09 AM] 📝 POST /api/bookings
[3:24:21 AM] 📝 GET /api/bookings/my-bookings
[3:24:30 AM] 📝 GET /api/rooms
[3:24:30 AM] 📝 GET /api/departments
[3:24:30 AM] 📝 GET /api/bookings/6a2a2a59f9491de83487d934
[3:24:30 AM] 📝 GET /api/bookings
[3:24:33 AM] 📝 GET /api/rooms
[3:24:37 AM] 📝 GET /api/bookings
[3:24:39 AM] 📝 GET /api/display/room/696f36019adeec8a6063cb8c
[3:24:42 AM] 📝 GET /api/display/room/696f36019adeec8a6063cb8c
[3:24:43 AM] 📝 GET /api/display/room/696f36019adeec8a6063cb8c
[3:24:43 AM] 📝 GET /api/display/room/696f36019adeec8a6063cb8c
[3:24:43 AM] 📝 GET /api/display/room/696f36019adeec8a6063cb8c
[3:25:39 AM] 📝 GET /api/display/room/696f36019adeec8a6063cb8c
[3:25:42 AM] 📝 GET /api/display/room/696f36019adeec8a6063cb8c
[3:25:43 AM] 📝 GET /api/display/room/696f36019adeec8a6063cb8c
[3:25:43 AM] 📝 GET /api/display/room/696f36019adeec8a6063cb8c
[3:25:43 AM] 📝 GET /api/display/room/696f36019adeec8a6063cb8c
[3:26:13 AM] 📝 GET /api/rooms/69490a065e1a04f70b859cab
[3:26:13 AM] 📝 GET /api/bookings
[3:26:18 AM] 📝 GET /api/rooms
[3:26:22 AM] 📝 GET /api/rooms/69490a065e1a04f70b859cab
[3:26:22 AM] 📝 GET /api/bookings
[3:26:39 AM] 📝 GET /api/display/room/696f36019adeec8a6063cb8c
[3:26:42 AM] 📝 GET /api/display/room/696f36019adeec8a6063cb8c
[3:26:43 AM] 📝 GET /api/display/room/696f36019adeec8a6063cb8c
[3:26:43 AM] 📝 GET /api/display/room/696f36019adeec8a6063cb8c
[3:26:43 AM] 📝 GET /api/display/room/696f36019adeec8a6063cb8c
[3:27:39 AM] 📝 GET /api/display/room/696f36019adeec8a6063cb8c
[3:27:42 AM] 📝 GET /api/display/room/696f36019adeec8a6063cb8c
[3:27:43 AM] 📝 GET /api/display/room/696f36019adeec8a6063cb8c
[3:27:43 AM] 📝 GET /api/display/room/696f36019adeec8a6063cb8c
[3:27:43 AM] 📝 GET /api/display/room/696f36019adeec8a6063cb8c
[3:27:46 AM] 📝 GET /api/rooms
[3:27:49 AM] 📝 GET /api/bookings
[3:28:37 AM] 📝 GET /api/rooms/69490a065e1a04f70b859ca9
[3:28:37 AM] 📝 GET /api/bookings
[3:28:39 AM] 📝 GET /api/display/room/696f36019adeec8a6063cb8c
[3:28:42 AM] 📝 GET /api/display/room/696f36019adeec8a6063cb8c
[3:28:43 AM] 📝 GET /api/display/room/696f36019adeec8a6063cb8c
[3:28:43 AM] 📝 GET /api/display/room/696f36019adeec8a6063cb8c
[3:28:43 AM] 📝 GET /api/display/room/696f36019adeec8a6063cb8c
[3:29:39 AM] 📝 GET /api/display/room/696f36019adeec8a6063cb8c
[3:29:42 AM] 📝 GET /api/display/room/696f36019adeec8a6063cb8c
[3:29:43 AM] 📝 GET /api/display/room/696f36019adeec8a6063cb8c
[3:29:43 AM] 📝 GET /api/display/room/696f36019adeec8a6063cb8c
[3:29:43 AM] 📝 GET /api/display/room/696f36019adeec8a6063cb8c

🔌 Received SIGINT. Shutting down gracefully...
✅ HTTP Server closed
✅ MongoDB connection closed
[dotenv@17.2.3] injecting env (7) from .env -- tip: 🔄 add secrets lifecycle management: https://dotenvx.com/ops
  ✓ Registered: POST /

╔═══════════════════════════════════════╗
║  🚀 Server Started Successfully!      ║
╠═══════════════════════════════════════╣
║  Port: 5000                           ║
║  Host: 0.0.0.0 (Public Access)        ║
║  Time: 6/11/2026, 3:30:04 AM     ║
║  JSON Limit: 10MB (Images Supported)  ║
╚═══════════════════════════════════════╝
  
✅ MongoDB Connected Successfully
[3:32:29 AM] 📝 GET /api/rooms/69490a065e1a04f70b859ca9
[3:32:29 AM] 📝 GET /api/rooms/69490a065e1a04f70b859ca9/bookings
[3:40:37 AM] 📝 GET /api/display/room/696f36019adeec8a6063cb8c
[3:40:40 AM] 📝 GET /api/display/room/696f36019adeec8a6063cb8c
[3:40:41 AM] 📝 GET /api/display/room/696f36019adeec8a6063cb8c
[3:40:41 AM] 📝 GET /api/display/room/696f36019adeec8a6063cb8c
[3:41:37 AM] 📝 GET /api/display/room/696f36019adeec8a6063cb8c
[3:41:41 AM] 📝 GET /api/display/room/696f36019adeec8a6063cb8c
[3:41:41 AM] 📝 GET /api/display/room/696f36019adeec8a6063cb8c
[3:41:41 AM] 📝 GET /api/display/room/696f36019adeec8a6063cb8c
[3:42:37 AM] 📝 GET /api/display/room/696f36019adeec8a6063cb8c
[3:42:40 AM] 📝 GET /api/display/room/696f36019adeec8a6063cb8c
[3:42:41 AM] 📝 GET /api/display/room/696f36019adeec8a6063cb8c
[3:42:41 AM] 📝 GET /api/display/room/696f36019adeec8a6063cb8c
[3:43:37 AM] 📝 GET /api/display/room/696f36019adeec8a6063cb8c
[3:43:41 AM] 📝 GET /api/display/room/696f36019adeec8a6063cb8c
[3:43:41 AM] 📝 GET /api/display/room/696f36019adeec8a6063cb8c
[3:43:41 AM] 📝 GET /api/display/room/696f36019adeec8a6063cb8c
[3:44:03 AM] 📝 GET /api/rooms
[3:44:09 AM] 📝 GET /api/rooms/69490a065e1a04f70b859cab
[3:44:09 AM] 📝 GET /api/bookings
[3:44:37 AM] 📝 GET /api/display/room/696f36019adeec8a6063cb8c
[3:44:41 AM] 📝 GET /api/display/room/696f36019adeec8a6063cb8c
[3:44:41 AM] 📝 GET /api/display/room/696f36019adeec8a6063cb8c
[3:44:41 AM] 📝 GET /api/display/room/696f36019adeec8a6063cb8c
[3:45:37 AM] 📝 GET /api/display/room/696f36019adeec8a6063cb8c
[3:45:41 AM] 📝 GET /api/display/room/696f36019adeec8a6063cb8c
[3:45:41 AM] 📝 GET /api/display/room/696f36019adeec8a6063cb8c
[3:45:41 AM] 📝 GET /api/display/room/696f36019adeec8a6063cb8c
[3:46:37 AM] 📝 GET /api/display/room/696f36019adeec8a6063cb8c
[3:46:40 AM] 📝 GET /api/display/room/696f36019adeec8a6063cb8c
[3:46:41 AM] 📝 GET /api/display/room/696f36019adeec8a6063cb8c
[3:46:41 AM] 📝 GET /api/display/room/696f36019adeec8a6063cb8c
[3:47:37 AM] 📝 GET /api/display/room/696f36019adeec8a6063cb8c
[3:47:41 AM] 📝 GET /api/display/room/696f36019adeec8a6063cb8c
[3:47:41 AM] 📝 GET /api/display/room/696f36019adeec8a6063cb8c
[3:47:41 AM] 📝 GET /api/display/room/696f36019adeec8a6063cb8c
[3:48:20 AM] 📝 GET /api/display/room/696f36019adeec8a6063cb8c
[3:48:38 AM] 📝 GET /api/display/room/696f36019adeec8a6063cb8c
[3:48:41 AM] 📝 GET /api/display/room/696f36019adeec8a6063cb8c
[3:48:41 AM] 📝 GET /api/display/room/696f36019adeec8a6063cb8c
[3:48:41 AM] 📝 GET /api/display/room/696f36019adeec8a6063cb8c
[3:49:20 AM] 📝 GET /api/display/room/696f36019adeec8a6063cb8c
[3:49:37 AM] 📝 GET /api/display/room/696f36019adeec8a6063cb8c
[3:49:40 AM] 📝 GET /api/display/room/696f36019adeec8a6063cb8c
[3:49:41 AM] 📝 GET /api/display/room/696f36019adeec8a6063cb8c
[3:49:41 AM] 📝 GET /api/display/room/696f36019adeec8a6063cb8c
[3:50:20 AM] 📝 GET /api/display/room/696f36019adeec8a6063cb8c
[3:50:37 AM] 📝 GET /api/display/room/696f36019adeec8a6063cb8c
[3:50:41 AM] 📝 GET /api/display/room/696f36019adeec8a6063cb8c
[3:50:41 AM] 📝 GET /api/display/room/696f36019adeec8a6063cb8c
[3:50:41 AM] 📝 GET /api/display/room/696f36019adeec8a6063cb8c
[3:51:20 AM] 📝 GET /api/display/room/696f36019adeec8a6063cb8c
[3:51:37 AM] 📝 GET /api/display/room/696f36019adeec8a6063cb8c
[3:51:41 AM] 📝 GET /api/display/room/696f36019adeec8a6063cb8c
[3:51:41 AM] 📝 GET /api/display/room/696f36019adeec8a6063cb8c
[3:51:41 AM] 📝 GET /api/display/room/696f36019adeec8a6063cb8c
[3:52:20 AM] 📝 GET /api/display/room/696f36019adeec8a6063cb8c
[3:52:37 AM] 📝 GET /api/display/room/696f36019adeec8a6063cb8c
[3:52:41 AM] 📝 GET /api/display/room/696f36019adeec8a6063cb8c
[3:52:41 AM] 📝 GET /api/display/room/696f36019adeec8a6063cb8c
[3:52:41 AM] 📝 GET /api/display/room/696f36019adeec8a6063cb8c
[3:53:20 AM] 📝 GET /api/display/room/696f36019adeec8a6063cb8c
[3:53:40 AM] 📝 GET /api/display/room/696f36019adeec8a6063cb8c
[3:53:41 AM] 📝 GET /api/display/room/696f36019adeec8a6063cb8c
[3:53:41 AM] 📝 GET /api/display/room/696f36019adeec8a6063cb8c
[3:53:41 AM] 📝 GET /api/display/room/696f36019adeec8a6063cb8c
[3:54:20 AM] 📝 GET /api/display/room/696f36019adeec8a6063cb8c
[3:54:37 AM] 📝 GET /api/display/room/696f36019adeec8a6063cb8c
[3:54:41 AM] 📝 GET /api/display/room/696f36019adeec8a6063cb8c
[3:54:41 AM] 📝 GET /api/display/room/696f36019adeec8a6063cb8c
[3:54:41 AM] 📝 GET /api/display/room/696f36019adeec8a6063cb8c
[3:55:20 AM] 📝 GET /api/display/room/696f36019adeec8a6063cb8c
[4:05:35 AM] 📝 GET /api/display/room/696f36019adeec8a6063cb8c
[4:05:38 AM] 📝 GET /api/display/room/696f36019adeec8a6063cb8c
[4:05:39 AM] 📝 GET /api/display/room/696f36019adeec8a6063cb8c
[4:05:39 AM] 📝 GET /api/display/room/696f36019adeec8a6063cb8c
[4:05:41 AM] 📝 GET /api/display/room/696f36019adeec8a6063cb8c
[4:06:35 AM] 📝 GET /api/display/room/696f36019adeec8a6063cb8c
[4:06:38 AM] 📝 GET /api/display/room/696f36019adeec8a6063cb8c
[4:06:39 AM] 📝 GET /api/display/room/696f36019adeec8a6063cb8c
[4:06:39 AM] 📝 GET /api/display/room/696f36019adeec8a6063cb8c
[4:06:39 AM] 📝 GET /api/display/room/696f36019adeec8a6063cb8c
[4:07:35 AM] 📝 GET /api/display/room/696f36019adeec8a6063cb8c
[4:07:38 AM] 📝 GET /api/display/room/696f36019adeec8a6063cb8c
[4:07:39 AM] 📝 GET /api/display/room/696f36019adeec8a6063cb8c
[4:07:39 AM] 📝 GET /api/display/room/696f36019adeec8a6063cb8c
[4:07:39 AM] 📝 GET /api/display/room/696f36019adeec8a6063cb8c
[4:08:35 AM] 📝 GET /api/display/room/696f36019adeec8a6063cb8c
[4:08:38 AM] 📝 GET /api/display/room/696f36019adeec8a6063cb8c
[4:08:39 AM] 📝 GET /api/display/room/696f36019adeec8a6063cb8c
[4:08:39 AM] 📝 GET /api/display/room/696f36019adeec8a6063cb8c
[4:08:39 AM] 📝 GET /api/display/room/696f36019adeec8a6063cb8c
[4:09:35 AM] 📝 GET /api/display/room/696f36019adeec8a6063cb8c
[4:09:38 AM] 📝 GET /api/display/room/696f36019adeec8a6063cb8c
[4:09:39 AM] 📝 GET /api/display/room/696f36019adeec8a6063cb8c
[4:09:39 AM] 📝 GET /api/display/room/696f36019adeec8a6063cb8c
[4:09:39 AM] 📝 GET /api/display/room/696f36019adeec8a6063cb8c
[4:10:35 AM] 📝 GET /api/display/room/696f36019adeec8a6063cb8c
[4:10:38 AM] 📝 GET /api/display/room/696f36019adeec8a6063cb8c
[4:10:39 AM] 📝 GET /api/display/room/696f36019adeec8a6063cb8c
[4:10:39 AM] 📝 GET /api/display/room/696f36019adeec8a6063cb8c
[4:10:39 AM] 📝 GET /api/display/room/696f36019adeec8a6063cb8c
[4:11:35 AM] 📝 GET /api/display/room/696f36019adeec8a6063cb8c
[4:11:38 AM] 📝 GET /api/display/room/696f36019adeec8a6063cb8c
[4:11:39 AM] 📝 GET /api/display/room/696f36019adeec8a6063cb8c
[4:11:39 AM] 📝 GET /api/display/room/696f36019adeec8a6063cb8c
[4:11:39 AM] 📝 GET /api/display/room/696f36019adeec8a6063cb8c
[4:12:35 AM] 📝 GET /api/display/room/696f36019adeec8a6063cb8c
[4:12:38 AM] 📝 GET /api/display/room/696f36019adeec8a6063cb8c
[4:12:39 AM] 📝 GET /api/display/room/696f36019adeec8a6063cb8c
[4:12:39 AM] 📝 GET /api/display/room/696f36019adeec8a6063cb8c
[4:12:39 AM] 📝 GET /api/display/room/696f36019adeec8a6063cb8c
[4:13:35 AM] 📝 GET /api/display/room/696f36019adeec8a6063cb8c
[4:13:38 AM] 📝 GET /api/display/room/696f36019adeec8a6063cb8c
[4:13:39 AM] 📝 GET /api/display/room/696f36019adeec8a6063cb8c
[4:13:39 AM] 📝 GET /api/display/room/696f36019adeec8a6063cb8c
[4:13:39 AM] 📝 GET /api/display/room/696f36019adeec8a6063cb8c
[4:14:35 AM] 📝 GET /api/display/room/696f36019adeec8a6063cb8c
[4:14:38 AM] 📝 GET /api/display/room/696f36019adeec8a6063cb8c
[4:14:39 AM] 📝 GET /api/display/room/696f36019adeec8a6063cb8c
[4:14:39 AM] 📝 GET /api/display/room/696f36019adeec8a6063cb8c
[4:14:39 AM] 📝 GET /api/display/room/696f36019adeec8a6063cb8c
[4:15:35 AM] 📝 GET /api/display/room/696f36019adeec8a6063cb8c
[4:15:38 AM] 📝 GET /api/display/room/696f36019adeec8a6063cb8c
[4:15:39 AM] 📝 GET /api/display/room/696f36019adeec8a6063cb8c
[4:15:39 AM] 📝 GET /api/display/room/696f36019adeec8a6063cb8c
[4:15:39 AM] 📝 GET /api/display/room/696f36019adeec8a6063cb8c
[4:16:35 AM] 📝 GET /api/display/room/696f36019adeec8a6063cb8c
[4:16:38 AM] 📝 GET /api/display/room/696f36019adeec8a6063cb8c
[4:16:39 AM] 📝 GET /api/display/room/696f36019adeec8a6063cb8c
[4:16:39 AM] 📝 GET /api/display/room/696f36019adeec8a6063cb8c
[4:16:39 AM] 📝 GET /api/display/room/696f36019adeec8a6063cb8c
[4:17:35 AM] 📝 GET /api/display/room/696f36019adeec8a6063cb8c
[4:17:38 AM] 📝 GET /api/display/room/696f36019adeec8a6063cb8c
[4:17:39 AM] 📝 GET /api/display/room/696f36019adeec8a6063cb8c
[4:17:39 AM] 📝 GET /api/display/room/696f36019adeec8a6063cb8c
[4:17:39 AM] 📝 GET /api/display/room/696f36019adeec8a6063cb8c
[4:18:35 AM] 📝 GET /api/display/room/696f36019adeec8a6063cb8c
[4:18:38 AM] 📝 GET /api/display/room/696f36019adeec8a6063cb8c
[4:18:39 AM] 📝 GET /api/display/room/696f36019adeec8a6063cb8c
[4:18:39 AM] 📝 GET /api/display/room/696f36019adeec8a6063cb8c
[4:18:39 AM] 📝 GET /api/display/room/696f36019adeec8a6063cb8c
[4:19:35 AM] 📝 GET /api/display/room/696f36019adeec8a6063cb8c
[4:19:38 AM] 📝 GET /api/display/room/696f36019adeec8a6063cb8c
[4:19:39 AM] 📝 GET /api/display/room/696f36019adeec8a6063cb8c
[4:19:39 AM] 📝 GET /api/display/room/696f36019adeec8a6063cb8c
[4:19:39 AM] 📝 GET /api/display/room/696f36019adeec8a6063cb8c
[4:30:33 AM] 📝 GET /api/display/room/696f36019adeec8a6063cb8c
[4:30:37 AM] 📝 GET /api/display/room/696f36019adeec8a6063cb8c
[4:30:37 AM] 📝 GET /api/display/room/696f36019adeec8a6063cb8c
[4:30:38 AM] 📝 GET /api/display/room/696f36019adeec8a6063cb8c
[4:30:39 AM] 📝 GET /api/display/room/696f36019adeec8a6063cb8c
[4:31:33 AM] 📝 GET /api/display/room/696f36019adeec8a6063cb8c
[4:31:37 AM] 📝 GET /api/display/room/696f36019adeec8a6063cb8c
[4:31:37 AM] 📝 GET /api/display/room/696f36019adeec8a6063cb8c
[4:31:38 AM] 📝 GET /api/display/room/696f36019adeec8a6063cb8c
[4:31:39 AM] 📝 GET /api/display/room/696f36019adeec8a6063cb8c
[4:32:33 AM] 📝 GET /api/display/room/696f36019adeec8a6063cb8c
[4:32:36 AM] 📝 GET /api/display/room/696f36019adeec8a6063cb8c
[4:32:37 AM] 📝 GET /api/display/room/696f36019adeec8a6063cb8c
[4:32:38 AM] 📝 GET /api/display/room/696f36019adeec8a6063cb8c
[4:32:39 AM] 📝 GET /api/display/room/696f36019adeec8a6063cb8c
[4:33:33 AM] 📝 GET /api/display/room/696f36019adeec8a6063cb8c
[4:33:37 AM] 📝 GET /api/display/room/696f36019adeec8a6063cb8c
[4:33:37 AM] 📝 GET /api/display/room/696f36019adeec8a6063cb8c
[4:33:38 AM] 📝 GET /api/display/room/696f36019adeec8a6063cb8c
[4:33:39 AM] 📝 GET /api/display/room/696f36019adeec8a6063cb8c
[4:34:33 AM] 📝 GET /api/display/room/696f36019adeec8a6063cb8c
[4:34:37 AM] 📝 GET /api/display/room/696f36019adeec8a6063cb8c
[4:34:37 AM] 📝 GET /api/display/room/696f36019adeec8a6063cb8c
[4:34:38 AM] 📝 GET /api/display/room/696f36019adeec8a6063cb8c
[4:34:39 AM] 📝 GET /api/display/room/696f36019adeec8a6063cb8c
[4:35:33 AM] 📝 GET /api/display/room/696f36019adeec8a6063cb8c
[4:35:37 AM] 📝 GET /api/display/room/696f36019adeec8a6063cb8c
[4:35:37 AM] 📝 GET /api/display/room/696f36019adeec8a6063cb8c
[4:35:39 AM] 📝 GET /api/display/room/696f36019adeec8a6063cb8c
[4:35:39 AM] 📝 GET /api/display/room/696f36019adeec8a6063cb8c
[4:36:33 AM] 📝 GET /api/display/room/696f36019adeec8a6063cb8c
[4:36:36 AM] 📝 GET /api/display/room/696f36019adeec8a6063cb8c
[4:36:37 AM] 📝 GET /api/display/room/696f36019adeec8a6063cb8c
[4:36:39 AM] 📝 GET /api/display/room/696f36019adeec8a6063cb8c
[4:36:39 AM] 📝 GET /api/display/room/696f36019adeec8a6063cb8c
[4:37:33 AM] 📝 GET /api/display/room/696f36019adeec8a6063cb8c
[4:37:37 AM] 📝 GET /api/display/room/696f36019adeec8a6063cb8c
[4:37:37 AM] 📝 GET /api/display/room/696f36019adeec8a6063cb8c
[4:37:38 AM] 📝 GET /api/display/room/696f36019adeec8a6063cb8c
[4:37:39 AM] 📝 GET /api/display/room/696f36019adeec8a6063cb8c
[4:38:33 AM] 📝 GET /api/display/room/696f36019adeec8a6063cb8c
[4:38:37 AM] 📝 GET /api/display/room/696f36019adeec8a6063cb8c
[4:38:37 AM] 📝 GET /api/display/room/696f36019adeec8a6063cb8c
[4:38:38 AM] 📝 GET /api/display/room/696f36019adeec8a6063cb8c
[4:38:39 AM] 📝 GET /api/display/room/696f36019adeec8a6063cb8c
[4:39:33 AM] 📝 GET /api/display/room/696f36019adeec8a6063cb8c
[4:39:37 AM] 📝 GET /api/display/room/696f36019adeec8a6063cb8c
[4:39:37 AM] 📝 GET /api/display/room/696f36019adeec8a6063cb8c
[4:39:38 AM] 📝 GET /api/display/room/696f36019adeec8a6063cb8c
[4:39:39 AM] 📝 GET /api/display/room/696f36019adeec8a6063cb8c
[4:40:33 AM] 📝 GET /api/display/room/696f36019adeec8a6063cb8c
[4:40:36 AM] 📝 GET /api/display/room/696f36019adeec8a6063cb8c
[4:40:37 AM] 📝 GET /api/display/room/696f36019adeec8a6063cb8c
[4:40:38 AM] 📝 GET /api/display/room/696f36019adeec8a6063cb8c
[4:40:39 AM] 📝 GET /api/display/room/696f36019adeec8a6063cb8c
[4:41:33 AM] 📝 GET /api/display/room/696f36019adeec8a6063cb8c
[4:41:37 AM] 📝 GET /api/display/room/696f36019adeec8a6063cb8c
[4:41:37 AM] 📝 GET /api/display/room/696f36019adeec8a6063cb8c
[4:41:38 AM] 📝 GET /api/display/room/696f36019adeec8a6063cb8c
[4:41:39 AM] 📝 GET /api/display/room/696f36019adeec8a6063cb8c
[4:42:33 AM] 📝 GET /api/display/room/696f36019adeec8a6063cb8c
[4:42:36 AM] 📝 GET /api/display/room/696f36019adeec8a6063cb8c
[4:42:37 AM] 📝 GET /api/display/room/696f36019adeec8a6063cb8c
[4:42:38 AM] 📝 GET /api/display/room/696f36019adeec8a6063cb8c
[4:42:39 AM] 📝 GET /api/display/room/696f36019adeec8a6063cb8c
[4:43:33 AM] 📝 GET /api/display/room/696f36019adeec8a6063cb8c
[4:43:37 AM] 📝 GET /api/display/room/696f36019adeec8a6063cb8c
[4:43:37 AM] 📝 GET /api/display/room/696f36019adeec8a6063cb8c
[4:43:38 AM] 📝 GET /api/display/room/696f36019adeec8a6063cb8c
[4:43:39 AM] 📝 GET /api/display/room/696f36019adeec8a6063cb8c
[4:44:33 AM] 📝 GET /api/display/room/696f36019adeec8a6063cb8c
[4:44:37 AM] 📝 GET /api/display/room/696f36019adeec8a6063cb8c
[4:44:37 AM] 📝 GET /api/display/room/696f36019adeec8a6063cb8c
[4:44:38 AM] 📝 GET /api/display/room/696f36019adeec8a6063cb8c
[4:44:39 AM] 📝 GET /api/display/room/696f36019adeec8a6063cb8c
[4:55:31 AM] 📝 GET /api/display/room/696f36019adeec8a6063cb8c
[4:55:34 AM] 📝 GET /api/display/room/696f36019adeec8a6063cb8c
[4:55:35 AM] 📝 GET /api/display/room/696f36019adeec8a6063cb8c
[4:55:35 AM] 📝 GET /api/display/room/696f36019adeec8a6063cb8c
[4:55:37 AM] 📝 GET /api/display/room/696f36019adeec8a6063cb8c
[4:56:31 AM] 📝 GET /api/display/room/696f36019adeec8a6063cb8c
[4:56:34 AM] 📝 GET /api/display/room/696f36019adeec8a6063cb8c
[4:56:35 AM] 📝 GET /api/display/room/696f36019adeec8a6063cb8c
[4:56:35 AM] 📝 GET /api/display/room/696f36019adeec8a6063cb8c
[4:56:37 AM] 📝 GET /api/display/room/696f36019adeec8a6063cb8c
[4:57:31 AM] 📝 GET /api/display/room/696f36019adeec8a6063cb8c
[4:57:34 AM] 📝 GET /api/display/room/696f36019adeec8a6063cb8c
[4:57:35 AM] 📝 GET /api/display/room/696f36019adeec8a6063cb8c
[4:57:35 AM] 📝 GET /api/display/room/696f36019adeec8a6063cb8c
[4:57:37 AM] 📝 GET /api/display/room/696f36019adeec8a6063cb8c
[4:58:31 AM] 📝 GET /api/display/room/696f36019adeec8a6063cb8c
[4:58:34 AM] 📝 GET /api/display/room/696f36019adeec8a6063cb8c
[4:58:35 AM] 📝 GET /api/display/room/696f36019adeec8a6063cb8c
[4:58:35 AM] 📝 GET /api/display/room/696f36019adeec8a6063cb8c
[4:58:37 AM] 📝 GET /api/display/room/696f36019adeec8a6063cb8c
[4:59:31 AM] 📝 GET /api/display/room/696f36019adeec8a6063cb8c
[4:59:34 AM] 📝 GET /api/display/room/696f36019adeec8a6063cb8c
[4:59:35 AM] 📝 GET /api/display/room/696f36019adeec8a6063cb8c
[4:59:35 AM] 📝 GET /api/display/room/696f36019adeec8a6063cb8c
[4:59:37 AM] 📝 GET /api/display/room/696f36019adeec8a6063cb8c
[5:00:31 AM] 📝 GET /api/display/room/696f36019adeec8a6063cb8c
[5:00:34 AM] 📝 GET /api/display/room/696f36019adeec8a6063cb8c
[5:00:35 AM] 📝 GET /api/display/room/696f36019adeec8a6063cb8c
[5:00:35 AM] 📝 GET /api/display/room/696f36019adeec8a6063cb8c
[5:00:37 AM] 📝 GET /api/display/room/696f36019adeec8a6063cb8c
[5:01:31 AM] 📝 GET /api/display/room/696f36019adeec8a6063cb8c
[5:01:35 AM] 📝 GET /api/display/room/696f36019adeec8a6063cb8c
[5:01:35 AM] 📝 GET /api/display/room/696f36019adeec8a6063cb8c
[5:01:35 AM] 📝 GET /api/display/room/696f36019adeec8a6063cb8c
[5:01:37 AM] 📝 GET /api/display/room/696f36019adeec8a6063cb8c
[5:02:31 AM] 📝 GET /api/display/room/696f36019adeec8a6063cb8c
[5:02:34 AM] 📝 GET /api/display/room/696f36019adeec8a6063cb8c
[5:02:35 AM] 📝 GET /api/display/room/696f36019adeec8a6063cb8c
[5:02:35 AM] 📝 GET /api/display/room/696f36019adeec8a6063cb8c
[5:02:37 AM] 📝 GET /api/display/room/696f36019adeec8a6063cb8c
[5:03:31 AM] 📝 GET /api/display/room/696f36019adeec8a6063cb8c
[5:03:34 AM] 📝 GET /api/display/room/696f36019adeec8a6063cb8c
[5:03:35 AM] 📝 GET /api/display/room/696f36019adeec8a6063cb8c
[5:03:35 AM] 📝 GET /api/display/room/696f36019adeec8a6063cb8c
[5:03:37 AM] 📝 GET /api/display/room/696f36019adeec8a6063cb8c
[5:04:31 AM] 📝 GET /api/display/room/696f36019adeec8a6063cb8c
[5:04:34 AM] 📝 GET /api/display/room/696f36019adeec8a6063cb8c
[5:04:35 AM] 📝 GET /api/display/room/696f36019adeec8a6063cb8c
[5:04:35 AM] 📝 GET /api/display/room/696f36019adeec8a6063cb8c
[5:04:37 AM] 📝 GET /api/display/room/696f36019adeec8a6063cb8c
[5:05:31 AM] 📝 GET /api/display/room/696f36019adeec8a6063cb8c
[5:05:34 AM] 📝 GET /api/display/room/696f36019adeec8a6063cb8c
[5:05:35 AM] 📝 GET /api/display/room/696f36019adeec8a6063cb8c
[5:05:35 AM] 📝 GET /api/display/room/696f36019adeec8a6063cb8c
[5:05:37 AM] 📝 GET /api/display/room/696f36019adeec8a6063cb8c
[5:06:32 AM] 📝 GET /api/display/room/696f36019adeec8a6063cb8c
[5:06:34 AM] 📝 GET /api/display/room/696f36019adeec8a6063cb8c
[5:06:35 AM] 📝 GET /api/display/room/696f36019adeec8a6063cb8c
[5:06:35 AM] 📝 GET /api/display/room/696f36019adeec8a6063cb8c
[5:06:37 AM] 📝 GET /api/display/room/696f36019adeec8a6063cb8c
[5:07:31 AM] 📝 GET /api/display/room/696f36019adeec8a6063cb8c
[5:07:34 AM] 📝 GET /api/display/room/696f36019adeec8a6063cb8c
[5:07:35 AM] 📝 GET /api/display/room/696f36019adeec8a6063cb8c
[5:07:35 AM] 📝 GET /api/display/room/696f36019adeec8a6063cb8c
[5:07:37 AM] 📝 GET /api/display/room/696f36019adeec8a6063cb8c
[5:08:31 AM] 📝 GET /api/display/room/696f36019adeec8a6063cb8c
[5:08:34 AM] 📝 GET /api/display/room/696f36019adeec8a6063cb8c
[5:08:35 AM] 📝 GET /api/display/room/696f36019adeec8a6063cb8c
[5:08:35 AM] 📝 GET /api/display/room/696f36019adeec8a6063cb8c
[5:08:37 AM] 📝 GET /api/display/room/696f36019adeec8a6063cb8c
[5:09:31 AM] 📝 GET /api/display/room/696f36019adeec8a6063cb8c
[5:09:34 AM] 📝 GET /api/display/room/696f36019adeec8a6063cb8c
[5:09:35 AM] 📝 GET /api/display/room/696f36019adeec8a6063cb8c
[5:09:35 AM] 📝 GET /api/display/room/696f36019adeec8a6063cb8c
[5:09:37 AM] 📝 GET /api/display/room/696f36019adeec8a6063cb8c
[5:20:34 AM] 📝 GET /api/display/room/696f36019adeec8a6063cb8c
[5:20:34 AM] 📝 GET /api/display/uploads/696f36019adeec8a6063cb8c_1778837162683.png
[5:21:34 AM] 📝 GET /api/display/room/696f36019adeec8a6063cb8c
[5:22:34 AM] 📝 GET /api/display/room/696f36019adeec8a6063cb8c
[5:23:34 AM] 📝 GET /api/display/room/696f36019adeec8a6063cb8c
[5:24:34 AM] 📝 GET /api/display/room/696f36019adeec8a6063cb8c
[5:25:34 AM] 📝 GET /api/display/room/696f36019adeec8a6063cb8c
[5:26:34 AM] 📝 GET /api/display/room/696f36019adeec8a6063cb8c
[5:27:34 AM] 📝 GET /api/display/room/696f36019adeec8a6063cb8c
[5:28:34 AM] 📝 GET /api/display/room/696f36019adeec8a6063cb8c
[5:29:34 AM] 📝 GET /api/display/room/696f36019adeec8a6063cb8c
[5:30:34 AM] 📝 GET /api/display/room/696f36019adeec8a6063cb8c
[5:31:34 AM] 📝 GET /api/display/room/696f36019adeec8a6063cb8c
[5:32:34 AM] 📝 GET /api/display/room/696f36019adeec8a6063cb8c
[5:33:34 AM] 📝 GET /api/display/room/696f36019adeec8a6063cb8c
[5:34:34 AM] 📝 GET /api/display/room/696f36019adeec8a6063cb8c
[5:45:32 AM] 📝 GET /api/display/room/696f36019adeec8a6063cb8c
[5:46:32 AM] 📝 GET /api/display/room/696f36019adeec8a6063cb8c
[5:47:32 AM] 📝 GET /api/display/room/696f36019adeec8a6063cb8c
[5:48:32 AM] 📝 GET /api/display/room/696f36019adeec8a6063cb8c
[5:49:32 AM] 📝 GET /api/display/room/696f36019adeec8a6063cb8c
[5:50:32 AM] 📝 GET /api/display/room/696f36019adeec8a6063cb8c
[5:51:32 AM] 📝 GET /api/display/room/696f36019adeec8a6063cb8c
[5:52:32 AM] 📝 GET /api/display/room/696f36019adeec8a6063cb8c
[5:53:32 AM] 📝 GET /api/display/room/696f36019adeec8a6063cb8c
[5:54:32 AM] 📝 GET /api/display/room/696f36019adeec8a6063cb8c
[5:55:32 AM] 📝 GET /api/display/room/696f36019adeec8a6063cb8c
[5:56:32 AM] 📝 GET /api/display/room/696f36019adeec8a6063cb8c
[5:57:32 AM] 📝 GET /api/display/room/696f36019adeec8a6063cb8c
[5:58:32 AM] 📝 GET /api/display/room/696f36019adeec8a6063cb8c
[5:59:32 AM] 📝 GET /api/display/room/696f36019adeec8a6063cb8c
[6:10:30 AM] 📝 GET /api/display/room/696f36019adeec8a6063cb8c
[6:11:30 AM] 📝 GET /api/display/room/696f36019adeec8a6063cb8c
[6:12:30 AM] 📝 GET /api/display/room/696f36019adeec8a6063cb8c
[6:13:30 AM] 📝 GET /api/display/room/696f36019adeec8a6063cb8c
[6:14:30 AM] 📝 GET /api/display/room/696f36019adeec8a6063cb8c
[6:15:30 AM] 📝 GET /api/display/room/696f36019adeec8a6063cb8c
[6:16:30 AM] 📝 GET /api/display/room/696f36019adeec8a6063cb8c
[6:17:30 AM] 📝 GET /api/display/room/696f36019adeec8a6063cb8c
[6:18:30 AM] 📝 GET /api/display/room/696f36019adeec8a6063cb8c
[6:19:30 AM] 📝 GET /api/display/room/696f36019adeec8a6063cb8c
[6:20:30 AM] 📝 GET /api/display/room/696f36019adeec8a6063cb8c
[6:21:30 AM] 📝 GET /api/display/room/696f36019adeec8a6063cb8c
[6:22:30 AM] 📝 GET /api/display/room/696f36019adeec8a6063cb8c
[6:23:30 AM] 📝 GET /api/display/room/696f36019adeec8a6063cb8c
[6:24:30 AM] 📝 GET /api/display/room/696f36019adeec8a6063cb8c
[6:35:29 AM] 📝 GET /api/display/room/696f36019adeec8a6063cb8c
[6:36:29 AM] 📝 GET /api/display/room/696f36019adeec8a6063cb8c
[6:36:49 AM] 📝 GET /api/rooms
[6:36:54 AM] 📝 GET /api/rooms/69490a065e1a04f70b859cab
[6:36:54 AM] 📝 GET /api/bookings
[6:37:00 AM] 📝 GET /api/rooms
[6:37:04 AM] 📝 GET /api/bookings
[6:37:06 AM] 📝 GET /api/rooms/69490a065e1a04f70b859cab
[6:37:06 AM] 📝 GET /api/bookings
[6:37:09 AM] 📝 GET /api/bookings/my-bookings
[6:37:13 AM] 📝 DELETE /api/bookings/6a2a2a59f9491de83487d934
[6:37:17 AM] 📝 GET /api/rooms
[6:37:20 AM] 📝 GET /api/rooms/69490a065e1a04f70b859ca9
[6:37:20 AM] 📝 GET /api/bookings
[6:37:26 AM] 📝 GET /api/rooms
[6:37:29 AM] 📝 GET /api/display/room/696f36019adeec8a6063cb8c
[6:37:30 AM] 📝 GET /api/rooms/69490a065e1a04f70b859ca9
[6:37:30 AM] 📝 GET /api/bookings
[6:37:41 AM] 📝 GET /api/bookings/my-bookings
[6:37:43 AM] 📝 GET /api/rooms
[6:37:45 AM] 📝 GET /api/rooms/69490a065e1a04f70b859ca9
[6:37:45 AM] 📝 GET /api/bookings
[6:38:29 AM] 📝 GET /api/display/room/696f36019adeec8a6063cb8c
[6:39:29 AM] 📝 GET /api/display/room/696f36019adeec8a6063cb8c
[6:40:29 AM] 📝 GET /api/display/room/696f36019adeec8a6063cb8c
[6:41:29 AM] 📝 GET /api/display/room/696f36019adeec8a6063cb8c
[6:42:29 AM] 📝 GET /api/display/room/696f36019adeec8a6063cb8c
[6:43:29 AM] 📝 GET /api/display/room/696f36019adeec8a6063cb8c
[6:44:29 AM] 📝 GET /api/display/room/696f36019adeec8a6063cb8c
[6:45:29 AM] 📝 GET /api/display/room/696f36019adeec8a6063cb8c
[6:46:29 AM] 📝 GET /api/display/room/696f36019adeec8a6063cb8c
[6:47:29 AM] 📝 GET /api/display/room/696f36019adeec8a6063cb8c
[6:48:29 AM] 📝 GET /api/display/room/696f36019adeec8a6063cb8c
[6:49:29 AM] 📝 GET /api/display/room/696f36019adeec8a6063cb8c
[7:00:27 AM] 📝 GET /api/display/room/696f36019adeec8a6063cb8c
[7:01:27 AM] 📝 GET /api/display/room/696f36019adeec8a6063cb8c
[7:02:27 AM] 📝 GET /api/display/room/696f36019adeec8a6063cb8c
[7:03:27 AM] 📝 GET /api/display/room/696f36019adeec8a6063cb8c
[7:04:27 AM] 📝 GET /api/display/room/696f36019adeec8a6063cb8c
[7:05:27 AM] 📝 GET /api/display/room/696f36019adeec8a6063cb8c
[7:06:27 AM] 📝 GET /api/display/room/696f36019adeec8a6063cb8c
[7:07:27 AM] 📝 GET /api/display/room/696f36019adeec8a6063cb8c
[7:08:27 AM] 📝 GET /api/display/room/696f36019adeec8a6063cb8c
[7:09:27 AM] 📝 GET /api/display/room/696f36019adeec8a6063cb8c
[7:10:27 AM] 📝 GET /api/display/room/696f36019adeec8a6063cb8c
[7:11:27 AM] 📝 GET /api/display/room/696f36019adeec8a6063cb8c
[7:12:27 AM] 📝 GET /api/display/room/696f36019adeec8a6063cb8c
[7:13:27 AM] 📝 GET /api/display/room/696f36019adeec8a6063cb8c
[7:14:27 AM] 📝 GET /api/display/room/696f36019adeec8a6063cb8c
[7:25:25 AM] 📝 GET /api/display/room/696f36019adeec8a6063cb8c
[7:26:25 AM] 📝 GET /api/display/room/696f36019adeec8a6063cb8c
[7:27:25 AM] 📝 GET /api/display/room/696f36019adeec8a6063cb8c
[7:29:07 AM] 📝 GET /api/display/room/696f36019adeec8a6063cb8c
[7:29:07 AM] 📝 GET /api/display/uploads/696f36019adeec8a6063cb8c_1778837162683.png
[7:29:07 AM] 📝 GET /api/display/room/696f36019adeec8a6063cb8c
[7:29:08 AM] 📝 GET /api/display/uploads/696f36019adeec8a6063cb8c_1778837162683.png
[7:29:14 AM] 📝 GET /api/display/room/696f36019adeec8a6063cb8c
[7:29:14 AM] 📝 GET /api/display/uploads/696f36019adeec8a6063cb8c_1778837162683.png
[7:29:25 AM] 📝 GET /api/display/room/696f36019adeec8a6063cb8c
[7:30:07 AM] 📝 GET /api/display/room/696f36019adeec8a6063cb8c
[7:30:07 AM] 📝 GET /api/display/room/696f36019adeec8a6063cb8c
[7:30:14 AM] 📝 GET /api/display/room/696f36019adeec8a6063cb8c
[7:30:25 AM] 📝 GET /api/display/room/696f36019adeec8a6063cb8c
[7:31:07 AM] 📝 GET /api/display/room/696f36019adeec8a6063cb8c
[7:31:07 AM] 📝 GET /api/display/room/696f36019adeec8a6063cb8c
[7:31:14 AM] 📝 GET /api/display/room/696f36019adeec8a6063cb8c
[7:31:25 AM] 📝 GET /api/display/room/696f36019adeec8a6063cb8c
[7:32:07 AM] 📝 GET /api/display/room/696f36019adeec8a6063cb8c
[7:32:07 AM] 📝 GET /api/display/room/696f36019adeec8a6063cb8c
[7:32:14 AM] 📝 GET /api/display/room/696f36019adeec8a6063cb8c
[7:32:25 AM] 📝 GET /api/display/room/696f36019adeec8a6063cb8c
[7:33:07 AM] 📝 GET /api/display/room/696f36019adeec8a6063cb8c
[7:33:07 AM] 📝 GET /api/display/room/696f36019adeec8a6063cb8c
[7:33:14 AM] 📝 GET /api/display/room/696f36019adeec8a6063cb8c
[7:33:24 AM] 📝 POST /api/auth/login
[7:33:24 AM] 📝 GET /api/rooms
[7:33:25 AM] 📝 GET /api/display/room/696f36019adeec8a6063cb8c
[7:33:26 AM] 📝 GET /api/bookings
[7:33:29 AM] 📝 GET /api/rooms/696f36019adeec8a6063cb8c
[7:33:29 AM] 📝 GET /api/rooms/696f36019adeec8a6063cb8c/bookings
[7:34:07 AM] 📝 GET /api/display/room/696f36019adeec8a6063cb8c
[7:34:07 AM] 📝 GET /api/display/room/696f36019adeec8a6063cb8c
[7:34:14 AM] 📝 GET /api/display/room/696f36019adeec8a6063cb8c
[7:34:25 AM] 📝 GET /api/display/room/696f36019adeec8a6063cb8c
[7:35:07 AM] 📝 GET /api/display/room/696f36019adeec8a6063cb8c
[7:35:07 AM] 📝 GET /api/display/room/696f36019adeec8a6063cb8c
[7:35:14 AM] 📝 GET /api/display/room/696f36019adeec8a6063cb8c
[7:35:25 AM] 📝 GET /api/display/room/696f36019adeec8a6063cb8c
[7:36:07 AM] 📝 GET /api/display/room/696f36019adeec8a6063cb8c
[7:36:07 AM] 📝 GET /api/display/room/696f36019adeec8a6063cb8c
[7:36:14 AM] 📝 GET /api/display/room/696f36019adeec8a6063cb8c
[7:36:17 AM] 📝 GET /api/rooms
[7:36:22 AM] 📝 GET /api/rooms/69490a065e1a04f70b859ca9
[7:36:22 AM] 📝 GET /api/rooms/69490a065e1a04f70b859ca9/bookings
[7:36:25 AM] 📝 GET /api/display/room/696f36019adeec8a6063cb8c
[7:36:30 AM] 📝 GET /api/rooms
[7:36:33 AM] 📝 GET /api/bookings
[7:37:07 AM] 📝 GET /api/display/room/696f36019adeec8a6063cb8c
[7:37:07 AM] 📝 GET /api/display/room/696f36019adeec8a6063cb8c
[7:37:14 AM] 📝 GET /api/display/room/696f36019adeec8a6063cb8c
[7:37:25 AM] 📝 GET /api/display/room/696f36019adeec8a6063cb8c
[7:38:07 AM] 📝 GET /api/display/room/696f36019adeec8a6063cb8c
[7:38:07 AM] 📝 GET /api/display/room/696f36019adeec8a6063cb8c
[7:38:14 AM] 📝 GET /api/display/room/696f36019adeec8a6063cb8c
[7:38:25 AM] 📝 GET /api/display/room/696f36019adeec8a6063cb8c
[7:39:07 AM] 📝 GET /api/display/room/696f36019adeec8a6063cb8c
[7:39:07 AM] 📝 GET /api/display/room/696f36019adeec8a6063cb8c
[7:39:14 AM] 📝 GET /api/display/room/696f36019adeec8a6063cb8c
[7:39:25 AM] 📝 GET /api/display/room/696f36019adeec8a6063cb8c
[7:40:07 AM] 📝 GET /api/display/room/696f36019adeec8a6063cb8c
[7:40:07 AM] 📝 GET /api/display/room/696f36019adeec8a6063cb8c
[7:40:14 AM] 📝 GET /api/display/room/696f36019adeec8a6063cb8c
[7:50:19 AM] 📝 GET /api/display/room/696f36019adeec8a6063cb8c
[7:50:20 AM] 📝 GET /api/display/room/696f36019adeec8a6063cb8c
[7:50:22 AM] 📝 GET /api/display/room/696f36019adeec8a6063cb8c
[7:50:23 AM] 📝 GET /api/display/room/696f36019adeec8a6063cb8c
[7:51:19 AM] 📝 GET /api/display/room/696f36019adeec8a6063cb8c
[7:51:20 AM] 📝 GET /api/display/room/696f36019adeec8a6063cb8c
[7:51:22 AM] 📝 GET /api/display/room/696f36019adeec8a6063cb8c
[7:51:23 AM] 📝 GET /api/display/room/696f36019adeec8a6063cb8c
[7:52:19 AM] 📝 GET /api/display/room/696f36019adeec8a6063cb8c
[7:52:20 AM] 📝 GET /api/display/room/696f36019adeec8a6063cb8c
[7:52:22 AM] 📝 GET /api/display/room/696f36019adeec8a6063cb8c
[7:52:23 AM] 📝 GET /api/display/room/696f36019adeec8a6063cb8c
[7:53:19 AM] 📝 GET /api/display/room/696f36019adeec8a6063cb8c
[7:53:20 AM] 📝 GET /api/display/room/696f36019adeec8a6063cb8c
[7:53:22 AM] 📝 GET /api/display/room/696f36019adeec8a6063cb8c
[7:53:23 AM] 📝 GET /api/display/room/696f36019adeec8a6063cb8c
[7:54:19 AM] 📝 GET /api/display/room/696f36019adeec8a6063cb8c
[7:54:20 AM] 📝 GET /api/display/room/696f36019adeec8a6063cb8c
[7:54:22 AM] 📝 GET /api/display/room/696f36019adeec8a6063cb8c
[7:54:23 AM] 📝 GET /api/display/room/696f36019adeec8a6063cb8c
[7:54:27 AM] 📝 POST /api/auth/exchange-code
━━━━━━━━━━━━━━━━━━━━━━━━━━━━━━━━━━
🔐 UMS Exchange Code Request
   📥 Method: POST
   📥 IP: 119.42.102.167
   📥 Origin: https://nssv.nsm.go.th
   📥 Referer: https://nssv.nsm.go.th/napp/auth/callback?code=0d2ad64ebe21adc39b18e802ad85d34b905fb66ddce94b0850d2eddb7aa389a3
   📥 User-Agent: Mozilla/5.0 (Windows NT 10.0; Win64; x64) AppleWebKit/537.36 (KHTML, like Gecko) Chrome/148.0.0.0 Safari/537.36
   📥 Content-Type: application/json
   📥 Body Keys: [ 'code', 'projectCode' ]
   📥 code: 0d2ad64ebe21adc39b18e802ad85d34b905fb66ddce94b0850d2eddb7aa389a3
   📥 projectCode: MEETBOOKING
   🔄 Calling: POST https://nssv.nsm.go.th/ums/api/auth/exchange-code
   📤 UMS Status: 200
   📤 UMS Response: {
  "status": "success",
  "token": "eyJhbGciOiJIUzI1NiIsInR5cCI6IkpXVCJ9.eyJpZCI6IjY5NmUzNGRkZDFjNTg0MTJiYjBhZTBhNSIsInJvbGUiOiJtZW1iZXIiLCJ1c2VybmFtZSI6ImFtYW5hIiwiaWF0IjoxNzgxMTY0NDY3LCJleHAiOjE3ODEyNTA4Njd9.-zBE9vR1mtyfNND4rLbctF2v47YfTZfTctq38W8xB94",
  "user": {
    "id": "696e34ddd1c58412bb0ae0a5",
    "username": "amana",
    "email": "amanashpd@gmail.com",
    "firstName": "Amana",
    "lastName": "Shad",
    "role": "member",
    "phone": "0882783171"
  }
}
   🎯 Role: member → user
   ✅ Login success: Amana Shad (user)
━━━━━━━━━━━━━━━━━━━━━━━━━━━━━━━━━━
[7:54:29 AM] 📝 GET /api/rooms
[7:54:35 AM] 📝 GET /api/bookings
[7:54:49 AM] 📝 POST /api/auth/exchange-code
━━━━━━━━━━━━━━━━━━━━━━━━━━━━━━━━━━
🔐 UMS Exchange Code Request
   📥 Method: POST
   📥 IP: 119.42.102.167
   📥 Origin: https://nssv.nsm.go.th
   📥 Referer: https://nssv.nsm.go.th/napp/auth/callback?code=a370960de6f2f7569a60282d32627b7542bf77a29795a692551e80e8e9eca35f
   📥 User-Agent: Mozilla/5.0 (Windows NT 10.0; Win64; x64) AppleWebKit/537.36 (KHTML, like Gecko) Chrome/148.0.0.0 Safari/537.36
   📥 Content-Type: application/json
   📥 Body Keys: [ 'code', 'projectCode' ]
   📥 code: a370960de6f2f7569a60282d32627b7542bf77a29795a692551e80e8e9eca35f
   📥 projectCode: MEETBOOKING
   🔄 Calling: POST https://nssv.nsm.go.th/ums/api/auth/exchange-code
   📤 UMS Status: 200
   📤 UMS Response: {
  "status": "success",
  "token": "eyJhbGciOiJIUzI1NiIsInR5cCI6IkpXVCJ9.eyJpZCI6IjY5NmUyYTljYWUxMTg0OWFmYTdhNTM5ZCIsInJvbGUiOiJzdXBlcmFkbWluIiwidXNlcm5hbWUiOiJuYWlvb2IiLCJpYXQiOjE3ODExNjQ0ODksImV4cCI6MTc4MTI1MDg4OX0.40lEdcTl-cAMiulLBYuzhJCKtfrIHRNdhBZEPP-w3T4",
  "user": {
    "id": "696e2a9cae11849afa7a539d",
    "username": "naioob",
    "email": "naioob@gmail.com",
    "firstName": "ธนะรักษ์ oob",
    "lastName": "สุขสันต์",
    "role": "superadmin",
    "phone": "0931317150"
  }
}
   🎯 Role: superadmin → admin
   ✅ Login success: ธนะรักษ์ oob สุขสันต์ (admin)
━━━━━━━━━━━━━━━━━━━━━━━━━━━━━━━━━━
[7:54:50 AM] 📝 GET /api/rooms
[7:54:52 AM] 📝 GET /api/bookings
[7:54:57 AM] 📝 GET /api/bookings/my-bookings
[7:54:59 AM] 📝 GET /api/bookings
[7:55:02 AM] 📝 GET /api/admin/dashboard/statistics
[7:55:04 AM] 📝 GET /api/admin/bookings
[7:55:08 AM] 📝 GET /api/bookings
[7:55:10 AM] 📝 GET /api/admin/dashboard/statistics
[7:55:11 AM] 📝 GET /api/bookings
[7:55:19 AM] 📝 GET /api/display/room/696f36019adeec8a6063cb8c
[7:55:20 AM] 📝 GET /api/display/room/696f36019adeec8a6063cb8c
[7:55:22 AM] 📝 GET /api/display/room/696f36019adeec8a6063cb8c
[7:55:23 AM] 📝 GET /api/display/room/696f36019adeec8a6063cb8c
[7:56:19 AM] 📝 GET /api/display/room/696f36019adeec8a6063cb8c
[7:56:20 AM] 📝 GET /api/display/room/696f36019adeec8a6063cb8c
[7:56:22 AM] 📝 GET /api/display/room/696f36019adeec8a6063cb8c
[7:56:23 AM] 📝 GET /api/display/room/696f36019adeec8a6063cb8c
[7:57:19 AM] 📝 GET /api/display/room/696f36019adeec8a6063cb8c
[7:57:20 AM] 📝 GET /api/display/room/696f36019adeec8a6063cb8c
[7:57:22 AM] 📝 GET /api/display/room/696f36019adeec8a6063cb8c
[7:57:23 AM] 📝 GET /api/display/room/696f36019adeec8a6063cb8c
[7:58:19 AM] 📝 GET /api/display/room/696f36019adeec8a6063cb8c
[7:58:20 AM] 📝 GET /api/display/room/696f36019adeec8a6063cb8c
[7:58:22 AM] 📝 POST /api/auth/exchange-code
━━━━━━━━━━━━━━━━━━━━━━━━━━━━━━━━━━
🔐 UMS Exchange Code Request
   📥 Method: POST
   📥 IP: 49.231.15.98
   📥 Origin: https://nssv.nsm.go.th
   📥 Referer: https://nssv.nsm.go.th/napp/auth/callback?code=368120c76d34cc72d85f9beb8a78f609aa7158c830a9b2cd362532114f2b28d0
   📥 User-Agent: Mozilla/5.0 (Linux; Android 10; K) AppleWebKit/537.36 (KHTML, like Gecko) Chrome/149.0.0.0 Mobile Safari/537.36
   📥 Content-Type: application/json
   📥 Body Keys: [ 'code', 'projectCode' ]
   📥 code: 368120c76d34cc72d85f9beb8a78f609aa7158c830a9b2cd362532114f2b28d0
   📥 projectCode: MEETBOOKING
   🔄 Calling: POST https://nssv.nsm.go.th/ums/api/auth/exchange-code
[7:58:22 AM] 📝 GET /api/display/room/696f36019adeec8a6063cb8c
   📤 UMS Status: 200
   📤 UMS Response: {
  "status": "success",
  "token": "eyJhbGciOiJIUzI1NiIsInR5cCI6IkpXVCJ9.eyJpZCI6IjY5NmUyYTljYWUxMTg0OWFmYTdhNTM5ZCIsInJvbGUiOiJzdXBlcmFkbWluIiwidXNlcm5hbWUiOiJuYWlvb2IiLCJpYXQiOjE3ODExNjQ3MDIsImV4cCI6MTc4MTI1MTEwMn0.tOlJieJe4mcI8doK4-K7vwPt5M6ltdEo9r0_EDbQ7gA",
  "user": {
    "id": "696e2a9cae11849afa7a539d",
    "username": "naioob",
    "email": "naioob@gmail.com",
    "firstName": "ธนะรักษ์ oob",
    "lastName": "สุขสันต์",
    "role": "superadmin",
    "phone": "0931317150"
  }
}
   🎯 Role: superadmin → admin
   ✅ Login success: ธนะรักษ์ oob สุขสันต์ (admin)
━━━━━━━━━━━━━━━━━━━━━━━━━━━━━━━━━━
[7:58:23 AM] 📝 GET /api/display/room/696f36019adeec8a6063cb8c
[7:58:27 AM] 📝 GET /api/rooms
[7:58:32 AM] 📝 GET /api/bookings
[7:58:36 AM] 📝 GET /api/rooms
[7:58:37 AM] 📝 GET /api/admin/dashboard/statistics
[7:58:39 AM] 📝 GET /api/admin/stats/monthly-stats
[7:58:40 AM] 📝 GET /api/admin/stats/popular-rooms
[7:58:40 AM] 📝 GET /api/admin/stats/bookings-trend
[7:58:40 AM] 📝 GET /api/admin/stats/department-usage
[7:58:41 AM] 📝 GET /api/rooms
[7:58:47 AM] 📝 GET /api/rooms
[7:58:49 AM] 📝 GET /api/admin/dashboard/statistics
[7:58:53 AM] 📝 GET /api/admin/bookings
[7:58:58 AM] 📝 GET /api/display/rooms
[7:59:00 AM] 📝 GET /api/display/room/69490a065e1a04f70b859caa
[7:59:00 AM] 📝 GET /api/display/config/69490a065e1a04f70b859caa
[7:59:00 AM] 📝 GET /api/display/media/69490a065e1a04f70b859caa
[7:59:00 AM] 📝 GET /api/display/uploads/69490a065e1a04f70b859caa_1778836967898.png
[7:59:00 AM] 📝 GET /api/display/uploads/69490a065e1a04f70b859caa_1778836967381.png
[7:59:00 AM] 📝 GET /api/display/uploads/69490a065e1a04f70b859caa_1778836968444.png
[7:59:00 AM] 📝 GET /api/display/uploads/69490a065e1a04f70b859caa_1778836968895.png
[7:59:05 AM] 📝 GET /api/rooms
[7:59:19 AM] 📝 GET /api/display/room/696f36019adeec8a6063cb8c
[7:59:20 AM] 📝 GET /api/display/room/696f36019adeec8a6063cb8c
[7:59:22 AM] 📝 GET /api/display/room/696f36019adeec8a6063cb8c
[7:59:23 AM] 📝 GET /api/display/room/696f36019adeec8a6063cb8c
[8:00:19 AM] 📝 GET /api/display/room/696f36019adeec8a6063cb8c
[8:00:20 AM] 📝 GET /api/display/room/696f36019adeec8a6063cb8c
[8:00:22 AM] 📝 GET /api/display/room/696f36019adeec8a6063cb8c
[8:00:23 AM] 📝 GET /api/display/room/696f36019adeec8a6063cb8c
[8:00:23 AM] 📝 GET /api/admin/dashboard/statistics
[8:00:25 AM] 📝 GET /api/admin/bookings
[8:01:19 AM] 📝 GET /api/display/room/696f36019adeec8a6063cb8c
[8:01:20 AM] 📝 GET /api/display/room/696f36019adeec8a6063cb8c
[8:01:22 AM] 📝 GET /api/display/room/696f36019adeec8a6063cb8c
[8:01:23 AM] 📝 GET /api/display/room/696f36019adeec8a6063cb8c
[8:02:19 AM] 📝 GET /api/display/room/696f36019adeec8a6063cb8c
[8:02:20 AM] 📝 GET /api/display/room/696f36019adeec8a6063cb8c
[8:02:22 AM] 📝 GET /api/display/room/696f36019adeec8a6063cb8c
[8:02:23 AM] 📝 GET /api/display/room/696f36019adeec8a6063cb8c
[8:03:19 AM] 📝 GET /api/display/room/696f36019adeec8a6063cb8c
[8:03:20 AM] 📝 GET /api/display/room/696f36019adeec8a6063cb8c
[8:03:22 AM] 📝 GET /api/display/room/696f36019adeec8a6063cb8c
[8:03:23 AM] 📝 GET /api/display/room/696f36019adeec8a6063cb8c
[8:04:19 AM] 📝 GET /api/display/room/696f36019adeec8a6063cb8c
[8:04:20 AM] 📝 GET /api/display/room/696f36019adeec8a6063cb8c
[8:04:22 AM] 📝 GET /api/display/room/696f36019adeec8a6063cb8c
[8:04:23 AM] 📝 GET /api/display/room/696f36019adeec8a6063cb8c
[8:06:56 AM] 📝 GET /api/admin/dashboard/statistics
[8:06:59 AM] 📝 GET /api/admin/bookings
[8:07:08 AM] 📝 POST /api/auth/exchange-code
━━━━━━━━━━━━━━━━━━━━━━━━━━━━━━━━━━
🔐 UMS Exchange Code Request
   📥 Method: POST
   📥 IP: 49.231.15.98
   📥 Origin: https://nssv.nsm.go.th
   📥 Referer: https://nssv.nsm.go.th/napp/auth/callback?code=9e565d19c6c85ff3406c7b993c93ddeb5bdbef8d704fdd12844718fde8753350
   📥 User-Agent: Mozilla/5.0 (Linux; Android 10; K) AppleWebKit/537.36 (KHTML, like Gecko) Chrome/149.0.0.0 Mobile Safari/537.36
   📥 Content-Type: application/json
   📥 Body Keys: [ 'code', 'projectCode' ]
   📥 code: 9e565d19c6c85ff3406c7b993c93ddeb5bdbef8d704fdd12844718fde8753350
   📥 projectCode: MEETBOOKING
   🔄 Calling: POST https://nssv.nsm.go.th/ums/api/auth/exchange-code
   📤 UMS Status: 200
   📤 UMS Response: {
  "status": "success",
  "token": "eyJhbGciOiJIUzI1NiIsInR5cCI6IkpXVCJ9.eyJpZCI6IjY5NmUyYTljYWUxMTg0OWFmYTdhNTM5ZCIsInJvbGUiOiJzdXBlcmFkbWluIiwidXNlcm5hbWUiOiJuYWlvb2IiLCJpYXQiOjE3ODExNjUyMjgsImV4cCI6MTc4MTI1MTYyOH0.o2h6zxt3Ffx6Bnp1mGlibQpN8itwx-GZajpTafM4uz4",
  "user": {
    "id": "696e2a9cae11849afa7a539d",
    "username": "naioob",
    "email": "naioob@gmail.com",
    "firstName": "ธนะรักษ์ oob",
    "lastName": "สุขสันต์",
    "role": "superadmin",
    "phone": "0931317150"
  }
}
   🎯 Role: superadmin → admin
   ✅ Login success: ธนะรักษ์ oob สุขสันต์ (admin)
━━━━━━━━━━━━━━━━━━━━━━━━━━━━━━━━━━
[8:07:09 AM] 📝 GET /api/rooms
[8:07:10 AM] 📝 GET /api/bookings
[8:07:15 AM] 📝 GET /api/admin/dashboard/statistics
[8:07:34 AM] 📝 GET /api/admin/dashboard/statistics
[8:07:49 AM] 📝 GET /api/admin/bookings
[8:08:05 AM] 📝 GET /api/bookings
[8:08:22 AM] 📝 GET /api/admin/dashboard/statistics
[8:08:25 AM] 📝 GET /api/admin/dashboard/statistics
[8:08:30 AM] 📝 GET /api/admin/dashboard/statistics
[8:08:34 AM] 📝 GET /api/admin/bookings
[8:08:41 AM] 📝 GET /api/admin/dashboard/statistics
[8:08:53 AM] 📝 GET /api/admin/bookings
[8:09:21 AM] 📝 GET /api/bookings
[8:09:26 AM] 📝 GET /api/rooms
[8:09:34 AM] 📝 GET /api/bookings
[8:11:58 AM] 📝 GET /api/rooms
[8:12:04 AM] 📝 GET /api/bookings
[8:12:22 AM] 📝 POST /api/auth/exchange-code
━━━━━━━━━━━━━━━━━━━━━━━━━━━━━━━━━━
🔐 UMS Exchange Code Request
   📥 Method: POST
   📥 IP: 49.229.100.42
   📥 Origin: https://nssv.nsm.go.th
   📥 Referer: https://nssv.nsm.go.th/napp/auth/callback?code=3a585fe8bb010f49b5c8d1697b8278f9352cd875d64f84f9213c2c588711c814
   📥 User-Agent: Mozilla/5.0 (Windows NT 10.0; Win64; x64) AppleWebKit/537.36 (KHTML, like Gecko) Chrome/149.0.0.0 Safari/537.36
   📥 Content-Type: application/json
   📥 Body Keys: [ 'code', 'projectCode' ]
   📥 code: 3a585fe8bb010f49b5c8d1697b8278f9352cd875d64f84f9213c2c588711c814
   📥 projectCode: MEETBOOKING
   🔄 Calling: POST https://nssv.nsm.go.th/ums/api/auth/exchange-code
   📤 UMS Status: 200
   📤 UMS Response: {
  "status": "success",
  "token": "eyJhbGciOiJIUzI1NiIsInR5cCI6IkpXVCJ9.eyJpZCI6IjZhMWMyMGU0NDA0YWExMWYwZWJmZmQ3NCIsInJvbGUiOiJtZW1iZXIiLCJ1c2VybmFtZSI6IuC4meC4suC4ouC5gOC4geC4teC4ouC4o-C4leC4tOC4qOC4seC4geC4lOC4tOC5jCAg4Liq4Li44LiC4Liq4Li04LiH4Lir4LmMIiwiaWF0IjoxNzgxMTY1NTQzLCJleHAiOjE3ODEyNTE5NDN9.2s9_wuRw8hTWCuBscNIlLF0LmnnMPP29t6_hGe_Jghg",
  "user": {
    "id": "6a1c20e4404aa11f0ebffd74",
    "username": "นายเกียรติศักดิ์  สุขสิงห์",
    "email": "gunvtition@gmail.com",
    "firstName": "เกียรติศักดิ์",
    "lastName": "สุขสิงห์",
    "role": "member",
    "phone": "08 2769 1436"
  }
}
   🎯 Role: member → user
   ✅ Login success: เกียรติศักดิ์ สุขสิงห์ (user)
━━━━━━━━━━━━━━━━━━━━━━━━━━━━━━━━━━
[8:12:23 AM] 📝 GET /api/rooms
[8:12:28 AM] 📝 GET /api/bookings
[8:12:32 AM] 📝 GET /api/rooms
[8:12:38 AM] 📝 GET /api/rooms/696f36019adeec8a6063cb8c
[8:12:38 AM] 📝 GET /api/rooms/696f36019adeec8a6063cb8c/bookings
[8:12:41 AM] 📝 GET /api/rooms/696f36019adeec8a6063cb8c/bookings
[8:13:39 AM] 📝 GET /api/rooms
[8:13:41 AM] 📝 GET /api/bookings/my-bookings
[8:13:49 AM] 📝 GET /api/rooms
[8:13:52 AM] 📝 GET /api/rooms/696f36019adeec8a6063cb8c
[8:13:52 AM] 📝 GET /api/rooms/696f36019adeec8a6063cb8c/bookings
[8:13:56 AM] 📝 GET /api/rooms/696f36019adeec8a6063cb8c/bookings
[8:14:04 AM] 📝 GET /api/rooms
[8:14:07 AM] 📝 GET /api/bookings/my-bookings
[8:14:09 AM] 📝 GET /api/departments
[8:14:09 AM] 📝 GET /api/rooms
[8:14:29 AM] 📝 GET /api/bookings

🔌 Received SIGINT. Shutting down gracefully...
✅ HTTP Server closed
✅ MongoDB connection closed
[dotenv@17.2.3] injecting env (7) from .env -- tip: 🔐 prevent committing .env to code: https://dotenvx.com/precommit
  ✓ Registered: POST /

╔═══════════════════════════════════════╗
║  🚀 Server Started Successfully!      ║
╠═══════════════════════════════════════╣
║  Port: 5000                           ║
║  Host: 0.0.0.0 (Public Access)        ║
║  Time: 6/11/2026, 8:14:51 AM     ║
║  JSON Limit: 10MB (Images Supported)  ║
╚═══════════════════════════════════════╝
  
✅ MongoDB Connected Successfully
[8:15:17 AM] 📝 GET /api/display/room/696f36019adeec8a6063cb8c
[8:15:17 AM] 📝 GET /api/display/room/696f36019adeec8a6063cb8c
[8:15:18 AM] 📝 POST /api/bookings
[8:15:20 AM] 📝 GET /api/bookings/my-bookings
[8:15:21 AM] 📝 GET /api/display/room/696f36019adeec8a6063cb8c
[8:15:21 AM] 📝 GET /api/display/room/696f36019adeec8a6063cb8c
[8:15:55 AM] 📝 GET /api/bookings
[8:15:57 AM] 📝 GET /api/admin/dashboard/statistics
[8:15:59 AM] 📝 GET /api/admin/bookings
[8:16:08 AM] 📝 GET /api/bookings
[8:16:17 AM] 📝 GET /api/display/room/696f36019adeec8a6063cb8c
[8:16:17 AM] 📝 GET /api/display/room/696f36019adeec8a6063cb8c
[8:16:21 AM] 📝 GET /api/display/room/696f36019adeec8a6063cb8c
[8:16:21 AM] 📝 GET /api/display/room/696f36019adeec8a6063cb8c
[8:16:24 AM] 📝 GET /api/admin/dashboard/statistics
[8:16:38 AM] 📝 GET /api/admin/bookings
[8:17:17 AM] 📝 GET /api/display/room/696f36019adeec8a6063cb8c
[8:17:17 AM] 📝 GET /api/display/room/696f36019adeec8a6063cb8c
[8:17:21 AM] 📝 GET /api/display/room/696f36019adeec8a6063cb8c
[8:17:21 AM] 📝 GET /api/display/room/696f36019adeec8a6063cb8c
[8:18:17 AM] 📝 GET /api/display/room/696f36019adeec8a6063cb8c
[8:18:17 AM] 📝 GET /api/display/room/696f36019adeec8a6063cb8c
[8:18:21 AM] 📝 GET /api/display/room/696f36019adeec8a6063cb8c
[8:18:21 AM] 📝 GET /api/display/room/696f36019adeec8a6063cb8c
[8:19:17 AM] 📝 GET /api/display/room/696f36019adeec8a6063cb8c
[8:19:17 AM] 📝 GET /api/display/room/696f36019adeec8a6063cb8c
[8:19:21 AM] 📝 GET /api/display/room/696f36019adeec8a6063cb8c
[8:19:21 AM] 📝 GET /api/display/room/696f36019adeec8a6063cb8c
[8:20:17 AM] 📝 GET /api/display/room/696f36019adeec8a6063cb8c
[8:20:17 AM] 📝 GET /api/display/room/696f36019adeec8a6063cb8c
[8:20:21 AM] 📝 GET /api/display/room/696f36019adeec8a6063cb8c
[8:20:21 AM] 📝 GET /api/display/room/696f36019adeec8a6063cb8c
[8:21:07 AM] 📝 GET /api/auth/me
[8:21:10 AM] 📝 POST /api/auth/login
[8:21:10 AM] 📝 GET /api/rooms
[8:21:17 AM] 📝 GET /api/display/room/696f36019adeec8a6063cb8c
[8:21:17 AM] 📝 GET /api/display/room/696f36019adeec8a6063cb8c
[8:21:19 AM] 📝 GET /api/rooms/69490a065e1a04f70b859ca9
[8:21:19 AM] 📝 GET /api/rooms/69490a065e1a04f70b859ca9/bookings
[8:21:21 AM] 📝 GET /api/display/room/696f36019adeec8a6063cb8c
[8:21:21 AM] 📝 GET /api/display/room/696f36019adeec8a6063cb8c
[8:21:31 AM] 📝 GET /api/bookings
[8:21:34 AM] 📝 GET /api/bookings/my-bookings
[8:21:41 AM] 📝 GET /api/departments
[8:21:41 AM] 📝 GET /api/rooms
[8:22:17 AM] 📝 GET /api/display/room/696f36019adeec8a6063cb8c
[8:22:17 AM] 📝 GET /api/display/room/696f36019adeec8a6063cb8c
[8:22:21 AM] 📝 GET /api/bookings
[8:22:21 AM] 📝 GET /api/display/room/696f36019adeec8a6063cb8c
[8:22:21 AM] 📝 GET /api/display/room/696f36019adeec8a6063cb8c
[8:23:09 AM] 📝 POST /api/bookings
[8:23:13 AM] 📝 GET /api/bookings/my-bookings
[8:23:17 AM] 📝 GET /api/display/room/696f36019adeec8a6063cb8c
[8:23:17 AM] 📝 GET /api/display/room/696f36019adeec8a6063cb8c
[8:23:21 AM] 📝 GET /api/display/room/696f36019adeec8a6063cb8c
[8:23:21 AM] 📝 GET /api/display/room/696f36019adeec8a6063cb8c
[8:23:39 AM] 📝 GET /api/auth/me
[8:23:39 AM] 📝 GET /api/rooms
[8:24:17 AM] 📝 GET /api/display/room/696f36019adeec8a6063cb8c
[8:24:17 AM] 📝 GET /api/display/room/696f36019adeec8a6063cb8c
[8:24:21 AM] 📝 GET /api/display/room/696f36019adeec8a6063cb8c
[8:24:21 AM] 📝 GET /api/display/room/696f36019adeec8a6063cb8c
[8:24:57 AM] 📝 GET /api/admin/dashboard/statistics
[8:25:03 AM] 📝 GET /api/admin/dashboard/statistics
[8:25:03 AM] 📝 GET /api/admin/dashboard/statistics
[8:25:08 AM] 📝 GET /api/bookings
[8:25:17 AM] 📝 GET /api/display/room/696f36019adeec8a6063cb8c
[8:25:17 AM] 📝 GET /api/display/room/696f36019adeec8a6063cb8c
[8:25:21 AM] 📝 GET /api/display/room/696f36019adeec8a6063cb8c
[8:25:21 AM] 📝 GET /api/display/room/696f36019adeec8a6063cb8c
[8:25:31 AM] 📝 GET /api/rooms/69490a065e1a04f70b859ca9
[8:25:31 AM] 📝 GET /api/rooms/69490a065e1a04f70b859ca9/bookings
[8:26:17 AM] 📝 GET /api/display/room/696f36019adeec8a6063cb8c
[8:26:17 AM] 📝 GET /api/display/room/696f36019adeec8a6063cb8c
[8:26:21 AM] 📝 GET /api/display/room/696f36019adeec8a6063cb8c
[8:26:21 AM] 📝 GET /api/display/room/696f36019adeec8a6063cb8c
[8:26:54 AM] 📝 GET /api/rooms/69490a065e1a04f70b859ca9
[8:26:54 AM] 📝 GET /api/rooms/69490a065e1a04f70b859ca9/bookings
[8:26:55 AM] 📝 GET /api/rooms/69490a065e1a04f70b859ca9
[8:26:55 AM] 📝 GET /api/rooms/69490a065e1a04f70b859ca9/bookings
[8:27:12 AM] 📝 GET /api/admin/dashboard/statistics
[8:27:17 AM] 📝 GET /api/display/room/696f36019adeec8a6063cb8c
[8:27:17 AM] 📝 GET /api/display/room/696f36019adeec8a6063cb8c
[8:27:21 AM] 📝 GET /api/display/room/696f36019adeec8a6063cb8c
[8:27:21 AM] 📝 GET /api/display/room/696f36019adeec8a6063cb8c
[8:27:51 AM] 📝 GET /api/rooms/69490a065e1a04f70b859ca9
[8:27:51 AM] 📝 GET /api/rooms/69490a065e1a04f70b859ca9/bookings
[8:27:57 AM] 📝 GET /api/bookings
[8:27:59 AM] 📝 GET /api/rooms
[8:28:03 AM] 📝 GET /api/rooms/69490a065e1a04f70b859caa
[8:28:04 AM] 📝 GET /api/rooms/69490a065e1a04f70b859caa/bookings
[8:28:08 AM] 📝 GET /api/rooms
[8:28:16 AM] 📝 GET /api/rooms/69609bbbaa301e5a9d0e57c0
[8:28:17 AM] 📝 GET /api/display/room/696f36019adeec8a6063cb8c
[8:28:17 AM] 📝 GET /api/display/room/696f36019adeec8a6063cb8c
[8:28:21 AM] 📝 GET /api/display/room/696f36019adeec8a6063cb8c
[8:28:21 AM] 📝 GET /api/display/room/696f36019adeec8a6063cb8c
[8:28:21 AM] 📝 GET /api/rooms/69609bbbaa301e5a9d0e57c0/bookings
[8:28:27 AM] 📝 GET /api/rooms
[8:28:28 AM] 📝 GET /api/rooms
[8:29:17 AM] 📝 GET /api/display/room/696f36019adeec8a6063cb8c
[8:29:17 AM] 📝 GET /api/display/room/696f36019adeec8a6063cb8c
[8:29:21 AM] 📝 GET /api/display/room/696f36019adeec8a6063cb8c
[8:29:21 AM] 📝 GET /api/display/room/696f36019adeec8a6063cb8c
[8:40:14 AM] 📝 GET /api/display/room/696f36019adeec8a6063cb8c
[8:40:15 AM] 📝 GET /api/display/room/696f36019adeec8a6063cb8c
[8:40:18 AM] 📝 GET /api/display/room/696f36019adeec8a6063cb8c
[8:40:21 AM] 📝 GET /api/display/room/696f36019adeec8a6063cb8c
[8:41:14 AM] 📝 GET /api/display/room/696f36019adeec8a6063cb8c
[8:41:15 AM] 📝 GET /api/display/room/696f36019adeec8a6063cb8c
[8:41:18 AM] 📝 GET /api/display/room/696f36019adeec8a6063cb8c
[8:41:21 AM] 📝 GET /api/display/room/696f36019adeec8a6063cb8c
[8:42:14 AM] 📝 GET /api/display/room/696f36019adeec8a6063cb8c
[8:42:15 AM] 📝 GET /api/display/room/696f36019adeec8a6063cb8c
[8:42:18 AM] 📝 GET /api/display/room/696f36019adeec8a6063cb8c
[8:42:21 AM] 📝 GET /api/display/room/696f36019adeec8a6063cb8c
[8:43:14 AM] 📝 GET /api/display/room/696f36019adeec8a6063cb8c
[8:43:15 AM] 📝 GET /api/display/room/696f36019adeec8a6063cb8c
[8:43:18 AM] 📝 GET /api/display/room/696f36019adeec8a6063cb8c
[8:43:21 AM] 📝 GET /api/display/room/696f36019adeec8a6063cb8c
[8:44:14 AM] 📝 GET /api/display/room/696f36019adeec8a6063cb8c
[8:44:15 AM] 📝 GET /api/display/room/696f36019adeec8a6063cb8c
[8:44:18 AM] 📝 GET /api/display/room/696f36019adeec8a6063cb8c
[8:44:21 AM] 📝 GET /api/display/room/696f36019adeec8a6063cb8c
[8:45:14 AM] 📝 GET /api/display/room/696f36019adeec8a6063cb8c
[8:45:15 AM] 📝 GET /api/display/room/696f36019adeec8a6063cb8c
[8:45:18 AM] 📝 GET /api/display/room/696f36019adeec8a6063cb8c
[8:45:21 AM] 📝 GET /api/display/room/696f36019adeec8a6063cb8c
[8:46:14 AM] 📝 GET /api/display/room/696f36019adeec8a6063cb8c
[8:46:15 AM] 📝 GET /api/display/room/696f36019adeec8a6063cb8c
[8:46:18 AM] 📝 GET /api/display/room/696f36019adeec8a6063cb8c
[8:46:21 AM] 📝 GET /api/display/room/696f36019adeec8a6063cb8c
[8:47:14 AM] 📝 GET /api/display/room/696f36019adeec8a6063cb8c
[8:47:15 AM] 📝 GET /api/display/room/696f36019adeec8a6063cb8c
[8:47:18 AM] 📝 GET /api/display/room/696f36019adeec8a6063cb8c
[8:47:21 AM] 📝 GET /api/display/room/696f36019adeec8a6063cb8c
[8:48:14 AM] 📝 GET /api/display/room/696f36019adeec8a6063cb8c
[8:48:15 AM] 📝 GET /api/display/room/696f36019adeec8a6063cb8c
[8:48:18 AM] 📝 GET /api/display/room/696f36019adeec8a6063cb8c
[8:48:21 AM] 📝 GET /api/display/room/696f36019adeec8a6063cb8c
[8:49:14 AM] 📝 GET /api/display/room/696f36019adeec8a6063cb8c
[8:49:15 AM] 📝 GET /api/display/room/696f36019adeec8a6063cb8c
[8:49:18 AM] 📝 GET /api/display/room/696f36019adeec8a6063cb8c
[8:49:21 AM] 📝 GET /api/display/room/696f36019adeec8a6063cb8c
[8:50:14 AM] 📝 GET /api/display/room/696f36019adeec8a6063cb8c
[8:50:15 AM] 📝 GET /api/display/room/696f36019adeec8a6063cb8c
[8:50:18 AM] 📝 GET /api/display/room/696f36019adeec8a6063cb8c
[8:50:21 AM] 📝 GET /api/display/room/696f36019adeec8a6063cb8c
[8:51:15 AM] 📝 GET /api/display/room/696f36019adeec8a6063cb8c
[8:51:15 AM] 📝 GET /api/display/room/696f36019adeec8a6063cb8c
[8:51:18 AM] 📝 GET /api/display/room/696f36019adeec8a6063cb8c
[8:51:21 AM] 📝 GET /api/display/room/696f36019adeec8a6063cb8c
[8:52:14 AM] 📝 GET /api/display/room/696f36019adeec8a6063cb8c
[8:52:15 AM] 📝 GET /api/display/room/696f36019adeec8a6063cb8c
[8:52:18 AM] 📝 GET /api/display/room/696f36019adeec8a6063cb8c
[8:52:21 AM] 📝 GET /api/display/room/696f36019adeec8a6063cb8c
[8:53:14 AM] 📝 GET /api/display/room/696f36019adeec8a6063cb8c
[8:53:15 AM] 📝 GET /api/display/room/696f36019adeec8a6063cb8c
[8:53:18 AM] 📝 GET /api/display/room/696f36019adeec8a6063cb8c
[8:53:21 AM] 📝 GET /api/display/room/696f36019adeec8a6063cb8c
[8:54:14 AM] 📝 GET /api/display/room/696f36019adeec8a6063cb8c
[8:54:15 AM] 📝 GET /api/display/room/696f36019adeec8a6063cb8c
[8:54:18 AM] 📝 GET /api/display/room/696f36019adeec8a6063cb8c
[8:54:21 AM] 📝 GET /api/display/room/696f36019adeec8a6063cb8c
[9:05:13 AM] 📝 GET /api/display/room/696f36019adeec8a6063cb8c
[9:05:15 AM] 📝 GET /api/display/room/696f36019adeec8a6063cb8c
[9:05:17 AM] 📝 GET /api/display/room/696f36019adeec8a6063cb8c
[9:05:17 AM] 📝 GET /api/display/room/696f36019adeec8a6063cb8c
[9:06:13 AM] 📝 GET /api/display/room/696f36019adeec8a6063cb8c
[9:06:15 AM] 📝 GET /api/display/room/696f36019adeec8a6063cb8c
[9:06:17 AM] 📝 GET /api/display/room/696f36019adeec8a6063cb8c
[9:06:17 AM] 📝 GET /api/display/room/696f36019adeec8a6063cb8c
[9:07:13 AM] 📝 GET /api/display/room/696f36019adeec8a6063cb8c
[9:07:15 AM] 📝 GET /api/display/room/696f36019adeec8a6063cb8c
[9:07:17 AM] 📝 GET /api/display/room/696f36019adeec8a6063cb8c
[9:07:17 AM] 📝 GET /api/display/room/696f36019adeec8a6063cb8c
[9:08:13 AM] 📝 GET /api/display/room/696f36019adeec8a6063cb8c
[9:08:15 AM] 📝 GET /api/display/room/696f36019adeec8a6063cb8c
[9:08:17 AM] 📝 GET /api/display/room/696f36019adeec8a6063cb8c
[9:08:17 AM] 📝 GET /api/display/room/696f36019adeec8a6063cb8c
[9:09:13 AM] 📝 GET /api/display/room/696f36019adeec8a6063cb8c
[9:09:15 AM] 📝 GET /api/display/room/696f36019adeec8a6063cb8c
[9:09:17 AM] 📝 GET /api/display/room/696f36019adeec8a6063cb8c
[9:09:17 AM] 📝 GET /api/display/room/696f36019adeec8a6063cb8c
[9:10:13 AM] 📝 GET /api/display/room/696f36019adeec8a6063cb8c
[9:10:15 AM] 📝 GET /api/display/room/696f36019adeec8a6063cb8c
[9:10:17 AM] 📝 GET /api/display/room/696f36019adeec8a6063cb8c
[9:10:17 AM] 📝 GET /api/display/room/696f36019adeec8a6063cb8c
[9:11:13 AM] 📝 GET /api/display/room/696f36019adeec8a6063cb8c
[9:11:15 AM] 📝 GET /api/display/room/696f36019adeec8a6063cb8c
[9:11:17 AM] 📝 GET /api/display/room/696f36019adeec8a6063cb8c
[9:11:17 AM] 📝 GET /api/display/room/696f36019adeec8a6063cb8c
[9:12:13 AM] 📝 GET /api/display/room/696f36019adeec8a6063cb8c
[9:12:15 AM] 📝 GET /api/display/room/696f36019adeec8a6063cb8c
[9:12:17 AM] 📝 GET /api/display/room/696f36019adeec8a6063cb8c
[9:12:17 AM] 📝 GET /api/display/room/696f36019adeec8a6063cb8c
[9:13:13 AM] 📝 GET /api/display/room/696f36019adeec8a6063cb8c
[9:13:15 AM] 📝 GET /api/display/room/696f36019adeec8a6063cb8c
[9:13:17 AM] 📝 GET /api/display/room/696f36019adeec8a6063cb8c
[9:13:17 AM] 📝 GET /api/display/room/696f36019adeec8a6063cb8c
[9:14:13 AM] 📝 GET /api/display/room/696f36019adeec8a6063cb8c
[9:14:15 AM] 📝 GET /api/display/room/696f36019adeec8a6063cb8c
[9:14:17 AM] 📝 GET /api/display/room/696f36019adeec8a6063cb8c
[9:14:17 AM] 📝 GET /api/display/room/696f36019adeec8a6063cb8c
[9:15:13 AM] 📝 GET /api/display/room/696f36019adeec8a6063cb8c
[9:15:15 AM] 📝 GET /api/display/room/696f36019adeec8a6063cb8c
[9:15:17 AM] 📝 GET /api/display/room/696f36019adeec8a6063cb8c
[9:15:17 AM] 📝 GET /api/display/room/696f36019adeec8a6063cb8c
[9:16:13 AM] 📝 GET /api/display/room/696f36019adeec8a6063cb8c
[9:16:15 AM] 📝 GET /api/display/room/696f36019adeec8a6063cb8c
[9:16:17 AM] 📝 GET /api/display/room/696f36019adeec8a6063cb8c
[9:16:17 AM] 📝 GET /api/display/room/696f36019adeec8a6063cb8c
[9:17:13 AM] 📝 GET /api/display/room/696f36019adeec8a6063cb8c
[9:17:15 AM] 📝 GET /api/display/room/696f36019adeec8a6063cb8c
[9:17:17 AM] 📝 GET /api/display/room/696f36019adeec8a6063cb8c
[9:17:17 AM] 📝 GET /api/display/room/696f36019adeec8a6063cb8c
[9:18:13 AM] 📝 GET /api/display/room/696f36019adeec8a6063cb8c
[9:18:15 AM] 📝 GET /api/display/room/696f36019adeec8a6063cb8c
[9:18:17 AM] 📝 GET /api/display/room/696f36019adeec8a6063cb8c
[9:18:17 AM] 📝 GET /api/display/room/696f36019adeec8a6063cb8c
[9:19:13 AM] 📝 GET /api/display/room/696f36019adeec8a6063cb8c
[9:19:15 AM] 📝 GET /api/display/room/696f36019adeec8a6063cb8c
[9:19:17 AM] 📝 GET /api/display/room/696f36019adeec8a6063cb8c
[9:19:17 AM] 📝 GET /api/display/room/696f36019adeec8a6063cb8c
[2:21:12 PM] 📝 GET /api/rooms
[2:21:20 PM] 📝 GET /api/bookings/my-bookings
[2:21:33 PM] 📝 POST /api/auth/exchange-code
━━━━━━━━━━━━━━━━━━━━━━━━━━━━━━━━━━
🔐 UMS Exchange Code Request
   📥 Method: POST
   📥 IP: 2403:6200:8840:c1f2:c14f:1b46:263e:9c5
   📥 Origin: https://nssv.nsm.go.th
   📥 Referer: https://nssv.nsm.go.th/napp/auth/callback?code=0747d7c2704dd6795daa11f96fed263a728361d9e9229de84a44c2fd49d0b9e2
   📥 User-Agent: Mozilla/5.0 (Windows NT 10.0; Win64; x64) AppleWebKit/537.36 (KHTML, like Gecko) Chrome/149.0.0.0 Safari/537.36
   📥 Content-Type: application/json
   📥 Body Keys: [ 'code', 'projectCode' ]
   📥 code: 0747d7c2704dd6795daa11f96fed263a728361d9e9229de84a44c2fd49d0b9e2
   📥 projectCode: MEETBOOKING
   🔄 Calling: POST https://nssv.nsm.go.th/ums/api/auth/exchange-code
   📤 UMS Status: 200
   📤 UMS Response: {
  "status": "success",
  "token": "eyJhbGciOiJIUzI1NiIsInR5cCI6IkpXVCJ9.eyJpZCI6IjZhMWMyMGU0NDA0YWExMWYwZWJmZmQ3NCIsInJvbGUiOiJtZW1iZXIiLCJ1c2VybmFtZSI6IuC4meC4suC4ouC5gOC4geC4teC4ouC4o-C4leC4tOC4qOC4seC4geC4lOC4tOC5jCAg4Liq4Li44LiC4Liq4Li04LiH4Lir4LmMIiwiaWF0IjoxNzgxMTg3NjkzLCJleHAiOjE3ODEyNzQwOTN9.SaqTy3AyK1lovQWgvOyEqk5yOWfvdNDL1u4btjlOEN4",
  "user": {
    "id": "6a1c20e4404aa11f0ebffd74",
    "username": "นายเกียรติศักดิ์  สุขสิงห์",
    "email": "gunvtition@gmail.com",
    "firstName": "เกียรติศักดิ์",
    "lastName": "สุขสิงห์",
    "role": "member",
    "phone": "08 2769 1436"
  }
}
   🎯 Role: member → user
   ✅ Login success: เกียรติศักดิ์ สุขสิงห์ (user)
━━━━━━━━━━━━━━━━━━━━━━━━━━━━━━━━━━
[2:21:36 PM] 📝 GET /api/rooms
[2:21:38 PM] 📝 GET /api/bookings/my-bookings
[1:20:56 AM] 📝 GET /api/display/room/696f36019adeec8a6063cb8c
[1:20:56 AM] 📝 GET /api/display/uploads/696f36019adeec8a6063cb8c_1778837162683.png
[1:20:57 AM] 📝 GET /api/display/room/696f36019adeec8a6063cb8c
[1:20:57 AM] 📝 GET /api/display/uploads/696f36019adeec8a6063cb8c_1778837162683.png
[1:21:11 AM] 📝 GET /api/display/room/696f36019adeec8a6063cb8c
[1:21:12 AM] 📝 GET /api/display/uploads/696f36019adeec8a6063cb8c_1778837162683.png
[1:21:29 AM] 📝 GET /api/display/room/696f36019adeec8a6063cb8c
[1:21:29 AM] 📝 GET /api/display/uploads/696f36019adeec8a6063cb8c_1778837162683.png
[1:21:56 AM] 📝 GET /api/display/room/696f36019adeec8a6063cb8c
[1:21:57 AM] 📝 GET /api/display/room/696f36019adeec8a6063cb8c
[1:22:11 AM] 📝 GET /api/display/room/696f36019adeec8a6063cb8c
[1:22:29 AM] 📝 GET /api/display/room/696f36019adeec8a6063cb8c
[1:22:56 AM] 📝 GET /api/display/room/696f36019adeec8a6063cb8c
[1:22:57 AM] 📝 GET /api/display/room/696f36019adeec8a6063cb8c
[1:23:11 AM] 📝 GET /api/display/room/696f36019adeec8a6063cb8c
[1:23:29 AM] 📝 GET /api/display/room/696f36019adeec8a6063cb8c
[1:23:56 AM] 📝 GET /api/display/room/696f36019adeec8a6063cb8c
[1:23:57 AM] 📝 GET /api/display/room/696f36019adeec8a6063cb8c
[1:24:11 AM] 📝 GET /api/display/room/696f36019adeec8a6063cb8c
[1:24:29 AM] 📝 GET /api/display/room/696f36019adeec8a6063cb8c
[1:24:56 AM] 📝 GET /api/display/room/696f36019adeec8a6063cb8c
[1:24:57 AM] 📝 GET /api/display/room/696f36019adeec8a6063cb8c
[1:25:11 AM] 📝 GET /api/display/room/696f36019adeec8a6063cb8c
[1:25:29 AM] 📝 GET /api/display/room/696f36019adeec8a6063cb8c
[1:25:56 AM] 📝 GET /api/display/room/696f36019adeec8a6063cb8c
[1:25:57 AM] 📝 GET /api/display/room/696f36019adeec8a6063cb8c
[1:26:11 AM] 📝 GET /api/display/room/696f36019adeec8a6063cb8c
[1:26:29 AM] 📝 GET /api/display/room/696f36019adeec8a6063cb8c
[1:26:56 AM] 📝 GET /api/display/room/696f36019adeec8a6063cb8c
[1:26:57 AM] 📝 GET /api/display/room/696f36019adeec8a6063cb8c
[1:27:11 AM] 📝 GET /api/display/room/696f36019adeec8a6063cb8c
[1:27:29 AM] 📝 GET /api/display/room/696f36019adeec8a6063cb8c
[1:27:56 AM] 📝 GET /api/display/room/696f36019adeec8a6063cb8c
[1:27:57 AM] 📝 GET /api/display/room/696f36019adeec8a6063cb8c
[1:28:11 AM] 📝 GET /api/display/room/696f36019adeec8a6063cb8c
[1:28:29 AM] 📝 GET /api/display/room/696f36019adeec8a6063cb8c
[1:28:56 AM] 📝 GET /api/display/room/696f36019adeec8a6063cb8c
[1:28:57 AM] 📝 GET /api/display/room/696f36019adeec8a6063cb8c
[1:29:11 AM] 📝 GET /api/display/room/696f36019adeec8a6063cb8c
[1:29:29 AM] 📝 GET /api/display/room/696f36019adeec8a6063cb8c
[1:29:56 AM] 📝 GET /api/display/room/696f36019adeec8a6063cb8c
[1:29:57 AM] 📝 GET /api/display/room/696f36019adeec8a6063cb8c
[1:30:11 AM] 📝 GET /api/display/room/696f36019adeec8a6063cb8c
[1:30:29 AM] 📝 GET /api/display/room/696f36019adeec8a6063cb8c
[1:30:56 AM] 📝 GET /api/display/room/696f36019adeec8a6063cb8c
[1:30:57 AM] 📝 GET /api/display/room/696f36019adeec8a6063cb8c
[1:31:11 AM] 📝 GET /api/display/room/696f36019adeec8a6063cb8c
[1:31:15 AM] 📝 GET /api/auth/me
[1:31:15 AM] 📝 GET /api/bookings
[1:31:29 AM] 📝 GET /api/display/room/696f36019adeec8a6063cb8c
[1:31:48 AM] 📝 GET /api/bookings
[1:31:53 AM] 📝 POST /api/auth/login
[1:31:53 AM] 📝 GET /api/rooms
[1:31:56 AM] 📝 GET /api/display/room/696f36019adeec8a6063cb8c
[1:31:56 AM] 📝 GET /api/bookings
[1:31:57 AM] 📝 GET /api/display/room/696f36019adeec8a6063cb8c
[1:32:11 AM] 📝 GET /api/display/room/696f36019adeec8a6063cb8c
[1:32:29 AM] 📝 GET /api/display/room/696f36019adeec8a6063cb8c
[1:32:56 AM] 📝 GET /api/display/room/696f36019adeec8a6063cb8c
[1:32:57 AM] 📝 GET /api/display/room/696f36019adeec8a6063cb8c
[1:33:11 AM] 📝 GET /api/display/room/696f36019adeec8a6063cb8c
[1:33:29 AM] 📝 GET /api/display/room/696f36019adeec8a6063cb8c
[1:33:56 AM] 📝 GET /api/display/room/696f36019adeec8a6063cb8c
[1:33:57 AM] 📝 GET /api/display/room/696f36019adeec8a6063cb8c
[1:34:11 AM] 📝 GET /api/display/room/696f36019adeec8a6063cb8c
[1:34:29 AM] 📝 GET /api/display/room/696f36019adeec8a6063cb8c
[1:34:56 AM] 📝 GET /api/display/room/696f36019adeec8a6063cb8c
[1:34:57 AM] 📝 GET /api/display/room/696f36019adeec8a6063cb8c
[1:35:11 AM] 📝 GET /api/display/room/696f36019adeec8a6063cb8c
[1:35:29 AM] 📝 GET /api/display/room/696f36019adeec8a6063cb8c
[1:35:56 AM] 📝 GET /api/display/room/696f36019adeec8a6063cb8c
[1:35:57 AM] 📝 GET /api/display/room/696f36019adeec8a6063cb8c
[1:36:23 AM] 📝 GET /api/display/room/696f36019adeec8a6063cb8c
[1:36:29 AM] 📝 GET /api/display/room/696f36019adeec8a6063cb8c
[1:36:56 AM] 📝 GET /api/display/room/696f36019adeec8a6063cb8c
[1:36:57 AM] 📝 GET /api/display/room/696f36019adeec8a6063cb8c
[1:37:23 AM] 📝 GET /api/display/room/696f36019adeec8a6063cb8c
[1:37:29 AM] 📝 GET /api/display/room/696f36019adeec8a6063cb8c
[1:37:56 AM] 📝 GET /api/display/room/696f36019adeec8a6063cb8c
[1:37:57 AM] 📝 GET /api/display/room/696f36019adeec8a6063cb8c
[1:38:23 AM] 📝 GET /api/display/room/696f36019adeec8a6063cb8c
[1:38:29 AM] 📝 GET /api/display/room/696f36019adeec8a6063cb8c
[1:38:56 AM] 📝 GET /api/display/room/696f36019adeec8a6063cb8c
[1:38:57 AM] 📝 GET /api/display/room/696f36019adeec8a6063cb8c
[1:39:23 AM] 📝 GET /api/display/room/696f36019adeec8a6063cb8c
[1:39:29 AM] 📝 GET /api/display/room/696f36019adeec8a6063cb8c
[1:39:56 AM] 📝 GET /api/display/room/696f36019adeec8a6063cb8c
[1:39:57 AM] 📝 GET /api/display/room/696f36019adeec8a6063cb8c
[1:40:23 AM] 📝 GET /api/display/room/696f36019adeec8a6063cb8c
[1:40:29 AM] 📝 GET /api/display/room/696f36019adeec8a6063cb8c
[1:40:56 AM] 📝 GET /api/display/room/696f36019adeec8a6063cb8c
[1:40:57 AM] 📝 GET /api/display/room/696f36019adeec8a6063cb8c
[1:41:23 AM] 📝 GET /api/display/room/696f36019adeec8a6063cb8c
[1:41:29 AM] 📝 GET /api/display/room/696f36019adeec8a6063cb8c
[1:41:56 AM] 📝 GET /api/display/room/696f36019adeec8a6063cb8c
[1:41:57 AM] 📝 GET /api/display/room/696f36019adeec8a6063cb8c
[1:42:23 AM] 📝 GET /api/display/room/696f36019adeec8a6063cb8c
[1:42:29 AM] 📝 GET /api/display/room/696f36019adeec8a6063cb8c
[1:42:56 AM] 📝 GET /api/display/room/696f36019adeec8a6063cb8c
[1:42:57 AM] 📝 GET /api/display/room/696f36019adeec8a6063cb8c
[1:43:23 AM] 📝 GET /api/display/room/696f36019adeec8a6063cb8c
[1:43:29 AM] 📝 GET /api/display/room/696f36019adeec8a6063cb8c
[1:43:56 AM] 📝 GET /api/display/room/696f36019adeec8a6063cb8c
[1:43:57 AM] 📝 GET /api/display/room/696f36019adeec8a6063cb8c
[1:44:23 AM] 📝 GET /api/display/room/696f36019adeec8a6063cb8c
[1:44:29 AM] 📝 GET /api/display/room/696f36019adeec8a6063cb8c
[1:44:56 AM] 📝 GET /api/display/room/696f36019adeec8a6063cb8c
[1:44:57 AM] 📝 GET /api/display/room/696f36019adeec8a6063cb8c
[1:45:23 AM] 📝 GET /api/display/room/696f36019adeec8a6063cb8c
[1:45:29 AM] 📝 GET /api/display/room/696f36019adeec8a6063cb8c
[1:45:56 AM] 📝 GET /api/display/room/696f36019adeec8a6063cb8c
[1:45:57 AM] 📝 GET /api/display/room/696f36019adeec8a6063cb8c
[1:46:23 AM] 📝 GET /api/display/room/696f36019adeec8a6063cb8c
[1:46:29 AM] 📝 GET /api/display/room/696f36019adeec8a6063cb8c
[1:46:56 AM] 📝 GET /api/display/room/696f36019adeec8a6063cb8c
[1:46:57 AM] 📝 GET /api/display/room/696f36019adeec8a6063cb8c
[1:47:23 AM] 📝 GET /api/display/room/696f36019adeec8a6063cb8c
[1:47:29 AM] 📝 GET /api/display/room/696f36019adeec8a6063cb8c
[1:47:56 AM] 📝 GET /api/display/room/696f36019adeec8a6063cb8c
[1:47:57 AM] 📝 GET /api/display/room/696f36019adeec8a6063cb8c
[1:48:23 AM] 📝 GET /api/display/room/696f36019adeec8a6063cb8c
[1:48:29 AM] 📝 GET /api/display/room/696f36019adeec8a6063cb8c
[1:48:56 AM] 📝 GET /api/display/room/696f36019adeec8a6063cb8c
[1:48:57 AM] 📝 GET /api/display/room/696f36019adeec8a6063cb8c
[1:49:23 AM] 📝 GET /api/display/room/696f36019adeec8a6063cb8c
[1:49:29 AM] 📝 GET /api/display/room/696f36019adeec8a6063cb8c
[1:49:56 AM] 📝 GET /api/display/room/696f36019adeec8a6063cb8c
[1:49:57 AM] 📝 GET /api/display/room/696f36019adeec8a6063cb8c
[1:50:23 AM] 📝 GET /api/display/room/696f36019adeec8a6063cb8c
[1:50:29 AM] 📝 GET /api/display/room/696f36019adeec8a6063cb8c
[2:00:48 AM] 📝 GET /api/display/room/696f36019adeec8a6063cb8c
[2:00:51 AM] 📝 GET /api/display/room/696f36019adeec8a6063cb8c
[2:01:25 AM] 📝 GET /api/display/room/696f36019adeec8a6063cb8c
[2:01:37 AM] 📝 GET /api/display/room/696f36019adeec8a6063cb8c
[2:01:48 AM] 📝 GET /api/display/room/696f36019adeec8a6063cb8c
[2:01:51 AM] 📝 GET /api/display/room/696f36019adeec8a6063cb8c
[2:02:24 AM] 📝 GET /api/display/room/696f36019adeec8a6063cb8c
[2:02:37 AM] 📝 GET /api/display/room/696f36019adeec8a6063cb8c
[2:02:48 AM] 📝 GET /api/display/room/696f36019adeec8a6063cb8c
[2:02:51 AM] 📝 GET /api/display/room/696f36019adeec8a6063cb8c
[2:03:24 AM] 📝 GET /api/display/room/696f36019adeec8a6063cb8c
[2:03:37 AM] 📝 GET /api/display/room/696f36019adeec8a6063cb8c
[2:03:48 AM] 📝 GET /api/display/room/696f36019adeec8a6063cb8c
[2:03:51 AM] 📝 GET /api/display/room/696f36019adeec8a6063cb8c
[2:04:24 AM] 📝 GET /api/display/room/696f36019adeec8a6063cb8c
[2:04:37 AM] 📝 GET /api/display/room/696f36019adeec8a6063cb8c
[2:04:48 AM] 📝 GET /api/display/room/696f36019adeec8a6063cb8c
[2:04:51 AM] 📝 GET /api/display/room/696f36019adeec8a6063cb8c
[2:05:24 AM] 📝 GET /api/display/room/696f36019adeec8a6063cb8c
[2:05:37 AM] 📝 GET /api/display/room/696f36019adeec8a6063cb8c
[2:05:48 AM] 📝 GET /api/display/room/696f36019adeec8a6063cb8c
[2:05:51 AM] 📝 GET /api/display/room/696f36019adeec8a6063cb8c
[2:06:24 AM] 📝 GET /api/display/room/696f36019adeec8a6063cb8c
[2:06:37 AM] 📝 GET /api/display/room/696f36019adeec8a6063cb8c
[2:06:48 AM] 📝 GET /api/display/room/696f36019adeec8a6063cb8c
[2:06:51 AM] 📝 GET /api/display/room/696f36019adeec8a6063cb8c
[2:07:24 AM] 📝 GET /api/display/room/696f36019adeec8a6063cb8c
[2:07:37 AM] 📝 GET /api/display/room/696f36019adeec8a6063cb8c
[2:07:48 AM] 📝 GET /api/display/room/696f36019adeec8a6063cb8c
[2:07:51 AM] 📝 GET /api/display/room/696f36019adeec8a6063cb8c
[2:08:24 AM] 📝 GET /api/display/room/696f36019adeec8a6063cb8c
[2:08:37 AM] 📝 GET /api/display/room/696f36019adeec8a6063cb8c
[2:08:48 AM] 📝 GET /api/display/room/696f36019adeec8a6063cb8c
[2:08:51 AM] 📝 GET /api/display/room/696f36019adeec8a6063cb8c
[2:09:19 AM] 📝 GET /api/rooms
[2:09:21 AM] 📝 GET /api/admin/dashboard/statistics
[2:09:24 AM] 📝 GET /api/display/room/696f36019adeec8a6063cb8c
[2:09:26 AM] 📝 POST /api/auth/exchange-code
━━━━━━━━━━━━━━━━━━━━━━━━━━━━━━━━━━
🔐 UMS Exchange Code Request
   📥 Method: POST
   📥 IP: 110.77.204.103
   📥 Origin: https://nssv.nsm.go.th
   📥 Referer: https://nssv.nsm.go.th/napp/auth/callback?code=a985a5b2055701b7d373c42af37a1b88e04a9dbb4c257c9790bd530de57eb8a2
   📥 User-Agent: Mozilla/5.0 (Windows NT 10.0; Win64; x64) AppleWebKit/537.36 (KHTML, like Gecko) Chrome/149.0.0.0 Safari/537.36
   📥 Content-Type: application/json
   📥 Body Keys: [ 'code', 'projectCode' ]
   📥 code: a985a5b2055701b7d373c42af37a1b88e04a9dbb4c257c9790bd530de57eb8a2
   📥 projectCode: MEETBOOKING
   🔄 Calling: POST https://nssv.nsm.go.th/ums/api/auth/exchange-code
   📤 UMS Status: 200
   📤 UMS Response: {
  "status": "success",
  "token": "eyJhbGciOiJIUzI1NiIsInR5cCI6IkpXVCJ9.eyJpZCI6IjY5NmUyYTljYWUxMTg0OWFmYTdhNTM5ZCIsInJvbGUiOiJzdXBlcmFkbWluIiwidXNlcm5hbWUiOiJuYWlvb2IiLCJpYXQiOjE3ODEyMzAxNjYsImV4cCI6MTc4MTMxNjU2Nn0.Ncz75odZl1vZHwlalJQCqSNXt3OEW7Z6EnefmuwQv2Y",
  "user": {
    "id": "696e2a9cae11849afa7a539d",
    "username": "naioob",
    "email": "naioob@gmail.com",
    "firstName": "ธนะรักษ์ oob",
    "lastName": "สุขสันต์",
    "role": "superadmin",
    "phone": "0931317150"
  }
}
   🎯 Role: superadmin → admin
   ✅ Login success: ธนะรักษ์ oob สุขสันต์ (admin)
━━━━━━━━━━━━━━━━━━━━━━━━━━━━━━━━━━
[2:09:27 AM] 📝 GET /api/rooms
[2:09:28 AM] 📝 GET /api/admin/dashboard/statistics
[2:09:32 AM] 📝 GET /api/display/rooms
[2:09:37 AM] 📝 GET /api/display/room/696f36019adeec8a6063cb8c
[2:09:48 AM] 📝 GET /api/display/room/696f36019adeec8a6063cb8c
[2:09:51 AM] 📝 GET /api/display/room/696f36019adeec8a6063cb8c
[2:10:02 AM] 📝 GET /api/display/media/696f36019adeec8a6063cb8c
[2:10:02 AM] 📝 GET /api/display/config/696f36019adeec8a6063cb8c
[2:10:02 AM] 📝 GET /api/display/room/696f36019adeec8a6063cb8c
[2:10:02 AM] 📝 GET /api/display/uploads/696f36019adeec8a6063cb8c_1778837164258.png
[2:10:02 AM] 📝 GET /api/display/uploads/696f36019adeec8a6063cb8c_1778837162683.png
[2:10:02 AM] 📝 GET /api/display/uploads/696f36019adeec8a6063cb8c_1778837163809.png
[2:10:02 AM] 📝 GET /api/display/uploads/696f36019adeec8a6063cb8c_1778837163242.png
[2:10:24 AM] 📝 GET /api/display/room/696f36019adeec8a6063cb8c
[2:10:37 AM] 📝 GET /api/display/room/696f36019adeec8a6063cb8c
[2:10:48 AM] 📝 GET /api/display/room/696f36019adeec8a6063cb8c
[2:10:51 AM] 📝 GET /api/display/room/696f36019adeec8a6063cb8c
[2:11:23 AM] 📝 PUT /api/display/config/696f36019adeec8a6063cb8c
[2:11:23 AM] 📝 GET /api/display/rooms
[2:11:25 AM] 📝 GET /api/display/room/696f36019adeec8a6063cb8c
[2:11:32 AM] 📝 GET /api/display/room/696f36019adeec8a6063cb8c
[2:11:37 AM] 📝 GET /api/display/room/696f36019adeec8a6063cb8c
[2:11:48 AM] 📝 GET /api/display/room/696f36019adeec8a6063cb8c
[2:11:51 AM] 📝 GET /api/display/room/696f36019adeec8a6063cb8c
[2:12:24 AM] 📝 GET /api/display/room/696f36019adeec8a6063cb8c
[2:12:37 AM] 📝 GET /api/display/room/696f36019adeec8a6063cb8c
[2:12:48 AM] 📝 GET /api/display/room/696f36019adeec8a6063cb8c
[2:12:51 AM] 📝 GET /api/display/room/696f36019adeec8a6063cb8c
[2:13:24 AM] 📝 GET /api/display/room/696f36019adeec8a6063cb8c
[2:13:37 AM] 📝 GET /api/display/room/696f36019adeec8a6063cb8c
[2:13:48 AM] 📝 GET /api/display/room/696f36019adeec8a6063cb8c
[2:13:51 AM] 📝 GET /api/display/room/696f36019adeec8a6063cb8c
[2:14:24 AM] 📝 GET /api/display/room/696f36019adeec8a6063cb8c
[2:14:37 AM] 📝 GET /api/display/room/696f36019adeec8a6063cb8c
[2:14:48 AM] 📝 GET /api/display/room/696f36019adeec8a6063cb8c
[2:14:51 AM] 📝 GET /api/display/room/696f36019adeec8a6063cb8c
[2:15:24 AM] 📝 GET /api/display/room/696f36019adeec8a6063cb8c
[2:15:37 AM] 📝 GET /api/display/room/696f36019adeec8a6063cb8c

🔌 Received SIGINT. Shutting down gracefully...
✅ HTTP Server closed
✅ MongoDB connection closed
[dotenv@17.2.3] injecting env (7) from .env -- tip: ⚙️  enable debug logging with { debug: true }
  ✓ Registered: POST /

╔═══════════════════════════════════════╗
║  🚀 Server Started Successfully!      ║
╠═══════════════════════════════════════╣
║  Port: 5000                           ║
║  Host: 0.0.0.0 (Public Access)        ║
║  Time: 6/12/2026, 2:21:38 AM     ║
║  JSON Limit: 10MB (Images Supported)  ║
╚═══════════════════════════════════════╝
  
✅ MongoDB Connected Successfully
[2:21:47 AM] 📝 GET /api/admin/dashboard/statistics
[2:21:49 AM] 📝 GET /api/display/rooms
[2:22:00 AM] 📝 GET /api/display/room/6a13fa31f9491de834877dca
[2:22:00 AM] 📝 GET /api/display/config/6a13fa31f9491de834877dca
[2:22:00 AM] 📝 GET /api/display/media/6a13fa31f9491de834877dca
[2:22:01 AM] 📝 GET /api/display/room/69490a065e1a04f70b859ca9
[2:22:01 AM] 📝 GET /api/display/config/69490a065e1a04f70b859ca9
[2:22:01 AM] 📝 GET /api/display/media/69490a065e1a04f70b859ca9
[2:22:01 AM] 📝 GET /api/display/uploads/69490a065e1a04f70b859ca9_1778836722246.png
[2:22:01 AM] 📝 GET /api/display/uploads/69490a065e1a04f70b859ca9_1778836721767.png
[2:22:01 AM] 📝 GET /api/display/uploads/69490a065e1a04f70b859ca9_1778836721329.png
[2:22:01 AM] 📝 GET /api/display/uploads/69490a065e1a04f70b859ca9_1778836720904.png
[2:22:03 AM] 📝 GET /api/display/room/69490a065e1a04f70b859caa
[2:22:03 AM] 📝 GET /api/display/config/69490a065e1a04f70b859caa
[2:22:03 AM] 📝 GET /api/display/media/69490a065e1a04f70b859caa
[2:22:05 AM] 📝 GET /api/display/uploads/69490a065e1a04f70b859caa_1778836968895.png
[2:22:05 AM] 📝 GET /api/display/uploads/69490a065e1a04f70b859caa_1778836967898.png
[2:22:05 AM] 📝 GET /api/display/uploads/69490a065e1a04f70b859caa_1778836968444.png
[2:22:05 AM] 📝 GET /api/display/uploads/69490a065e1a04f70b859caa_1778836967381.png
[2:22:05 AM] 📝 GET /api/display/room/69490a065e1a04f70b859cab
[2:22:05 AM] 📝 GET /api/display/media/69490a065e1a04f70b859cab
[2:22:05 AM] 📝 GET /api/display/config/69490a065e1a04f70b859cab
[2:22:05 AM] 📝 GET /api/display/uploads/69490a065e1a04f70b859cab_1778837067368.png
[2:22:05 AM] 📝 GET /api/display/uploads/69490a065e1a04f70b859cab_1778837066057.png
[2:22:05 AM] 📝 GET /api/display/uploads/69490a065e1a04f70b859cab_1778837066488.png
[2:22:05 AM] 📝 GET /api/display/uploads/69490a065e1a04f70b859cab_1778837066914.png
[2:22:07 AM] 📝 GET /api/display/config/69490a065e1a04f70b859caa
[2:22:07 AM] 📝 GET /api/display/room/69490a065e1a04f70b859caa
[2:22:07 AM] 📝 GET /api/display/media/69490a065e1a04f70b859caa
[2:22:08 AM] 📝 GET /api/display/room/69490a065e1a04f70b859cab
[2:22:08 AM] 📝 GET /api/display/config/69490a065e1a04f70b859cab
[2:22:08 AM] 📝 GET /api/display/media/69490a065e1a04f70b859cab
[2:22:10 AM] 📝 GET /api/display/room/69609bbbaa301e5a9d0e57c0
[2:22:10 AM] 📝 GET /api/display/config/69609bbbaa301e5a9d0e57c0
[2:22:10 AM] 📝 GET /api/display/media/69609bbbaa301e5a9d0e57c0
[2:22:10 AM] 📝 GET /api/display/uploads/69609bbbaa301e5a9d0e57c0_1779014504831.jpg
[2:22:12 AM] 📝 GET /api/display/media/696f36019adeec8a6063cb8c
[2:22:12 AM] 📝 GET /api/display/room/696f36019adeec8a6063cb8c
[2:22:12 AM] 📝 GET /api/display/config/696f36019adeec8a6063cb8c
[2:22:21 AM] 📝 GET /api/display/today-schedule
[2:23:21 AM] 📝 GET /api/display/today-schedule
[2:24:02 AM] 📝 GET /api/display/today-schedule
[2:24:31 AM] 📝 GET /api/rooms
[2:24:37 AM] 📝 GET /api/admin/dashboard/statistics
[2:24:38 AM] 📝 GET /api/display/rooms
[2:24:43 AM] 📝 GET /api/display/room/69609bbbaa301e5a9d0e57c0
[2:24:43 AM] 📝 GET /api/display/config/69609bbbaa301e5a9d0e57c0
[2:24:43 AM] 📝 GET /api/display/media/69609bbbaa301e5a9d0e57c0
[2:24:46 AM] 📝 GET /api/display/media/6a13fa31f9491de834877dca
[2:24:46 AM] 📝 GET /api/display/room/6a13fa31f9491de834877dca
[2:24:46 AM] 📝 GET /api/display/config/6a13fa31f9491de834877dca
[2:24:48 AM] 📝 GET /api/display/config/69490a065e1a04f70b859ca9
[2:24:48 AM] 📝 GET /api/display/media/69490a065e1a04f70b859ca9
[2:24:48 AM] 📝 GET /api/display/room/69490a065e1a04f70b859ca9
[2:24:48 AM] 📝 GET /api/display/room/69490a065e1a04f70b859caa
[2:24:48 AM] 📝 GET /api/display/media/69490a065e1a04f70b859caa
[2:24:48 AM] 📝 GET /api/display/config/69490a065e1a04f70b859caa
[2:24:49 AM] 📝 GET /api/display/room/69490a065e1a04f70b859cab
[2:24:49 AM] 📝 GET /api/display/config/69490a065e1a04f70b859cab
[2:24:49 AM] 📝 GET /api/display/media/69490a065e1a04f70b859cab
[2:24:50 AM] 📝 GET /api/display/room/69609bbbaa301e5a9d0e57c0
[2:24:50 AM] 📝 GET /api/display/media/69609bbbaa301e5a9d0e57c0
[2:24:50 AM] 📝 GET /api/display/config/69609bbbaa301e5a9d0e57c0
[2:24:51 AM] 📝 GET /api/display/room/696f36019adeec8a6063cb8c
[2:24:51 AM] 📝 GET /api/display/media/696f36019adeec8a6063cb8c
[2:24:51 AM] 📝 GET /api/display/config/696f36019adeec8a6063cb8c
[2:24:56 AM] 📝 GET /api/admin/dashboard/statistics
[2:24:59 AM] 📝 GET /api/display/rooms
[2:25:46 AM] 📝 GET /api/display/room/696f36019adeec8a6063cb8c
[2:25:49 AM] 📝 GET /api/display/room/696f36019adeec8a6063cb8c
[2:26:13 AM] 📝 GET /api/display/today-schedule
[2:26:13 AM] 📝 GET /api/display/today-schedule
[2:26:22 AM] 📝 GET /api/display/room/696f36019adeec8a6063cb8c
[2:26:35 AM] 📝 GET /api/display/today-schedule
[2:26:46 AM] 📝 GET /api/display/room/696f36019adeec8a6063cb8c
[2:26:49 AM] 📝 GET /api/display/room/696f36019adeec8a6063cb8c
[2:26:50 AM] 📝 GET /api/display/room/696f36019adeec8a6063cb8c
[2:27:22 AM] 📝 GET /api/display/room/696f36019adeec8a6063cb8c
[2:27:36 AM] 📝 GET /api/display/today-schedule
[2:27:46 AM] 📝 GET /api/display/room/696f36019adeec8a6063cb8c
[2:27:49 AM] 📝 GET /api/display/room/696f36019adeec8a6063cb8c
[2:27:50 AM] 📝 GET /api/display/room/696f36019adeec8a6063cb8c
[2:28:04 AM] 📝 GET /api/display/today-schedule
[2:28:22 AM] 📝 GET /api/display/room/696f36019adeec8a6063cb8c
[2:28:46 AM] 📝 GET /api/display/room/696f36019adeec8a6063cb8c
[2:28:49 AM] 📝 GET /api/display/room/696f36019adeec8a6063cb8c
[2:28:50 AM] 📝 GET /api/display/room/696f36019adeec8a6063cb8c
[2:29:22 AM] 📝 GET /api/display/room/696f36019adeec8a6063cb8c
[2:29:46 AM] 📝 GET /api/display/room/696f36019adeec8a6063cb8c
[2:29:49 AM] 📝 GET /api/display/room/696f36019adeec8a6063cb8c
[2:29:50 AM] 📝 GET /api/display/room/696f36019adeec8a6063cb8c
[2:30:16 AM] 📝 GET /api/display/today-schedule
[2:30:22 AM] 📝 GET /api/display/room/696f36019adeec8a6063cb8c
[2:30:46 AM] 📝 GET /api/display/room/696f36019adeec8a6063cb8c
[2:30:49 AM] 📝 GET /api/display/room/696f36019adeec8a6063cb8c
[2:30:50 AM] 📝 GET /api/display/room/696f36019adeec8a6063cb8c
[2:31:22 AM] 📝 GET /api/display/room/696f36019adeec8a6063cb8c
[2:31:46 AM] 📝 GET /api/display/room/696f36019adeec8a6063cb8c
[2:31:49 AM] 📝 GET /api/display/room/696f36019adeec8a6063cb8c
[2:31:50 AM] 📝 GET /api/display/room/696f36019adeec8a6063cb8c
[2:32:22 AM] 📝 GET /api/display/room/696f36019adeec8a6063cb8c
[2:32:46 AM] 📝 GET /api/display/room/696f36019adeec8a6063cb8c
[2:32:49 AM] 📝 GET /api/display/room/696f36019adeec8a6063cb8c
[2:32:50 AM] 📝 GET /api/display/room/696f36019adeec8a6063cb8c
[2:33:22 AM] 📝 GET /api/display/room/696f36019adeec8a6063cb8c
[2:33:46 AM] 📝 GET /api/display/room/696f36019adeec8a6063cb8c
[2:33:49 AM] 📝 GET /api/display/room/696f36019adeec8a6063cb8c
[2:33:50 AM] 📝 GET /api/display/room/696f36019adeec8a6063cb8c
[2:34:22 AM] 📝 GET /api/display/room/696f36019adeec8a6063cb8c
[2:34:46 AM] 📝 GET /api/display/room/696f36019adeec8a6063cb8c
[2:34:49 AM] 📝 GET /api/display/room/696f36019adeec8a6063cb8c
[2:34:50 AM] 📝 GET /api/display/room/696f36019adeec8a6063cb8c
[2:35:06 AM] 📝 GET /api/display/today-schedule
[2:35:22 AM] 📝 GET /api/display/room/696f36019adeec8a6063cb8c
[2:35:46 AM] 📝 GET /api/display/room/696f36019adeec8a6063cb8c
[2:35:49 AM] 📝 GET /api/display/room/696f36019adeec8a6063cb8c
[2:35:50 AM] 📝 GET /api/display/room/696f36019adeec8a6063cb8c
[2:36:22 AM] 📝 GET /api/display/room/696f36019adeec8a6063cb8c
[2:36:46 AM] 📝 GET /api/display/room/696f36019adeec8a6063cb8c
[2:36:49 AM] 📝 GET /api/display/room/696f36019adeec8a6063cb8c
[2:36:50 AM] 📝 GET /api/display/room/696f36019adeec8a6063cb8c
[2:37:22 AM] 📝 GET /api/display/room/696f36019adeec8a6063cb8c
[2:37:45 AM] 📝 GET /api/display/today-schedule
[2:37:46 AM] 📝 GET /api/display/room/696f36019adeec8a6063cb8c
[2:37:49 AM] 📝 GET /api/display/room/696f36019adeec8a6063cb8c
[2:37:50 AM] 📝 GET /api/display/room/696f36019adeec8a6063cb8c
[2:37:57 AM] 📝 GET /api/display/today-schedule
[2:38:14 AM] 📝 GET /api/admin/dashboard/statistics
[2:38:19 AM] 📝 GET /api/display/rooms
[2:38:22 AM] 📝 GET /api/display/today-schedule
[2:38:22 AM] 📝 GET /api/display/room/696f36019adeec8a6063cb8c
[2:38:46 AM] 📝 GET /api/display/room/696f36019adeec8a6063cb8c
[2:38:49 AM] 📝 GET /api/display/room/696f36019adeec8a6063cb8c
[2:38:50 AM] 📝 GET /api/display/room/696f36019adeec8a6063cb8c
[2:39:14 AM] 📝 GET /api/auth/me
[2:39:17 AM] 📝 POST /api/auth/login
[2:39:17 AM] 📝 GET /api/rooms
[2:39:22 AM] 📝 GET /api/display/today-schedule
[2:39:22 AM] 📝 GET /api/display/room/696f36019adeec8a6063cb8c
[2:39:46 AM] 📝 GET /api/display/room/696f36019adeec8a6063cb8c
[2:39:49 AM] 📝 GET /api/display/room/696f36019adeec8a6063cb8c
[2:39:50 AM] 📝 GET /api/display/room/696f36019adeec8a6063cb8c
[2:40:02 AM] 📝 GET /api/display/today-schedule
[2:40:22 AM] 📝 GET /api/display/today-schedule
[2:40:22 AM] 📝 GET /api/display/room/696f36019adeec8a6063cb8c
[2:40:50 AM] 📝 GET /api/display/room/696f36019adeec8a6063cb8c
[2:41:22 AM] 📝 GET /api/display/today-schedule
[2:42:20 AM] 📝 GET /api/display/today-schedule
[2:43:21 AM] 📝 GET /api/display/today-schedule
[2:44:21 AM] 📝 GET /api/display/today-schedule
[2:45:21 AM] 📝 GET /api/display/today-schedule
[2:46:20 AM] 📝 GET /api/display/today-schedule
[2:47:21 AM] 📝 GET /api/display/today-schedule
[2:48:21 AM] 📝 GET /api/display/today-schedule
[2:49:38 AM] 📝 GET /api/display/today-schedule
[2:50:38 AM] 📝 GET /api/display/today-schedule
[2:50:44 AM] 📝 GET /api/display/room/696f36019adeec8a6063cb8c
[2:50:47 AM] 📝 GET /api/display/room/696f36019adeec8a6063cb8c
[2:51:21 AM] 📝 GET /api/display/room/696f36019adeec8a6063cb8c
[2:51:22 AM] 📝 GET /api/display/today-schedule
[2:51:44 AM] 📝 GET /api/display/room/696f36019adeec8a6063cb8c
[2:51:47 AM] 📝 GET /api/display/room/696f36019adeec8a6063cb8c
[2:52:03 AM] 📝 GET /api/display/room/696f36019adeec8a6063cb8c
[2:52:21 AM] 📝 GET /api/display/today-schedule
[2:52:21 AM] 📝 GET /api/display/room/696f36019adeec8a6063cb8c
[2:52:44 AM] 📝 GET /api/display/room/696f36019adeec8a6063cb8c
[2:52:47 AM] 📝 GET /api/display/room/696f36019adeec8a6063cb8c
[2:53:03 AM] 📝 GET /api/display/room/696f36019adeec8a6063cb8c
[2:53:21 AM] 📝 GET /api/display/room/696f36019adeec8a6063cb8c
[2:53:28 AM] 📝 GET /api/display/today-schedule
[2:53:44 AM] 📝 GET /api/display/room/696f36019adeec8a6063cb8c
[2:53:47 AM] 📝 GET /api/display/room/696f36019adeec8a6063cb8c
[2:54:03 AM] 📝 GET /api/display/room/696f36019adeec8a6063cb8c
[2:54:08 AM] 📝 GET /api/display/today-schedule
[2:54:09 AM] 📝 GET /api/display/today-schedule
[2:54:21 AM] 📝 GET /api/display/room/696f36019adeec8a6063cb8c
[2:54:28 AM] 📝 GET /api/display/today-schedule
[2:54:44 AM] 📝 GET /api/display/room/696f36019adeec8a6063cb8c
[2:54:47 AM] 📝 GET /api/display/room/696f36019adeec8a6063cb8c
[2:55:03 AM] 📝 GET /api/display/room/696f36019adeec8a6063cb8c
[2:55:21 AM] 📝 GET /api/display/room/696f36019adeec8a6063cb8c
[2:55:28 AM] 📝 GET /api/display/today-schedule
[2:55:46 AM] 📝 GET /api/display/room/696f36019adeec8a6063cb8c
[2:55:47 AM] 📝 GET /api/display/room/696f36019adeec8a6063cb8c
